CustomerID,Tenure,Contract,PaymentMethod,MonthlyCharges,TotalCharges,InternetService,TechSupport,Churn
7590-C0001,53,Two year,Bank transfer,111.48,5690.34,DSL,No,No
7590-C0002,11,Month-to-month,Electronic check,67.29,767.39,DSL,No,Yes
7590-C0003,71,One year,Electronic check,44.86,,Fiber optic,No,No
7590-C0004,37,Two year,Electronic check,98.01,3518.0,Fiber optic,No,No
7590-C0005,10,Two year,Mailed check,70.2,670.74,No,No,No
7590-C0006,55,Month-to-month,Bank transfer,115.38,6633.44,DSL,Yes,Yes
7590-C0007,54,One year,Electronic check,49.68,2671.06,Fiber optic,No,No
7590-C0008,66,Month-to-month,Electronic check,94.84,6508.56,DSL,No,Yes
7590-C0009,13,Month-to-month,Electronic check,62.68,811.57,Fiber optic,Yes,Yes
7590-C0010,55,One year,Credit card,72.2,3896.42,DSL,Yes,No
7590-C0011,51,One year,Credit card,68.18,3361.49,DSL,No,No
7590-C0012,22,Month-to-month,Electronic check,43.48,1003.74,DSL,Yes,No
7590-C0013,31,One year,Mailed check,93.27,2900.11,DSL,No,No
7590-C0014,19,Two year,Credit card,33.81,649.79,Fiber optic,Yes,Yes
7590-C0015,29,Two year,Credit card,107.22,3115.7,DSL,No,No
7590-C0016,12,Month-to-month,Bank transfer,75.33,877.74,DSL,No,Yes
7590-C0017,25,Two year,Mailed check,35.19,870.08,No,No,No
7590-C0018,38,Month-to-month,Credit card,116.55,4217.74,No,Yes,No
7590-C0019,2,Month-to-month,Credit card,93.72,183.7,DSL,No,Yes
7590-C0020,62,Month-to-month,Mailed check,66.12,4028.71,No,No,Yes
7590-C0021,41,Month-to-month,Credit card,69.44,2897.44,DSL,Yes,No
7590-C0022,61,Month-to-month,Credit card,35.28,2072.01,No,Yes,No
7590-C0023,22,Month-to-month,Electronic check,82.87,1884.0,No,Yes,No
7590-C0024,48,Month-to-month,Electronic check,109.23,5163.67,DSL,No,Yes
7590-C0025,48,Month-to-month,Mailed check,31.77,1465.24,No,Yes,Yes
7590-C0026,69,Month-to-month,Mailed check,110.31,7364.99,DSL,No,No
7590-C0027,31,Month-to-month,Mailed check,28.62,902.79,Fiber optic,Yes,Yes
7590-C0028,35,Month-to-month,Electronic check,50.88,1843.65,DSL,No,Yes
7590-C0029,10,Month-to-month,Credit card,99.51,1012.13,No,No,No
7590-C0030,12,Month-to-month,Bank transfer,57.71,692.95,Fiber optic,Yes,No
7590-C0031,17,One year,Bank transfer,81.04,1381.31,Fiber optic,Yes,No
7590-C0032,69,One year,Electronic check,31.49,2240.42,No,Yes,No
7590-C0033,51,Month-to-month,Credit card,49.19,2396.3,DSL,Yes,Yes
7590-C0034,12,Month-to-month,Mailed check,23.52,284.37,No,No,Yes
7590-C0035,44,Two year,Mailed check,71.31,2996.39,Fiber optic,Yes,No
7590-C0036,25,One year,Mailed check,116.99,2874.75,Fiber optic,No,No
7590-C0037,4,Month-to-month,Credit card,63.0,261.5,No,Yes,Yes
7590-C0038,13,Month-to-month,Mailed check,85.29,1108.52,No,No,Yes
7590-C0039,72,Month-to-month,Electronic check,38.21,2647.43,Fiber optic,No,No
7590-C0040,4,Month-to-month,Bank transfer,104.77,421.82,DSL,No,No
7590-C0041,9,One year,Bank transfer,97.55,895.51,Fiber optic,Yes,No
7590-C0042,64,Two year,Bank transfer,58.06,3764.94,Fiber optic,Yes,No
7590-C0043,49,One year,Electronic check,113.96,5754.54,Fiber optic,Yes,No
7590-C0044,60,One year,Credit card,46.77,2931.78,No,Yes,No
7590-C0045,52,Month-to-month,Electronic check,55.85,2970.02,DSL,No,Yes
7590-C0046,29,Month-to-month,Credit card,62.03,1801.6,Fiber optic,Yes,Yes
7590-C0047,48,One year,Electronic check,93.91,4458.48,DSL,Yes,No
7590-C0048,64,One year,Electronic check,88.0,5490.49,Fiber optic,Yes,No
7590-C0049,45,Two year,Electronic check,23.27,1065.26,No,Yes,No
7590-C0050,59,Two year,Credit card,50.34,2978.32,Fiber optic,Yes,No
7590-C0051,23,Two year,Bank transfer,57.23,1264.44,DSL,Yes,No
7590-C0052,8,One year,Bank transfer,37.58,297.35,Fiber optic,No,No
7590-C0053,34,Month-to-month,Credit card,70.62,2395.01,No,No,Yes
7590-C0054,19,One year,Credit card,88.07,1636.96,DSL,Yes,No
7590-C0055,21,One year,Bank transfer,74.81,1605.28,No,Yes,No
7590-C0056,69,One year,Credit card,59.04,4181.3,DSL,Yes,No
7590-C0057,30,Month-to-month,Mailed check,85.89,2601.62,DSL,No,Yes
7590-C0058,18,Month-to-month,Electronic check,59.43,1100.35,No,Yes,No
7590-C0059,66,Month-to-month,Credit card,65.5,4511.76,DSL,No,No
7590-C0060,70,Two year,Mailed check,117.85,8020.7,Fiber optic,Yes,No
7590-C0061,61,Month-to-month,Credit card,63.54,3738.26,Fiber optic,Yes,No
7590-C0062,25,One year,Credit card,68.47,1742.36,DSL,Yes,No
7590-C0063,59,One year,Mailed check,114.35,6513.14,No,No,No
7590-C0064,58,Two year,Mailed check,65.54,3739.66,Fiber optic,Yes,No
7590-C0065,25,Two year,Bank transfer,90.07,2267.81,DSL,No,No
7590-C0066,12,Month-to-month,Bank transfer,28.21,322.41,DSL,No,Yes
7590-C0067,30,Month-to-month,Mailed check,81.5,2562.5,No,Yes,Yes
7590-C0068,60,Month-to-month,Bank transfer,103.29,6197.83,DSL,No,Yes
7590-C0069,24,Month-to-month,Mailed check,85.7,1991.85,Fiber optic,Yes,No
7590-C0070,39,One year,Credit card,21.55,801.36,No,No,No
7590-C0071,12,Month-to-month,Mailed check,67.79,842.85,Fiber optic,No,No
7590-C0072,46,Month-to-month,Credit card,95.29,4396.69,No,Yes,No
7590-C0073,58,One year,Bank transfer,103.14,6062.04,DSL,Yes,No
7590-C0074,57,Two year,Mailed check,74.65,4408.02,DSL,No,No
7590-C0075,56,Two year,Credit card,61.44,3310.1,DSL,Yes,No
7590-C0076,21,One year,Electronic check,54.59,1103.17,Fiber optic,No,No
7590-C0077,20,Two year,Mailed check,68.48,1359.66,No,Yes,Yes
7590-C0078,21,Month-to-month,Electronic check,83.03,1830.39,No,No,Yes
7590-C0079,66,Month-to-month,Mailed check,59.65,4114.38,Fiber optic,Yes,No
7590-C0080,55,Month-to-month,Credit card,61.59,3279.91,DSL,Yes,No
7590-C0081,48,Month-to-month,Electronic check,38.26,1754.22,Fiber optic,No,No
7590-C0082,18,Month-to-month,Mailed check,60.99,1079.35,DSL,No,Yes
7590-C0083,61,One year,Credit card,25.25,1517.51,Fiber optic,Yes,No
7590-C0084,59,One year,Credit card,66.96,4044.76,No,No,No
7590-C0085,37,One year,Electronic check,92.98,3496.07,Fiber optic,No,No
7590-C0086,53,One year,Credit card,111.85,5769.99,DSL,Yes,No
7590-C0087,46,One year,Mailed check,116.71,5118.38,No,Yes,No
7590-C0088,42,Two year,Bank transfer,104.81,4307.41,No,Yes,No
7590-C0089,67,Two year,Electronic check,115.1,7902.38,No,No,No
7590-C0090,34,One year,Electronic check,71.88,2336.56,No,Yes,Yes
7590-C0091,9,Month-to-month,Credit card,56.42,524.66,No,Yes,No
7590-C0092,64,Month-to-month,Bank transfer,59.36,3828.05,Fiber optic,Yes,No
7590-C0093,16,Month-to-month,Credit card,61.95,950.0,DSL,No,Yes
7590-C0094,21,Month-to-month,Mailed check,77.88,1698.08,No,No,No
7590-C0095,39,Month-to-month,Bank transfer,104.29,4060.0,Fiber optic,No,Yes
7590-C0096,66,Two year,Electronic check,25.49,1648.19,No,Yes,No
7590-C0097,31,One year,Mailed check,96.33,2909.44,No,No,No
7590-C0098,6,Two year,Mailed check,27.35,166.56,Fiber optic,No,No
7590-C0099,1,Two year,Bank transfer,60.36,61.27,Fiber optic,Yes,Yes
7590-C0100,10,Month-to-month,Mailed check,59.37,579.52,DSL,No,No
7590-C0101,6,Month-to-month,Credit card,24.5,143.6,No,Yes,Yes
7590-C0102,38,Month-to-month,Credit card,108.68,4116.05,No,No,Yes
7590-C0103,19,Month-to-month,Electronic check,58.85,1125.52,Fiber optic,Yes,Yes
7590-C0104,43,Two year,Mailed check,33.41,1427.56,DSL,Yes,No
7590-C0105,1,Month-to-month,Bank transfer,100.51,100.56,Fiber optic,Yes,Yes
7590-C0106,19,Month-to-month,Bank transfer,95.16,1739.51,Fiber optic,Yes,No
7590-C0107,44,One year,Bank transfer,52.03,2190.59,Fiber optic,Yes,No
7590-C0108,13,Two year,Bank transfer,85.91,1084.1,DSL,No,No
7590-C0109,56,Month-to-month,Credit card,47.32,2698.03,No,Yes,Yes
7590-C0110,67,Two year,Mailed check,22.91,1567.72,DSL,No,No
7590-C0111,34,Month-to-month,Credit card,39.48,1296.52,DSL,No,Yes
7590-C0112,58,Two year,Credit card,35.92,2003.58,No,Yes,No
7590-C0113,61,Month-to-month,Mailed check,86.12,5238.56,No,Yes,Yes
7590-C0114,69,Month-to-month,Mailed check,71.21,5009.9,Fiber optic,No,Yes
7590-C0115,14,Two year,Mailed check,102.76,1459.57,No,No,No
7590-C0116,66,One year,Mailed check,44.25,2940.07,No,No,No
7590-C0117,71,Month-to-month,Bank transfer,94.0,6745.7,DSL,Yes,No
7590-C0118,8,Two year,Credit card,55.95,451.36,DSL,Yes,No
7590-C0119,60,One year,Credit card,102.32,5912.47,DSL,Yes,No
7590-C0120,36,Month-to-month,Mailed check,42.26,1590.38,DSL,Yes,No
7590-C0121,40,One year,Bank transfer,51.63,2003.11,No,Yes,No
7590-C0122,42,Month-to-month,Bank transfer,63.03,2548.18,Fiber optic,Yes,No
7590-C0123,52,One year,Electronic check,117.51,6067.35,No,Yes,No
7590-C0124,8,Month-to-month,Mailed check,50.54,401.3,Fiber optic,Yes,No
7590-C0125,71,Month-to-month,Bank transfer,91.42,6328.77,Fiber optic,Yes,No
7590-C0126,46,Two year,Mailed check,90.13,4308.87,DSL,Yes,No
7590-C0127,51,Month-to-month,Bank transfer,87.32,4487.51,DSL,No,Yes
7590-C0128,68,Month-to-month,Electronic check,21.65,1518.23,Fiber optic,No,Yes
7590-C0129,25,Two year,Electronic check,82.01,1974.34,No,Yes,No
7590-C0130,27,Month-to-month,Credit card,101.92,2867.66,Fiber optic,No,No
7590-C0131,47,One year,Electronic check,26.18,1233.74,Fiber optic,Yes,No
7590-C0132,53,One year,Bank transfer,36.58,1997.26,DSL,Yes,No
7590-C0133,68,Month-to-month,Credit card,58.83,4146.69,Fiber optic,No,No
7590-C0134,1,Month-to-month,Electronic check,97.33,94.54,Fiber optic,Yes,No
7590-C0135,53,Month-to-month,Credit card,116.48,6094.05,Fiber optic,No,Yes
7590-C0136,9,Month-to-month,Electronic check,23.86,208.65,Fiber optic,No,Yes
7590-C0137,44,Month-to-month,Electronic check,71.27,3256.37,DSL,No,Yes
7590-C0138,66,Month-to-month,Electronic check,105.14,6859.72,DSL,Yes,No
7590-C0139,1,One year,Electronic check,56.36,58.77,Fiber optic,No,No
7590-C0140,50,Two year,Credit card,90.16,4475.53,Fiber optic,No,No
7590-C0141,67,Two year,Credit card,72.0,4753.86,DSL,Yes,No
7590-C0142,64,Month-to-month,Mailed check,35.3,2340.58,DSL,No,No
7590-C0143,21,Month-to-month,Credit card,58.62,1203.48,No,Yes,Yes
7590-C0144,72,One year,Credit card,30.17,2118.57,DSL,Yes,No
7590-C0145,19,Month-to-month,Mailed check,54.69,1043.41,DSL,No,Yes
7590-C0146,56,One year,Credit card,105.84,5771.17,DSL,No,No
7590-C0147,24,Month-to-month,Credit card,45.95,1079.17,No,No,Yes
7590-C0148,66,Month-to-month,Mailed check,82.28,5256.4,DSL,Yes,No
7590-C0149,64,Month-to-month,Mailed check,92.58,5685.11,No,Yes,Yes
7590-C0150,35,One year,Electronic check,101.52,3462.52,DSL,Yes,Yes
7590-C0151,53,Month-to-month,Electronic check,38.6,2016.61,No,Yes,Yes
7590-C0152,17,Month-to-month,Bank transfer,111.77,1982.81,DSL,No,Yes
7590-C0153,39,One year,Mailed check,111.11,4310.75,No,No,No
7590-C0154,55,One year,Electronic check,78.82,4479.84,No,No,No
7590-C0155,8,Month-to-month,Electronic check,49.44,381.32,Fiber optic,Yes,No
7590-C0156,13,One year,Mailed check,26.52,332.34,DSL,Yes,No
7590-C0157,59,Month-to-month,Credit card,48.33,2901.57,Fiber optic,Yes,Yes
7590-C0158,30,Two year,Electronic check,34.04,987.83,DSL,Yes,No
7590-C0159,57,Month-to-month,Electronic check,49.48,2785.16,No,No,Yes
7590-C0160,69,Month-to-month,Credit card,85.69,6027.12,No,No,Yes
7590-C0161,60,Month-to-month,Credit card,87.5,5436.19,Fiber optic,Yes,Yes
7590-C0162,48,Two year,Electronic check,93.98,4389.11,Fiber optic,Yes,No
7590-C0163,32,Two year,Bank transfer,89.45,2880.98,No,No,No
7590-C0164,1,Month-to-month,Electronic check,109.53,110.61,Fiber optic,No,Yes
7590-C0165,2,Month-to-month,Mailed check,33.33,64.46,Fiber optic,Yes,No
7590-C0166,8,Month-to-month,Credit card,31.58,264.33,DSL,No,Yes
7590-C0167,45,One year,Bank transfer,25.19,1104.87,No,Yes,No
7590-C0168,65,Month-to-month,Credit card,109.63,7106.65,Fiber optic,Yes,No
7590-C0169,31,Month-to-month,Electronic check,46.71,1442.55,No,No,No
7590-C0170,15,Two year,Credit card,42.04,648.95,No,Yes,No
7590-C0171,58,Two year,Mailed check,23.97,1453.64,DSL,Yes,No
7590-C0172,46,Month-to-month,Credit card,48.06,2188.21,Fiber optic,Yes,No
7590-C0173,24,Two year,Mailed check,38.75,922.75,No,Yes,No
7590-C0174,49,One year,Bank transfer,52.99,2678.73,DSL,No,No
7590-C0175,55,Month-to-month,Credit card,34.4,1914.87,Fiber optic,Yes,No
7590-C0176,43,Month-to-month,Electronic check,31.89,1425.72,Fiber optic,Yes,No
7590-C0177,29,Month-to-month,Mailed check,109.51,3333.05,Fiber optic,Yes,Yes
7590-C0178,48,Month-to-month,Bank transfer,105.37,5154.62,Fiber optic,Yes,No
7590-C0179,55,Month-to-month,Mailed check,100.53,5674.19,Fiber optic,No,No
7590-C0180,57,Two year,Credit card,54.56,3258.03,No,No,No
7590-C0181,12,Month-to-month,Mailed check,27.19,330.45,DSL,No,No
7590-C0182,41,Month-to-month,Credit card,73.16,2940.66,DSL,Yes,No
7590-C0183,38,Month-to-month,Credit card,46.8,1725.66,Fiber optic,Yes,No
7590-C0184,19,One year,Electronic check,67.76,1308.88,Fiber optic,No,No
7590-C0185,12,Two year,Electronic check,104.06,1197.73,DSL,No,No
7590-C0186,41,Month-to-month,Electronic check,87.77,3524.19,Fiber optic,No,Yes
7590-C0187,28,Two year,Bank transfer,83.41,2251.03,No,No,Yes
7590-C0188,66,One year,Credit card,37.27,2436.65,No,No,No
7590-C0189,12,Two year,Electronic check,80.44,939.24,Fiber optic,No,No
7590-C0190,43,One year,Credit card,99.05,4171.09,DSL,Yes,No
7590-C0191,63,One year,Bank transfer,51.75,3136.61,No,No,No
7590-C0192,64,One year,Credit card,41.09,2661.31,Fiber optic,No,No
7590-C0193,27,Month-to-month,Electronic check,98.25,2711.99,DSL,No,Yes
7590-C0194,48,Month-to-month,Bank transfer,117.37,5495.95,No,No,No
7590-C0195,66,Month-to-month,Electronic check,25.98,1709.74,No,No,Yes
7590-C0196,66,Month-to-month,Bank transfer,28.96,1958.8,No,Yes,Yes
7590-C0197,23,Month-to-month,Electronic check,32.25,750.3,No,No,Yes
7590-C0198,40,Month-to-month,Mailed check,76.52,3130.15,DSL,Yes,No
7590-C0199,29,One year,Electronic check,60.48,1678.78,DSL,No,No
7590-C0200,16,One year,Credit card,93.6,1543.2,Fiber optic,No,No
7590-C0201,6,One year,Mailed check,95.08,595.49,Fiber optic,No,No
7590-C0202,10,Month-to-month,Mailed check,43.72,436.0,DSL,Yes,Yes
7590-C0203,37,Month-to-month,Mailed check,40.1,1421.54,No,No,Yes
7590-C0204,61,Two year,Credit card,92.74,5629.33,Fiber optic,No,No
7590-C0205,67,Month-to-month,Mailed check,52.18,3380.95,DSL,No,No
7590-C0206,58,Month-to-month,Mailed check,32.51,1843.89,No,Yes,Yes
7590-C0207,70,Month-to-month,Electronic check,70.74,4910.62,Fiber optic,No,Yes
7590-C0208,47,Two year,Electronic check,26.53,1236.92,No,Yes,No
7590-C0209,42,Month-to-month,Bank transfer,111.07,4655.52,Fiber optic,Yes,Yes
7590-C0210,13,Two year,Bank transfer,99.9,1335.65,No,No,No
7590-C0211,14,Two year,Electronic check,116.42,1653.38,DSL,Yes,No
7590-C0212,2,One year,Electronic check,68.31,133.56,Fiber optic,No,No
7590-C0213,51,Month-to-month,Electronic check,108.64,5332.33,Fiber optic,No,No
7590-C0214,60,Month-to-month,Credit card,69.56,4216.59,Fiber optic,Yes,Yes
7590-C0215,45,Month-to-month,Electronic check,36.01,1690.88,DSL,No,No
7590-C0216,10,One year,Bank transfer,107.46,1041.11,DSL,No,Yes
7590-C0217,35,Month-to-month,Bank transfer,31.89,1075.93,Fiber optic,Yes,No
7590-C0218,27,Month-to-month,Electronic check,84.64,2312.06,Fiber optic,No,No
7590-C0219,41,One year,Credit card,64.35,2672.46,No,No,No
7590-C0220,10,Month-to-month,Electronic check,108.82,1065.61,Fiber optic,No,No
7590-C0221,72,One year,Bank transfer,92.9,6617.37,DSL,No,No
7590-C0222,34,One year,Bank transfer,25.73,859.11,DSL,Yes,No
7590-C0223,9,Two year,Mailed check,24.97,223.18,Fiber optic,No,No
7590-C0224,19,One year,Credit card,74.53,,No,No,No
7590-C0225,44,Month-to-month,Electronic check,115.82,4929.2,DSL,No,No
7590-C0226,63,Month-to-month,Mailed check,41.29,2553.12,No,No,Yes
7590-C0227,20,Month-to-month,Mailed check,114.13,2355.77,No,Yes,Yes
7590-C0228,11,One year,Electronic check,21.06,230.68,No,No,No
7590-C0229,60,Month-to-month,Electronic check,86.37,5082.79,DSL,No,No
7590-C0230,64,Two year,Mailed check,28.64,1796.34,Fiber optic,Yes,No
7590-C0231,70,Two year,Electronic check,90.25,6177.26,No,Yes,No
7590-C0232,5,Month-to-month,Electronic check,86.52,434.88,Fiber optic,No,Yes
7590-C0233,59,Two year,Electronic check,85.96,5210.57,DSL,No,No
7590-C0234,21,Month-to-month,Bank transfer,108.36,2242.86,No,No,No
7590-C0235,15,Month-to-month,Credit card,63.34,985.85,Fiber optic,Yes,Yes
7590-C0236,29,Two year,Mailed check,79.87,2222.98,Fiber optic,Yes,No
7590-C0237,14,Month-to-month,Bank transfer,35.48,502.27,No,Yes,Yes
7590-C0238,27,Month-to-month,Mailed check,101.48,2837.85,No,No,Yes
7590-C0239,38,Two year,Credit card,99.18,3654.88,Fiber optic,No,No
7590-C0240,20,Month-to-month,Credit card,85.29,1690.92,DSL,No,Yes
7590-C0241,15,One year,Bank transfer,30.62,445.39,Fiber optic,Yes,No
7590-C0242,64,Two year,Credit card,110.71,6755.55,Fiber optic,No,No
7590-C0243,62,Month-to-month,Credit card,24.01,1547.48,DSL,Yes,Yes
7590-C0244,42,Month-to-month,Credit card,33.24,1448.69,Fiber optic,Yes,No
7590-C0245,16,Month-to-month,Electronic check,74.67,1162.93,Fiber optic,No,Yes
7590-C0246,32,Month-to-month,Mailed check,41.73,1371.68,Fiber optic,Yes,Yes
7590-C0247,65,Month-to-month,Bank transfer,80.6,5408.89,No,Yes,No
7590-C0248,23,Month-to-month,Bank transfer,75.17,1730.63,No,No,No
7590-C0249,3,Month-to-month,Bank transfer,49.54,143.64,DSL,No,No
7590-C0250,71,One year,Mailed check,24.99,1836.59,DSL,Yes,No
7590-C0251,13,Month-to-month,Electronic check,90.84,1198.67,No,Yes,Yes
7590-C0252,51,One year,Bank transfer,111.92,5948.48,No,Yes,No
7590-C0253,6,Month-to-month,Bank transfer,86.92,496.18,Fiber optic,Yes,Yes
7590-C0254,18,Two year,Credit card,68.4,1211.74,Fiber optic,No,No
7590-C0255,46,Month-to-month,Bank transfer,20.7,942.12,Fiber optic,No,No
7590-C0256,18,Month-to-month,Credit card,46.15,869.17,No,No,Yes
7590-C0257,7,One year,Mailed check,78.89,546.49,No,Yes,Yes
7590-C0258,59,One year,Mailed check,99.03,5793.15,Fiber optic,Yes,No
7590-C0259,1,Month-to-month,Credit card,90.34,87.07,No,No,Yes
7590-C0260,17,One year,Credit card,69.16,1207.28,DSL,Yes,No
7590-C0261,22,Month-to-month,Mailed check,76.31,1715.23,DSL,No,No
7590-C0262,22,One year,Bank transfer,53.56,1172.5,No,Yes,No
7590-C0263,14,One year,Electronic check,101.25,1405.84,DSL,Yes,No
7590-C0264,39,Two year,Electronic check,49.73,1948.6,Fiber optic,Yes,Yes
7590-C0265,12,One year,Mailed check,96.86,1157.45,No,No,No
7590-C0266,39,Two year,Mailed check,62.3,2538.0,DSL,No,Yes
7590-C0267,3,One year,Credit card,68.78,202.94,DSL,No,No
7590-C0268,2,Month-to-month,Mailed check,114.76,221.29,No,Yes,Yes
7590-C0269,2,Month-to-month,Electronic check,47.47,94.98,Fiber optic,No,Yes
7590-C0270,19,Month-to-month,Credit card,61.41,1138.24,Fiber optic,Yes,No
7590-C0271,21,Month-to-month,Credit card,46.35,925.44,Fiber optic,Yes,No
7590-C0272,32,Month-to-month,Credit card,64.45,2093.82,Fiber optic,Yes,Yes
7590-C0273,35,Month-to-month,Mailed check,102.78,3731.57,Fiber optic,No,No
7590-C0274,55,Month-to-month,Electronic check,88.75,4875.11,DSL,No,No
7590-C0275,8,Month-to-month,Credit card,43.44,348.9,No,Yes,Yes
7590-C0276,58,Two year,Bank transfer,74.7,4193.05,Fiber optic,No,No
7590-C0277,3,Two year,Electronic check,68.43,207.24,Fiber optic,No,Yes
7590-C0278,53,Month-to-month,Mailed check,45.4,2370.08,DSL,No,No
7590-C0279,53,Month-to-month,Credit card,90.86,5019.71,Fiber optic,Yes,Yes
7590-C0280,21,One year,Credit card,76.29,1590.33,No,Yes,No
7590-C0281,60,Month-to-month,Mailed check,44.2,2702.75,DSL,No,No
7590-C0282,56,Two year,Bank transfer,106.43,6123.63,Fiber optic,No,No
7590-C0283,46,Two year,Mailed check,91.81,4411.62,No,Yes,No
7590-C0284,44,Two year,Electronic check,114.25,5181.86,DSL,No,No
7590-C0285,1,Month-to-month,Mailed check,109.75,115.05,No,No,No
7590-C0286,62,Two year,Bank transfer,106.71,6541.56,DSL,Yes,No
7590-C0287,13,One year,Credit card,91.82,1183.49,Fiber optic,Yes,No
7590-C0288,27,One year,Bank transfer,82.27,2155.65,DSL,No,No
7590-C0289,6,Two year,Mailed check,93.7,559.53,No,No,No
7590-C0290,56,Two year,Bank transfer,82.71,4487.09,Fiber optic,Yes,No
7590-C0291,16,One year,Credit card,100.82,1656.54,Fiber optic,Yes,No
7590-C0292,2,Month-to-month,Mailed check,77.58,157.0,No,No,Yes
7590-C0293,21,Two year,Credit card,37.59,784.81,Fiber optic,Yes,Yes
7590-C0294,58,Month-to-month,Electronic check,36.36,2017.24,No,No,No
7590-C0295,19,One year,Bank transfer,55.62,1063.6,DSL,No,No
7590-C0296,37,One year,Mailed check,60.15,2217.25,No,Yes,No
7590-C0297,21,One year,Credit card,103.28,2065.77,Fiber optic,No,No
7590-C0298,42,Two year,Mailed check,47.24,1934.35,Fiber optic,No,No
7590-C0299,36,Month-to-month,Electronic check,97.55,3621.99,Fiber optic,No,Yes
7590-C0300,41,Month-to-month,Bank transfer,117.07,4628.12,DSL,No,No
7590-C0301,60,Month-to-month,Credit card,21.62,1360.57,DSL,Yes,No
7590-C0302,28,Two year,Bank transfer,56.37,1547.09,No,No,No
7590-C0303,42,Month-to-month,Mailed check,75.47,3028.6,No,Yes,No
7590-C0304,22,Month-to-month,Electronic check,76.54,1767.12,DSL,Yes,Yes
7590-C0305,17,Two year,Credit card,110.96,1797.18,No,No,No
7590-C0306,35,Month-to-month,Mailed check,106.15,3875.19,Fiber optic,Yes,No
7590-C0307,3,Two year,Mailed check,74.55,218.68,Fiber optic,No,No
7590-C0308,31,One year,Bank transfer,116.43,3777.96,Fiber optic,Yes,No
7590-C0309,52,Two year,Electronic check,81.14,4143.49,DSL,No,No
7590-C0310,25,One year,Electronic check,76.75,1962.47,DSL,Yes,No
7590-C0311,14,Month-to-month,Credit card,22.93,337.06,Fiber optic,Yes,Yes
7590-C0312,52,Month-to-month,Electronic check,112.05,6054.53,Fiber optic,Yes,No
7590-C0313,9,One year,Credit card,31.84,299.87,Fiber optic,No,Yes
7590-C0314,50,Month-to-month,Bank transfer,32.41,1573.25,No,No,Yes
7590-C0315,44,Month-to-month,Mailed check,73.02,3171.54,Fiber optic,Yes,No
7590-C0316,71,Month-to-month,Mailed check,110.56,7656.65,Fiber optic,Yes,Yes
7590-C0317,12,One year,Bank transfer,60.43,748.43,DSL,No,Yes
7590-C0318,62,Month-to-month,Mailed check,29.36,1851.59,No,Yes,No
7590-C0319,49,Month-to-month,Electronic check,86.38,4301.25,No,No,No
7590-C0320,40,Month-to-month,Mailed check,100.48,4192.04,DSL,No,Yes
7590-C0321,36,Month-to-month,Electronic check,51.89,1774.74,DSL,No,Yes
7590-C0322,56,Two year,Electronic check,100.09,5652.42,DSL,No,No
7590-C0323,21,Two year,Electronic check,105.71,2145.58,No,No,No
7590-C0324,59,Month-to-month,Electronic check,94.3,5714.77,No,Yes,No
7590-C0325,54,Two year,Mailed check,87.31,4861.14,Fiber optic,Yes,No
7590-C0326,19,Two year,Bank transfer,68.83,1274.54,No,No,No
7590-C0327,25,Month-to-month,Bank transfer,94.46,2443.57,No,Yes,No
7590-C0328,1,One year,Credit card,30.45,29.26,DSL,Yes,No
7590-C0329,71,Month-to-month,Mailed check,25.63,1907.53,DSL,No,No
7590-C0330,39,Month-to-month,Mailed check,33.33,1267.9,No,No,No
7590-C0331,16,Two year,Electronic check,106.99,1702.8,DSL,Yes,No
7590-C0332,17,Month-to-month,Credit card,49.04,841.4,DSL,No,No
7590-C0333,18,Month-to-month,Bank transfer,80.54,1429.15,DSL,Yes,No
7590-C0334,70,Month-to-month,Electronic check,102.82,7135.33,DSL,No,No
7590-C0335,64,One year,Credit card,23.64,1585.06,No,No,No
7590-C0336,10,Two year,Bank transfer,53.9,535.27,Fiber optic,No,No
7590-C0337,3,Month-to-month,Electronic check,64.89,186.24,No,Yes,Yes
7590-C0338,41,Month-to-month,Mailed check,55.07,2163.96,No,Yes,No
7590-C0339,6,One year,Mailed check,92.16,560.57,Fiber optic,Yes,No
7590-C0340,65,One year,Electronic check,113.54,7266.13,Fiber optic,Yes,No
7590-C0341,47,Month-to-month,Bank transfer,107.26,5069.82,No,No,No
7590-C0342,64,One year,Bank transfer,34.36,2269.05,DSL,Yes,No
7590-C0343,48,One year,Credit card,97.04,4568.7,Fiber optic,Yes,No
7590-C0344,66,One year,Electronic check,38.44,2436.89,No,No,No
7590-C0345,50,Two year,Credit card,24.89,1252.56,No,Yes,No
7590-C0346,17,Two year,Bank transfer,85.22,1519.3,No,Yes,No
7590-C0347,68,Month-to-month,Mailed check,95.6,6242.03,DSL,No,Yes
7590-C0348,24,Month-to-month,Mailed check,73.2,1802.92,No,No,No
7590-C0349,19,Month-to-month,Bank transfer,26.82,492.77,DSL,Yes,Yes
7590-C0350,34,Two year,Credit card,24.27,846.78,DSL,No,No
7590-C0351,39,Month-to-month,Electronic check,87.25,3323.42,DSL,No,No
7590-C0352,17,One year,Mailed check,76.65,1367.4,DSL,Yes,No
7590-C0353,62,Month-to-month,Credit card,43.71,2599.37,No,No,Yes
7590-C0354,8,Month-to-month,Bank transfer,30.45,237.78,DSL,No,No
7590-C0355,33,Two year,Mailed check,111.81,3695.13,DSL,Yes,No
7590-C0356,41,Month-to-month,Mailed check,89.28,3527.62,Fiber optic,No,Yes
7590-C0357,15,One year,Credit card,43.24,676.77,Fiber optic,No,No
7590-C0358,43,Month-to-month,Mailed check,62.09,2562.68,No,Yes,Yes
7590-C0359,21,Month-to-month,Credit card,20.22,407.2,No,No,Yes
7590-C0360,53,Month-to-month,Credit card,102.79,5206.98,Fiber optic,No,No
7590-C0361,32,Month-to-month,Mailed check,30.14,970.27,Fiber optic,Yes,Yes
7590-C0362,69,Two year,Mailed check,106.89,7115.24,Fiber optic,Yes,No
7590-C0363,22,Month-to-month,Electronic check,114.65,2559.48,Fiber optic,No,Yes
7590-C0364,33,One year,Bank transfer,47.97,1589.58,Fiber optic,Yes,No
7590-C0365,57,Month-to-month,Electronic check,30.09,1666.6,Fiber optic,No,Yes
7590-C0366,22,One year,Credit card,39.11,822.59,No,Yes,No
7590-C0367,64,Month-to-month,Bank transfer,96.37,6053.05,Fiber optic,No,Yes
7590-C0368,56,Month-to-month,Electronic check,91.59,4900.65,Fiber optic,No,Yes
7590-C0369,11,Two year,Bank transfer,65.49,719.66,DSL,No,No
7590-C0370,48,Month-to-month,Bank transfer,93.13,4486.17,DSL,No,Yes
7590-C0371,70,Two year,Electronic check,88.12,5992.23,Fiber optic,No,No
7590-C0372,16,Month-to-month,Mailed check,117.96,1857.38,No,Yes,Yes
7590-C0373,39,Month-to-month,Electronic check,71.37,2728.34,DSL,No,No
7590-C0374,72,Month-to-month,Mailed check,63.09,4532.8,No,Yes,No
7590-C0375,9,One year,Credit card,41.56,366.98,Fiber optic,Yes,No
7590-C0376,42,One year,Bank transfer,117.38,4733.63,No,Yes,No
7590-C0377,50,Month-to-month,Electronic check,64.43,3213.64,No,Yes,No
7590-C0378,55,One year,Mailed check,97.95,5486.9,DSL,No,No
7590-C0379,23,One year,Electronic check,65.29,,DSL,Yes,No
7590-C0380,60,One year,Credit card,74.99,4708.03,DSL,Yes,No
7590-C0381,23,Month-to-month,Credit card,101.58,2323.42,Fiber optic,Yes,No
7590-C0382,53,Two year,Bank transfer,81.92,4471.46,Fiber optic,Yes,No
7590-C0383,64,Two year,Mailed check,44.95,2892.51,No,No,No
7590-C0384,36,Month-to-month,Bank transfer,55.53,1954.95,No,No,Yes
7590-C0385,13,Two year,Bank transfer,111.23,1388.45,DSL,Yes,No
7590-C0386,40,Month-to-month,Mailed check,105.67,4393.16,No,No,No
7590-C0387,10,Month-to-month,Mailed check,98.19,992.85,Fiber optic,Yes,Yes
7590-C0388,16,Two year,Electronic check,29.77,454.66,No,No,No
7590-C0389,7,Month-to-month,Bank transfer,82.26,559.88,DSL,Yes,Yes
7590-C0390,59,Two year,Bank transfer,106.81,6567.51,No,No,No
7590-C0391,20,Month-to-month,Mailed check,53.36,1101.85,No,Yes,No
7590-C0392,3,One year,Mailed check,20.68,63.52,No,No,No
7590-C0393,45,Month-to-month,Bank transfer,28.75,1260.39,DSL,Yes,No
7590-C0394,62,One year,Credit card,59.96,3569.22,DSL,Yes,No
7590-C0395,69,Month-to-month,Bank transfer,54.97,3937.77,DSL,Yes,No
7590-C0396,36,Month-to-month,Mailed check,26.37,951.98,No,Yes,Yes
7590-C0397,61,One year,Mailed check,27.29,1683.39,No,Yes,No
7590-C0398,58,Month-to-month,Electronic check,46.49,2622.97,Fiber optic,Yes,No
7590-C0399,1,Two year,Credit card,101.01,99.42,Fiber optic,No,Yes
7590-C0400,21,One year,Electronic check,32.01,690.04,DSL,No,No
7590-C0401,62,One year,Bank transfer,114.87,7364.04,DSL,Yes,No
7590-C0402,33,One year,Electronic check,112.96,3542.47,Fiber optic,Yes,No
7590-C0403,29,One year,Credit card,30.65,860.8,No,Yes,No
7590-C0404,18,Month-to-month,Credit card,63.3,1176.54,No,Yes,Yes
7590-C0405,47,One year,Bank transfer,117.69,5517.92,No,Yes,No
7590-C0406,44,Month-to-month,Electronic check,77.49,3443.54,Fiber optic,Yes,No
7590-C0407,3,One year,Mailed check,57.13,164.56,Fiber optic,No,No
7590-C0408,50,Month-to-month,Electronic check,77.53,4012.65,No,No,No
7590-C0409,8,Month-to-month,Credit card,69.01,570.71,DSL,No,Yes
7590-C0410,6,One year,Bank transfer,44.28,261.79,No,No,No
7590-C0411,36,One year,Mailed check,49.34,1822.22,Fiber optic,Yes,No
7590-C0412,47,Two year,Electronic check,113.99,5335.74,DSL,Yes,No
7590-C0413,19,Month-to-month,Bank transfer,42.86,798.45,DSL,No,No
7590-C0414,22,One year,Bank transfer,99.83,2172.54,Fiber optic,Yes,No
7590-C0415,14,One year,Electronic check,116.25,1558.12,Fiber optic,No,No
7590-C0416,34,Month-to-month,Mailed check,98.51,3195.43,No,Yes,Yes
7590-C0417,56,One year,Mailed check,39.14,2230.4,Fiber optic,No,No
7590-C0418,52,Month-to-month,Electronic check,27.52,1431.57,DSL,Yes,No
7590-C0419,64,One year,Mailed check,62.7,3948.82,DSL,No,No
7590-C0420,38,One year,Credit card,84.51,3367.39,DSL,No,No
7590-C0421,50,One year,Electronic check,58.99,3077.53,DSL,No,No
7590-C0422,54,One year,Electronic check,45.73,2480.12,No,No,No
7590-C0423,61,One year,Electronic check,108.41,6576.73,Fiber optic,Yes,No
7590-C0424,39,Month-to-month,Mailed check,28.47,1162.59,No,No,Yes
7590-C0425,20,One year,Electronic check,52.67,1056.22,No,No,No
7590-C0426,19,One year,Mailed check,106.77,2026.32,No,Yes,No
7590-C0427,66,Month-to-month,Electronic check,31.15,2106.98,No,Yes,Yes
7590-C0428,36,Two year,Credit card,76.05,2813.42,No,Yes,No
7590-C0429,28,Month-to-month,Electronic check,117.42,3310.9,Fiber optic,No,Yes
7590-C0430,19,Month-to-month,Credit card,64.09,1183.22,DSL,Yes,No
7590-C0431,29,Month-to-month,Electronic check,98.87,2747.98,No,Yes,Yes
7590-C0432,32,Two year,Mailed check,60.88,1874.62,No,Yes,Yes
7590-C0433,48,One year,Credit card,53.87,2510.23,DSL,Yes,No
7590-C0434,32,Month-to-month,Electronic check,61.17,2004.88,Fiber optic,Yes,Yes
7590-C0435,56,One year,Credit card,70.35,4086.83,No,Yes,No
7590-C0436,13,Two year,Electronic check,52.28,694.02,No,Yes,Yes
7590-C0437,66,One year,Electronic check,85.05,5841.13,DSL,Yes,No
7590-C0438,64,Two year,Bank transfer,88.79,5524.06,Fiber optic,Yes,No
7590-C0439,46,Month-to-month,Bank transfer,46.46,2184.78,No,Yes,No
7590-C0440,46,Month-to-month,Bank transfer,35.61,1652.58,Fiber optic,No,Yes
7590-C0441,44,Month-to-month,Electronic check,29.42,1278.84,Fiber optic,No,Yes
7590-C0442,31,Month-to-month,Bank transfer,20.07,644.27,Fiber optic,Yes,Yes
7590-C0443,36,Two year,Mailed check,96.32,3511.23,No,Yes,Yes
7590-C0444,25,Month-to-month,Bank transfer,72.44,1875.1,No,No,Yes
7590-C0445,48,One year,Credit card,51.66,2374.81,Fiber optic,No,No
7590-C0446,29,One year,Mailed check,101.87,2821.08,No,No,Yes
7590-C0447,39,Two year,Mailed check,103.18,4084.73,Fiber optic,No,No
7590-C0448,36,Month-to-month,Credit card,99.14,3624.25,Fiber optic,No,Yes
7590-C0449,41,One year,Bank transfer,94.48,3852.58,No,Yes,No
7590-C0450,45,One year,Electronic check,91.52,4085.94,Fiber optic,Yes,No
7590-C0451,5,Month-to-month,Electronic check,94.55,486.94,No,Yes,Yes
7590-C0452,41,Month-to-month,Credit card,62.93,2492.52,DSL,No,Yes
7590-C0453,39,Two year,Credit card,68.82,2779.84,DSL,No,Yes
7590-C0454,22,Two year,Mailed check,52.21,1178.89,DSL,Yes,No
7590-C0455,69,Month-to-month,Mailed check,75.52,5439.59,Fiber optic,No,No
7590-C0456,35,Month-to-month,Credit card,69.17,2498.44,No,Yes,Yes
7590-C0457,18,Month-to-month,Bank transfer,74.15,1283.16,DSL,Yes,No
7590-C0458,15,Month-to-month,Electronic check,114.79,1694.33,Fiber optic,Yes,No
7590-C0459,25,Month-to-month,Mailed check,99.6,2442.89,DSL,No,No
7590-C0460,61,Two year,Bank transfer,52.13,3247.29,DSL,Yes,No
7590-C0461,9,One year,Bank transfer,26.69,251.85,DSL,No,No
7590-C0462,16,Two year,Credit card,26.96,450.22,DSL,No,No
7590-C0463,71,One year,Mailed check,97.51,6595.34,DSL,Yes,No
7590-C0464,17,Month-to-month,Electronic check,44.53,788.88,DSL,No,Yes
7590-C0465,42,Month-to-month,Bank transfer,61.2,2458.74,DSL,No,No
7590-C0466,44,One year,Mailed check,50.16,2236.75,No,Yes,No
7590-C0467,23,One year,Electronic check,46.34,1050.06,Fiber optic,Yes,No
7590-C0468,36,Month-to-month,Bank transfer,60.16,2257.77,No,No,No
7590-C0469,27,Month-to-month,Electronic check,85.93,2277.56,Fiber optic,No,Yes
7590-C0470,50,Month-to-month,Mailed check,61.18,2911.51,DSL,Yes,No
7590-C0471,41,Month-to-month,Electronic check,22.79,928.52,Fiber optic,No,No
7590-C0472,41,Month-to-month,Electronic check,62.02,2644.67,No,Yes,No
7590-C0473,42,Month-to-month,Electronic check,35.88,1577.24,Fiber optic,Yes,Yes
7590-C0474,17,One year,Bank transfer,108.55,1886.05,Fiber optic,Yes,No
7590-C0475,37,One year,Bank transfer,55.27,2130.47,No,Yes,No
7590-C0476,24,Two year,Credit card,77.91,1815.39,No,No,No
7590-C0477,59,One year,Bank transfer,101.92,6048.58,Fiber optic,No,No
7590-C0478,1,Month-to-month,Bank transfer,89.59,87.3,No,No,No
7590-C0479,62,Month-to-month,Bank transfer,46.22,2933.51,DSL,Yes,No
7590-C0480,5,Two year,Bank transfer,31.49,152.11,No,No,No
7590-C0481,65,Month-to-month,Mailed check,76.34,4899.92,DSL,Yes,No
7590-C0482,1,One year,Credit card,76.36,79.21,No,No,No
7590-C0483,66,Month-to-month,Mailed check,111.18,7473.67,Fiber optic,No,Yes
7590-C0484,39,One year,Mailed check,21.62,833.51,DSL,No,No
7590-C0485,45,Month-to-month,Electronic check,106.53,4587.27,DSL,No,Yes
7590-C0486,11,Two year,Electronic check,110.4,1188.7,DSL,No,No
7590-C0487,65,One year,Bank transfer,60.04,3738.84,No,Yes,No
7590-C0488,51,Month-to-month,Mailed check,60.3,2996.83,DSL,No,No
7590-C0489,21,One year,Mailed check,65.95,1424.94,DSL,Yes,No
7590-C0490,17,Month-to-month,Bank transfer,112.54,1833.1,Fiber optic,No,Yes
7590-C0491,22,One year,Credit card,27.14,613.24,DSL,Yes,No
7590-C0492,8,Two year,Bank transfer,68.5,531.97,No,No,No
7590-C0493,56,One year,Mailed check,76.94,4093.6,DSL,Yes,No
7590-C0494,63,One year,Electronic check,99.93,6146.99,Fiber optic,No,No
7590-C0495,26,One year,Mailed check,93.14,2302.61,DSL,No,No
7590-C0496,25,Month-to-month,Electronic check,36.05,882.54,Fiber optic,Yes,Yes
7590-C0497,71,One year,Electronic check,110.66,8112.67,Fiber optic,No,No
7590-C0498,15,One year,Mailed check,72.98,1052.19,Fiber optic,Yes,No
7590-C0499,68,Month-to-month,Mailed check,55.93,3956.46,Fiber optic,No,No
7590-C0500,31,Month-to-month,Mailed check,37.82,1168.63,DSL,No,Yes
7590-C0501,44,Month-to-month,Electronic check,90.8,3910.45,Fiber optic,No,No
7590-C0502,72,Month-to-month,Bank transfer,92.28,6662.26,DSL,No,Yes
7590-C0503,22,Two year,Mailed check,23.44,514.65,No,Yes,No
7590-C0504,7,One year,Electronic check,107.12,764.3,DSL,Yes,No
7590-C0505,25,Month-to-month,Bank transfer,83.11,2072.15,Fiber optic,No,Yes
7590-C0506,21,Month-to-month,Bank transfer,110.8,2355.3,No,No,Yes
7590-C0507,46,Month-to-month,Bank transfer,104.98,4819.08,Fiber optic,No,No
7590-C0508,40,Month-to-month,Bank transfer,104.25,4127.04,Fiber optic,Yes,Yes
7590-C0509,42,One year,Bank transfer,77.44,3328.03,Fiber optic,No,No
7590-C0510,69,Two year,Credit card,81.25,5405.6,No,No,No
7590-C0511,12,Month-to-month,Credit card,39.52,452.97,No,No,No
7590-C0512,61,One year,Bank transfer,64.2,3878.14,No,No,No
7590-C0513,9,Month-to-month,Electronic check,57.11,504.71,Fiber optic,No,Yes
7590-C0514,46,One year,Electronic check,113.52,5084.15,DSL,No,No
7590-C0515,5,Month-to-month,Mailed check,85.48,417.47,DSL,Yes,Yes
7590-C0516,61,Month-to-month,Mailed check,81.99,5014.56,Fiber optic,No,Yes
7590-C0517,42,Month-to-month,Credit card,39.18,1705.91,Fiber optic,No,Yes
7590-C0518,43,Two year,Credit card,59.16,2501.83,Fiber optic,No,No
7590-C0519,54,Month-to-month,Electronic check,35.4,1980.05,Fiber optic,No,No
7590-C0520,71,One year,Electronic check,88.57,6545.34,Fiber optic,No,No
7590-C0521,41,One year,Credit card,32.16,1356.27,Fiber optic,Yes,No
7590-C0522,45,One year,Bank transfer,25.37,1180.85,Fiber optic,No,No
7590-C0523,32,Two year,Credit card,55.03,1782.85,DSL,Yes,No
7590-C0524,8,Month-to-month,Mailed check,38.93,301.48,No,No,Yes
7590-C0525,36,Two year,Credit card,101.28,3715.84,No,Yes,Yes
7590-C0526,9,Month-to-month,Electronic check,28.24,245.75,Fiber optic,No,Yes
7590-C0527,38,Two year,Credit card,82.06,2965.86,DSL,No,No
7590-C0528,63,Month-to-month,Electronic check,30.54,1994.97,No,Yes,Yes
7590-C0529,44,Month-to-month,Electronic check,63.23,2714.17,DSL,Yes,No
7590-C0530,70,Month-to-month,Mailed check,44.15,2998.4,Fiber optic,No,Yes
7590-C0531,17,Month-to-month,Credit card,30.41,539.57,No,Yes,Yes
7590-C0532,66,Month-to-month,Credit card,65.84,4282.16,Fiber optic,No,Yes
7590-C0533,39,Month-to-month,Credit card,108.43,4330.0,Fiber optic,No,Yes
7590-C0534,55,Month-to-month,Mailed check,66.78,3667.51,DSL,Yes,Yes
7590-C0535,22,Two year,Bank transfer,104.19,2280.19,No,No,No
7590-C0536,13,Month-to-month,Credit card,36.42,469.71,No,Yes,Yes
7590-C0537,6,Month-to-month,Bank transfer,58.43,356.14,Fiber optic,Yes,No
7590-C0538,6,Month-to-month,Electronic check,63.43,370.22,No,No,Yes
7590-C0539,33,Two year,Electronic check,92.57,3183.91,DSL,Yes,Yes
7590-C0540,52,Month-to-month,Credit card,74.68,3958.06,DSL,No,No
7590-C0541,52,Month-to-month,Mailed check,28.85,1475.05,Fiber optic,No,No
7590-C0542,18,Two year,Bank transfer,50.34,918.49,DSL,Yes,Yes
7590-C0543,6,One year,Credit card,84.43,496.58,Fiber optic,No,No
7590-C0544,43,Month-to-month,Bank transfer,73.34,3261.08,Fiber optic,No,Yes
7590-C0545,23,Month-to-month,Mailed check,95.47,2244.02,No,Yes,Yes
7590-C0546,19,Month-to-month,Mailed check,48.65,880.04,Fiber optic,Yes,No
7590-C0547,38,Two year,Credit card,49.96,1831.8,DSL,No,No
7590-C0548,16,Two year,Mailed check,20.01,332.79,No,Yes,No
7590-C0549,60,Two year,Credit card,49.2,2914.77,No,No,No
7590-C0550,13,Two year,Credit card,65.67,826.66,Fiber optic,No,Yes
7590-C0551,34,Two year,Mailed check,64.28,2137.55,No,No,No
7590-C0552,26,Two year,Mailed check,100.03,2527.34,No,No,No
7590-C0553,13,Month-to-month,Bank transfer,70.11,909.17,No,No,Yes
7590-C0554,69,Month-to-month,Bank transfer,53.89,3846.55,DSL,No,No
7590-C0555,5,One year,Mailed check,116.34,593.09,Fiber optic,No,No
7590-C0556,21,Two year,Mailed check,99.02,2005.47,DSL,No,No
7590-C0557,9,One year,Credit card,82.15,766.2,DSL,No,No
7590-C0558,3,Month-to-month,Mailed check,60.5,180.36,DSL,No,No
7590-C0559,53,Two year,Electronic check,85.88,4608.36,No,Yes,No
7590-C0560,41,Month-to-month,Electronic check,33.31,1350.93,No,Yes,No
7590-C0561,20,One year,Bank transfer,22.11,420.31,No,Yes,No
7590-C0562,2,Two year,Bank transfer,42.48,88.91,DSL,Yes,No
7590-C0563,72,Month-to-month,Credit card,97.2,6713.52,DSL,No,Yes
7590-C0564,19,One year,Mailed check,54.13,1078.05,No,No,No
7590-C0565,42,Month-to-month,Mailed check,53.45,2263.25,Fiber optic,Yes,Yes
7590-C0566,64,Month-to-month,Bank transfer,98.03,6233.64,Fiber optic,No,Yes
7590-C0567,45,Month-to-month,Mailed check,77.57,3320.85,DSL,No,No
7590-C0568,7,Two year,Mailed check,57.98,403.24,No,No,No
7590-C0569,16,One year,Mailed check,31.16,514.07,DSL,No,No
7590-C0570,71,Two year,Electronic check,86.77,6249.86,DSL,Yes,No
7590-C0571,7,Month-to-month,Mailed check,26.42,177.84,DSL,Yes,Yes
7590-C0572,51,Month-to-month,Mailed check,39.84,2039.61,Fiber optic,Yes,No
7590-C0573,7,Month-to-month,Mailed check,54.51,378.36,DSL,Yes,Yes
7590-C0574,55,Month-to-month,Electronic check,109.9,5747.82,No,Yes,No
7590-C0575,18,Month-to-month,Electronic check,38.52,682.8,DSL,Yes,Yes
7590-C0576,62,Month-to-month,Credit card,42.82,2731.32,Fiber optic,Yes,Yes
7590-C0577,70,Month-to-month,Bank transfer,91.85,6638.5,No,Yes,Yes
7590-C0578,8,Month-to-month,Electronic check,72.22,579.28,Fiber optic,Yes,No
7590-C0579,63,One year,Credit card,90.33,5938.14,Fiber optic,Yes,No
7590-C0580,44,One year,Electronic check,74.91,3314.93,Fiber optic,No,No
7590-C0581,66,Two year,Bank transfer,24.5,1662.68,Fiber optic,Yes,No
7590-C0582,5,Month-to-month,Mailed check,87.81,431.4,No,Yes,No
7590-C0583,38,One year,Electronic check,42.48,1578.24,Fiber optic,Yes,No
7590-C0584,27,Month-to-month,Credit card,117.85,3067.54,DSL,No,Yes
7590-C0585,57,Month-to-month,Mailed check,63.98,3736.41,Fiber optic,No,Yes
7590-C0586,10,Two year,Credit card,107.25,1088.71,No,Yes,No
7590-C0587,30,Two year,Mailed check,96.91,2960.41,Fiber optic,No,No
7590-C0588,54,Month-to-month,Bank transfer,82.63,4318.16,No,No,No
7590-C0589,46,Month-to-month,Electronic check,44.87,2002.87,No,Yes,No
7590-C0590,11,Month-to-month,Bank transfer,90.04,1037.38,DSL,No,Yes
7590-C0591,19,Month-to-month,Electronic check,82.98,1576.75,DSL,Yes,No
7590-C0592,72,One year,Electronic check,62.27,4571.15,Fiber optic,No,No
7590-C0593,62,Month-to-month,Bank transfer,57.42,3435.69,Fiber optic,No,Yes
7590-C0594,56,Month-to-month,Credit card,68.77,3891.72,Fiber optic,Yes,No
7590-C0595,45,Month-to-month,Mailed check,70.77,3181.84,No,Yes,No
7590-C0596,53,Month-to-month,Bank transfer,48.4,2596.54,No,No,No
7590-C0597,10,Month-to-month,Bank transfer,70.63,690.51,Fiber optic,No,No
7590-C0598,13,Month-to-month,Mailed check,28.25,374.92,No,Yes,No
7590-C0599,60,Month-to-month,Bank transfer,52.39,3227.35,No,No,Yes
7590-C0600,42,Two year,Mailed check,112.77,4805.18,DSL,No,No
7590-C0601,17,One year,Mailed check,51.2,869.74,DSL,No,No
7590-C0602,47,Month-to-month,Credit card,35.75,1730.97,No,No,No
7590-C0603,65,One year,Mailed check,65.77,4304.79,No,No,No
7590-C0604,52,One year,Bank transfer,86.88,4652.06,DSL,Yes,No
7590-C0605,35,Month-to-month,Bank transfer,108.06,3879.53,No,No,Yes
7590-C0606,68,One year,Credit card,69.15,4819.06,DSL,Yes,No
7590-C0607,56,Month-to-month,Mailed check,44.46,2530.25,No,No,No
7590-C0608,29,One year,Credit card,73.02,2088.96,No,No,No
7590-C0609,35,Month-to-month,Credit card,109.73,3871.26,No,Yes,No
7590-C0610,15,One year,Mailed check,32.79,476.83,Fiber optic,No,No
7590-C0611,37,Month-to-month,Mailed check,75.39,2819.81,DSL,Yes,No
7590-C0612,11,Month-to-month,Mailed check,83.83,932.45,Fiber optic,Yes,No
7590-C0613,69,Month-to-month,Mailed check,102.6,6887.84,Fiber optic,No,No
7590-C0614,72,Two year,Mailed check,64.42,4683.77,DSL,No,No
7590-C0615,52,Month-to-month,Mailed check,99.7,4945.55,No,No,No
7590-C0616,44,One year,Credit card,22.68,962.3,DSL,Yes,No
7590-C0617,50,Month-to-month,Bank transfer,77.23,3680.73,Fiber optic,Yes,Yes
7590-C0618,21,Month-to-month,Mailed check,73.87,1529.69,No,Yes,Yes
7590-C0619,22,One year,Electronic check,38.03,826.16,DSL,No,No
7590-C0620,17,One year,Electronic check,87.77,1447.58,Fiber optic,Yes,No
7590-C0621,18,One year,Credit card,86.81,1528.52,Fiber optic,No,No
7590-C0622,35,Month-to-month,Electronic check,100.48,3585.13,Fiber optic,Yes,Yes
7590-C0623,55,Month-to-month,Electronic check,39.34,2159.3,No,Yes,No
7590-C0624,23,Month-to-month,Mailed check,108.24,2529.46,DSL,Yes,Yes
7590-C0625,50,Month-to-month,Mailed check,88.67,4399.91,No,No,Yes
7590-C0626,4,Two year,Bank transfer,67.97,266.32,No,Yes,No
7590-C0627,48,One year,Electronic check,58.14,2835.69,Fiber optic,No,No
7590-C0628,42,Month-to-month,Credit card,44.64,1921.03,No,No,No
7590-C0629,64,Month-to-month,Bank transfer,41.83,2670.47,DSL,Yes,No
7590-C0630,38,Month-to-month,Mailed check,33.95,1229.05,No,Yes,No
7590-C0631,72,Month-to-month,Bank transfer,64.89,4789.35,No,Yes,Yes
7590-C0632,45,One year,Bank transfer,29.96,1382.63,DSL,No,No
7590-C0633,63,Month-to-month,Credit card,83.16,,DSL,Yes,No
7590-C0634,67,Two year,Mailed check,92.29,5941.43,Fiber optic,No,No
7590-C0635,39,Month-to-month,Bank transfer,104.64,4172.13,Fiber optic,No,No
7590-C0636,27,Month-to-month,Mailed check,25.85,675.56,No,Yes,Yes
7590-C0637,64,Two year,Mailed check,49.77,3280.59,DSL,No,No
7590-C0638,61,Two year,Mailed check,80.63,5106.4,No,No,No
7590-C0639,8,Month-to-month,Mailed check,35.22,277.86,Fiber optic,No,No
7590-C0640,47,Month-to-month,Bank transfer,111.26,5002.87,Fiber optic,No,No
7590-C0641,54,Month-to-month,Bank transfer,94.74,5304.76,No,No,No
7590-C0642,13,Two year,Bank transfer,105.18,1375.9,No,Yes,No
7590-C0643,53,Month-to-month,Electronic check,26.04,1421.41,DSL,No,Yes
7590-C0644,47,Two year,Electronic check,110.27,4946.03,DSL,No,No
7590-C0645,40,Month-to-month,Electronic check,40.77,1648.55,Fiber optic,No,Yes
7590-C0646,2,Month-to-month,Mailed check,107.24,223.42,DSL,Yes,No
7590-C0647,12,Month-to-month,Electronic check,52.97,659.52,Fiber optic,No,Yes
7590-C0648,38,One year,Electronic check,37.88,1487.22,Fiber optic,No,No
7590-C0649,28,One year,Bank transfer,115.87,3108.27,Fiber optic,No,No
7590-C0650,5,One year,Credit card,86.78,426.08,DSL,No,Yes
7590-C0651,47,One year,Mailed check,39.39,1822.17,Fiber optic,Yes,No
7590-C0652,49,One year,Bank transfer,84.26,4091.99,DSL,Yes,No
7590-C0653,19,Month-to-month,Bank transfer,102.32,1974.85,Fiber optic,No,Yes
7590-C0654,14,One year,Bank transfer,85.16,1209.48,Fiber optic,No,No
7590-C0655,22,One year,Bank transfer,88.71,2041.4,DSL,No,No
7590-C0656,58,Month-to-month,Bank transfer,84.55,4856.87,DSL,No,No
7590-C0657,41,Month-to-month,Bank transfer,94.32,3988.29,DSL,Yes,No
7590-C0658,5,Month-to-month,Credit card,72.82,380.04,Fiber optic,Yes,No
7590-C0659,30,Two year,Electronic check,114.08,3588.98,No,Yes,No
7590-C0660,29,Two year,Electronic check,73.51,2077.61,No,No,No
7590-C0661,51,Month-to-month,Mailed check,82.04,4008.72,DSL,Yes,Yes
7590-C0662,11,Two year,Credit card,111.77,1236.84,DSL,No,No
7590-C0663,34,Month-to-month,Bank transfer,38.38,1309.42,Fiber optic,No,Yes
7590-C0664,25,Month-to-month,Bank transfer,106.69,2729.55,Fiber optic,No,No
7590-C0665,51,Two year,Electronic check,98.7,5140.52,Fiber optic,No,No
7590-C0666,50,Two year,Mailed check,99.67,5190.02,No,Yes,No
7590-C0667,30,Month-to-month,Mailed check,81.22,2482.29,Fiber optic,No,Yes
7590-C0668,23,Month-to-month,Mailed check,73.13,1672.59,Fiber optic,No,No
7590-C0669,49,Month-to-month,Mailed check,26.46,1232.8,Fiber optic,No,No
7590-C0670,4,Two year,Bank transfer,96.54,391.58,Fiber optic,Yes,No
7590-C0671,15,One year,Electronic check,22.29,327.6,Fiber optic,Yes,Yes
7590-C0672,27,One year,Mailed check,76.61,2016.84,No,No,No
7590-C0673,2,Two year,Mailed check,20.37,39.26,No,No,Yes
7590-C0674,47,Month-to-month,Credit card,55.52,2687.6,Fiber optic,No,No
7590-C0675,26,One year,Bank transfer,96.48,2490.37,DSL,No,No
7590-C0676,42,Month-to-month,Bank transfer,105.85,4533.0,Fiber optic,No,No
7590-C0677,60,Month-to-month,Bank transfer,106.91,6180.28,DSL,Yes,Yes
7590-C0678,48,Month-to-month,Credit card,40.44,1848.83,DSL,Yes,No
7590-C0679,13,Two year,Credit card,38.27,495.74,No,No,No
7590-C0680,27,Month-to-month,Mailed check,95.82,2484.51,No,Yes,Yes
7590-C0681,43,One year,Bank transfer,92.31,3782.08,DSL,No,No
7590-C0682,52,Two year,Credit card,28.24,1519.43,Fiber optic,No,No
7590-C0683,67,Month-to-month,Bank transfer,26.57,1776.41,No,Yes,No
7590-C0684,61,Two year,Credit card,63.41,3836.69,No,No,No
7590-C0685,55,Month-to-month,Mailed check,33.69,1822.7,DSL,Yes,No
7590-C0686,1,One year,Bank transfer,93.42,97.58,DSL,Yes,No
7590-C0687,11,Month-to-month,Bank transfer,67.31,708.94,Fiber optic,Yes,Yes
7590-C0688,5,Month-to-month,Electronic check,26.68,132.03,Fiber optic,Yes,No
7590-C0689,41,Month-to-month,Electronic check,95.72,3870.38,DSL,Yes,Yes
7590-C0690,16,Month-to-month,Electronic check,92.89,1450.41,Fiber optic,No,Yes
7590-C0691,16,Month-to-month,Electronic check,71.32,1121.77,No,Yes,No
7590-C0692,9,Month-to-month,Credit card,96.33,906.21,No,No,No
7590-C0693,20,Month-to-month,Mailed check,103.69,2045.36,Fiber optic,No,Yes
7590-C0694,24,One year,Mailed check,78.74,1877.2,No,Yes,No
7590-C0695,54,Month-to-month,Electronic check,108.04,6089.12,DSL,No,No
7590-C0696,20,Two year,Electronic check,101.21,2055.33,Fiber optic,Yes,No
7590-C0697,71,Two year,Electronic check,93.21,6387.12,No,No,No
7590-C0698,39,One year,Bank transfer,36.79,1413.97,DSL,No,No
7590-C0699,67,One year,Bank transfer,98.72,6498.13,Fiber optic,No,No
7590-C0700,50,One year,Bank transfer,75.22,3627.62,No,Yes,No
7590-C0701,2,Month-to-month,Mailed check,47.02,91.44,DSL,No,Yes
7590-C0702,8,One year,Electronic check,67.07,518.69,Fiber optic,No,No
7590-C0703,45,One year,Bank transfer,114.52,5323.47,DSL,Yes,No
7590-C0704,29,One year,Electronic check,112.27,3124.65,DSL,Yes,No
7590-C0705,1,One year,Mailed check,91.02,95.1,Fiber optic,No,No
7590-C0706,57,One year,Electronic check,65.89,3863.75,DSL,No,No
7590-C0707,3,Month-to-month,Credit card,112.31,330.52,Fiber optic,Yes,No
7590-C0708,59,Month-to-month,Electronic check,26.82,1536.6,DSL,Yes,No
7590-C0709,32,Month-to-month,Mailed check,96.04,3199.74,DSL,Yes,No
7590-C0710,33,Month-to-month,Credit card,89.91,2980.67,Fiber optic,Yes,No
7590-C0711,54,Month-to-month,Electronic check,115.98,6415.44,Fiber optic,Yes,Yes
7590-C0712,41,Month-to-month,Credit card,93.62,3884.86,DSL,No,No
7590-C0713,40,Month-to-month,Bank transfer,59.28,2323.33,Fiber optic,Yes,Yes
7590-C0714,26,One year,Credit card,30.9,767.59,Fiber optic,Yes,No
7590-C0715,58,Month-to-month,Mailed check,109.6,6238.5,DSL,Yes,Yes
7590-C0716,7,One year,Bank transfer,54.38,369.02,Fiber optic,Yes,No
7590-C0717,64,Month-to-month,Credit card,64.4,4028.56,No,No,No
7590-C0718,53,Month-to-month,Mailed check,60.67,3234.08,Fiber optic,No,No
7590-C0719,54,One year,Bank transfer,106.11,5531.98,Fiber optic,Yes,No
7590-C0720,64,Month-to-month,Mailed check,51.01,3176.44,Fiber optic,No,No
7590-C0721,17,Month-to-month,Electronic check,64.23,1144.71,No,No,Yes
7590-C0722,66,Month-to-month,Credit card,42.91,2924.36,No,Yes,No
7590-C0723,24,Month-to-month,Credit card,67.46,1588.01,Fiber optic,Yes,No
7590-C0724,20,One year,Credit card,61.33,1258.89,Fiber optic,No,No
7590-C0725,45,Month-to-month,Bank transfer,59.35,2540.49,DSL,Yes,Yes
7590-C0726,8,Month-to-month,Electronic check,112.72,872.52,Fiber optic,Yes,Yes
7590-C0727,58,One year,Bank transfer,31.14,1773.77,DSL,Yes,No
7590-C0728,48,Month-to-month,Electronic check,20.77,991.78,No,No,No
7590-C0729,4,Month-to-month,Mailed check,98.56,400.78,DSL,Yes,Yes
7590-C0730,46,One year,Mailed check,77.66,3712.92,No,No,No
7590-C0731,1,Month-to-month,Electronic check,91.63,87.29,Fiber optic,Yes,Yes
7590-C0732,7,Two year,Mailed check,68.07,476.3,DSL,Yes,No
7590-C0733,61,One year,Credit card,55.74,3316.4,Fiber optic,Yes,No
7590-C0734,35,Month-to-month,Electronic check,93.08,3235.58,DSL,No,No
7590-C0735,11,One year,Mailed check,21.27,227.44,No,No,No
7590-C0736,69,Month-to-month,Mailed check,106.16,7243.22,DSL,Yes,No
7590-C0737,11,Month-to-month,Bank transfer,22.13,238.7,DSL,Yes,No
7590-C0738,52,Month-to-month,Bank transfer,44.02,2256.37,DSL,No,Yes
7590-C0739,32,Month-to-month,Mailed check,24.64,808.11,DSL,No,No
7590-C0740,4,One year,Credit card,116.33,467.94,DSL,Yes,No
7590-C0741,53,Month-to-month,Mailed check,99.67,5248.29,DSL,No,Yes
7590-C0742,50,One year,Mailed check,25.0,1208.6,No,Yes,No
7590-C0743,17,Month-to-month,Credit card,26.32,467.38,No,No,Yes
7590-C0744,41,One year,Bank transfer,46.99,1898.88,No,No,No
7590-C0745,2,Two year,Electronic check,42.55,82.95,DSL,No,No
7590-C0746,27,Two year,Mailed check,44.88,1209.54,No,No,No
7590-C0747,12,Month-to-month,Credit card,53.33,630.71,Fiber optic,No,Yes
7590-C0748,31,Month-to-month,Electronic check,112.79,3540.78,Fiber optic,No,Yes
7590-C0749,54,One year,Credit card,115.53,6525.69,No,No,No
7590-C0750,70,Month-to-month,Credit card,92.52,6664.21,Fiber optic,No,Yes
7590-C0751,19,Month-to-month,Bank transfer,79.77,1553.41,Fiber optic,No,Yes
7590-C0752,21,One year,Bank transfer,27.39,584.62,DSL,Yes,No
7590-C0753,34,Month-to-month,Bank transfer,41.58,1443.33,No,No,Yes
7590-C0754,2,One year,Electronic check,64.11,126.31,Fiber optic,Yes,Yes
7590-C0755,47,Month-to-month,Mailed check,61.03,2966.23,Fiber optic,Yes,Yes
7590-C0756,47,One year,Mailed check,102.71,4904.36,No,Yes,No
7590-C0757,11,Two year,Credit card,36.64,400.48,Fiber optic,Yes,No
7590-C0758,46,Month-to-month,Mailed check,24.14,1110.74,No,Yes,No
7590-C0759,30,Two year,Credit card,68.98,2134.56,No,Yes,No
7590-C0760,22,Two year,Credit card,73.68,1579.47,Fiber optic,No,No
7590-C0761,56,Month-to-month,Credit card,108.6,5880.44,Fiber optic,Yes,No
7590-C0762,22,Month-to-month,Credit card,72.54,1546.31,DSL,Yes,No
7590-C0763,59,Month-to-month,Credit card,38.6,,No,Yes,No
7590-C0764,46,Two year,Bank transfer,73.05,3485.67,DSL,No,No
7590-C0765,62,One year,Electronic check,75.85,4765.52,Fiber optic,Yes,No
7590-C0766,5,One year,Credit card,46.1,228.85,Fiber optic,Yes,Yes
7590-C0767,7,Month-to-month,Electronic check,65.26,437.96,DSL,Yes,Yes
7590-C0768,34,Two year,Electronic check,77.5,2671.37,DSL,No,No
7590-C0769,6,Month-to-month,Electronic check,66.09,403.27,DSL,Yes,No
7590-C0770,41,Month-to-month,Credit card,114.98,4618.54,DSL,Yes,No
7590-C0771,61,Two year,Credit card,35.55,2244.61,DSL,Yes,No
7590-C0772,9,One year,Electronic check,35.98,325.4,Fiber optic,Yes,No
7590-C0773,17,Two year,Electronic check,30.51,498.17,Fiber optic,No,No
7590-C0774,4,Month-to-month,Bank transfer,85.75,350.65,No,Yes,No
7590-C0775,43,Month-to-month,Credit card,67.15,2917.15,No,Yes,No
7590-C0776,70,Two year,Credit card,22.99,1683.3,DSL,Yes,No
7590-C0777,6,Month-to-month,Credit card,65.44,379.01,Fiber optic,No,Yes
7590-C0778,9,Month-to-month,Bank transfer,35.08,305.54,Fiber optic,Yes,Yes
7590-C0779,57,Month-to-month,Bank transfer,57.13,3157.33,No,No,No
7590-C0780,42,Two year,Electronic check,73.84,2993.37,Fiber optic,Yes,No
7590-C0781,39,Two year,Mailed check,48.09,1867.31,Fiber optic,Yes,No
7590-C0782,70,One year,Credit card,111.28,7917.83,Fiber optic,No,No
7590-C0783,12,Month-to-month,Bank transfer,44.74,557.85,Fiber optic,Yes,No
7590-C0784,62,One year,Credit card,106.56,6377.67,Fiber optic,No,No
7590-C0785,7,Month-to-month,Mailed check,21.99,155.72,DSL,No,Yes
7590-C0786,15,Month-to-month,Credit card,117.41,1739.68,Fiber optic,No,Yes
7590-C0787,29,One year,Bank transfer,62.32,1810.65,DSL,Yes,No
7590-C0788,25,Month-to-month,Mailed check,95.03,2258.99,Fiber optic,Yes,Yes
7590-C0789,64,Month-to-month,Mailed check,52.47,3432.7,Fiber optic,No,No
7590-C0790,46,Month-to-month,Credit card,93.36,4392.45,DSL,No,Yes
7590-C0791,48,Month-to-month,Mailed check,45.96,2306.66,DSL,No,Yes
7590-C0792,51,Month-to-month,Mailed check,59.62,3023.14,DSL,Yes,Yes
7590-C0793,26,Two year,Credit card,80.62,2008.29,DSL,Yes,No
7590-C0794,46,One year,Bank transfer,82.87,3645.18,Fiber optic,Yes,No
7590-C0795,47,One year,Electronic check,56.61,2755.22,Fiber optic,Yes,No
7590-C0796,61,One year,Mailed check,109.66,6478.99,No,No,No
7590-C0797,67,Month-to-month,Electronic check,116.96,7687.99,DSL,No,No
7590-C0798,47,Month-to-month,Electronic check,89.05,4041.89,Fiber optic,Yes,No
7590-C0799,48,One year,Mailed check,106.52,4916.58,Fiber optic,Yes,No
7590-C0800,17,Month-to-month,Mailed check,95.1,1556.32,No,Yes,No
7590-C0801,7,Month-to-month,Credit card,60.55,429.49,Fiber optic,Yes,Yes
7590-C0802,66,One year,Mailed check,64.3,4242.13,No,No,No
7590-C0803,9,Month-to-month,Electronic check,39.84,351.46,Fiber optic,No,Yes
7590-C0804,58,Two year,Mailed check,46.64,2826.75,No,No,No
7590-C0805,56,Month-to-month,Electronic check,26.53,1475.24,No,Yes,No
7590-C0806,22,Month-to-month,Mailed check,59.93,1306.23,Fiber optic,No,Yes
7590-C0807,72,Month-to-month,Bank transfer,56.69,4118.21,No,No,Yes
7590-C0808,14,Month-to-month,Bank transfer,102.35,1492.25,DSL,Yes,No
7590-C0809,25,One year,Electronic check,22.27,534.03,Fiber optic,No,No
7590-C0810,63,Month-to-month,Mailed check,117.95,7661.4,Fiber optic,No,Yes
7590-C0811,43,One year,Mailed check,23.68,1046.72,Fiber optic,Yes,No
7590-C0812,41,Month-to-month,Bank transfer,108.75,4274.46,DSL,No,Yes
7590-C0813,34,Two year,Mailed check,115.98,4046.91,No,No,No
7590-C0814,72,One year,Credit card,29.86,2048.83,DSL,No,No
7590-C0815,66,Month-to-month,Bank transfer,42.05,2681.63,No,Yes,Yes
7590-C0816,33,Two year,Bank transfer,72.3,2282.59,DSL,Yes,Yes
7590-C0817,33,Month-to-month,Credit card,75.6,2439.7,DSL,No,Yes
7590-C0818,49,Month-to-month,Credit card,21.04,1062.56,Fiber optic,Yes,No
7590-C0819,35,Two year,Bank transfer,82.18,2817.45,Fiber optic,Yes,No
7590-C0820,40,Month-to-month,Bank transfer,95.36,4001.14,No,Yes,Yes
7590-C0821,14,One year,Credit card,46.67,625.92,DSL,Yes,No
7590-C0822,49,Month-to-month,Credit card,99.26,4658.42,DSL,Yes,No
7590-C0823,16,Month-to-month,Electronic check,75.22,1230.4,No,Yes,Yes
7590-C0824,57,Two year,Mailed check,50.42,3000.95,DSL,Yes,No
7590-C0825,8,Month-to-month,Electronic check,57.63,483.94,DSL,Yes,Yes
7590-C0826,62,Month-to-month,Bank transfer,67.78,4243.02,DSL,Yes,No
7590-C0827,3,Two year,Credit card,42.82,128.24,No,Yes,No
7590-C0828,1,Two year,Mailed check,30.33,29.84,No,Yes,No
7590-C0829,13,Month-to-month,Credit card,90.24,1161.51,Fiber optic,No,Yes
7590-C0830,5,Month-to-month,Credit card,92.1,461.41,DSL,Yes,No
7590-C0831,10,Two year,Bank transfer,95.42,987.54,No,Yes,No
7590-C0832,23,One year,Electronic check,56.89,1268.63,No,No,No
7590-C0833,49,One year,Bank transfer,27.73,1350.49,DSL,Yes,No
7590-C0834,72,Month-to-month,Bank transfer,117.9,8704.3,No,Yes,No
7590-C0835,37,Two year,Bank transfer,61.53,2266.51,No,No,No
7590-C0836,47,Month-to-month,Bank transfer,66.44,3239.27,No,No,No
7590-C0837,33,Month-to-month,Electronic check,86.57,2736.52,DSL,Yes,No
7590-C0838,10,Month-to-month,Electronic check,58.93,593.71,No,Yes,Yes
7590-C0839,24,Month-to-month,Electronic check,71.1,1675.79,Fiber optic,Yes,Yes
7590-C0840,59,One year,Mailed check,113.29,6743.5,Fiber optic,Yes,No
7590-C0841,47,One year,Bank transfer,70.33,3435.97,No,No,No
7590-C0842,50,Month-to-month,Credit card,89.81,4405.49,No,No,No
7590-C0843,21,Month-to-month,Electronic check,37.42,816.31,No,No,No
7590-C0844,15,One year,Mailed check,22.27,340.49,No,No,No
7590-C0845,18,Month-to-month,Mailed check,110.26,1925.13,DSL,No,Yes
7590-C0846,68,One year,Bank transfer,55.78,3765.03,No,No,No
7590-C0847,8,Month-to-month,Bank transfer,82.05,647.15,DSL,Yes,No
7590-C0848,60,Month-to-month,Bank transfer,44.16,2707.35,No,No,No
7590-C0849,44,Month-to-month,Mailed check,117.93,5392.8,DSL,No,No
7590-C0850,36,Month-to-month,Electronic check,41.0,1535.12,DSL,Yes,Yes
7590-C0851,15,Month-to-month,Bank transfer,83.94,1262.62,DSL,Yes,Yes
7590-C0852,37,One year,Credit card,117.72,4410.66,DSL,No,No
7590-C0853,18,Month-to-month,Electronic check,71.95,1238.62,DSL,Yes,No
7590-C0854,24,One year,Bank transfer,116.09,2897.86,DSL,No,No
7590-C0855,51,Month-to-month,Mailed check,117.36,5746.19,DSL,No,Yes
7590-C0856,44,Two year,Mailed check,84.7,3762.7,No,No,No
7590-C0857,36,Month-to-month,Mailed check,56.3,2128.03,DSL,Yes,Yes
7590-C0858,34,Month-to-month,Bank transfer,67.6,2270.01,Fiber optic,No,No
7590-C0859,66,One year,Credit card,29.0,1948.49,Fiber optic,Yes,No
7590-C0860,20,Month-to-month,Electronic check,71.35,1419.65,DSL,No,No
7590-C0861,43,Two year,Bank transfer,61.33,2531.7,Fiber optic,Yes,No
7590-C0862,17,Month-to-month,Bank transfer,26.58,442.32,No,No,Yes
7590-C0863,28,One year,Credit card,79.21,2264.45,No,Yes,No
7590-C0864,57,Month-to-month,Electronic check,65.41,3628.1,DSL,No,No
7590-C0865,59,Month-to-month,Mailed check,29.07,1768.45,DSL,Yes,Yes
7590-C0866,70,Two year,Mailed check,40.55,2736.18,No,No,No
7590-C0867,12,Month-to-month,Electronic check,94.43,1120.72,Fiber optic,Yes,Yes
7590-C0868,71,One year,Credit card,112.2,8023.53,DSL,Yes,No
7590-C0869,41,Two year,Electronic check,66.69,2667.42,No,Yes,No
7590-C0870,2,Month-to-month,Bank transfer,91.88,176.08,DSL,No,No
7590-C0871,2,One year,Electronic check,25.27,49.78,No,Yes,Yes
7590-C0872,9,Two year,Mailed check,52.33,452.18,Fiber optic,Yes,No
7590-C0873,6,Month-to-month,Mailed check,41.18,257.28,No,Yes,Yes
7590-C0874,56,One year,Credit card,88.16,5070.76,No,No,No
7590-C0875,61,Month-to-month,Mailed check,94.0,5461.65,DSL,Yes,Yes
7590-C0876,28,Month-to-month,Mailed check,33.45,953.76,DSL,No,Yes
7590-C0877,27,Month-to-month,Credit card,112.44,3055.42,DSL,Yes,No
7590-C0878,58,Month-to-month,Electronic check,98.76,5865.24,Fiber optic,Yes,No
7590-C0879,44,Two year,Electronic check,87.32,4016.37,Fiber optic,Yes,No
7590-C0880,47,Month-to-month,Mailed check,116.72,5418.21,No,Yes,No
7590-C0881,19,One year,Mailed check,79.58,1574.96,No,Yes,No
7590-C0882,62,Month-to-month,Electronic check,23.58,1526.78,No,No,Yes
7590-C0883,11,One year,Credit card,88.35,961.18,Fiber optic,No,No
7590-C0884,69,One year,Electronic check,91.24,6173.77,DSL,Yes,No
7590-C0885,61,Month-to-month,Mailed check,30.33,1940.19,DSL,No,No
7590-C0886,71,Two year,Credit card,105.67,7474.36,No,No,No
7590-C0887,41,Month-to-month,Mailed check,102.31,4038.14,DSL,Yes,No
7590-C0888,66,Month-to-month,Mailed check,98.0,6659.18,DSL,Yes,No
7590-C0889,52,Month-to-month,Credit card,44.35,2420.46,No,No,No
7590-C0890,67,One year,Bank transfer,114.82,7615.47,Fiber optic,No,No
7590-C0891,40,Month-to-month,Electronic check,77.89,3074.6,Fiber optic,No,Yes
7590-C0892,22,One year,Electronic check,96.24,2177.89,No,Yes,No
7590-C0893,68,Month-to-month,Mailed check,85.62,5569.06,No,Yes,No
7590-C0894,33,Month-to-month,Bank transfer,47.29,1609.6,No,Yes,No
7590-C0895,39,One year,Mailed check,70.61,2870.78,Fiber optic,No,No
7590-C0896,57,One year,Electronic check,113.64,6404.91,Fiber optic,No,No
7590-C0897,48,Month-to-month,Electronic check,92.31,4265.3,DSL,No,Yes
7590-C0898,47,Month-to-month,Credit card,33.18,1548.48,No,Yes,No
7590-C0899,12,Two year,Bank transfer,52.74,663.71,No,Yes,No
7590-C0900,29,Month-to-month,Credit card,117.07,3444.11,No,No,No
7590-C0901,64,Month-to-month,Bank transfer,84.05,5341.34,No,Yes,Yes
7590-C0902,22,Month-to-month,Mailed check,98.67,2267.19,DSL,Yes,Yes
7590-C0903,64,Month-to-month,Bank transfer,44.34,2813.4,No,Yes,Yes
7590-C0904,50,One year,Electronic check,69.09,3597.36,Fiber optic,Yes,No
7590-C0905,2,Month-to-month,Electronic check,60.94,118.52,DSL,Yes,Yes
7590-C0906,25,One year,Electronic check,86.17,2164.08,Fiber optic,Yes,No
7590-C0907,45,Month-to-month,Electronic check,57.62,2717.38,No,Yes,Yes
7590-C0908,54,Month-to-month,Bank transfer,82.52,4610.28,No,No,Yes
7590-C0909,60,One year,Credit card,113.63,6689.06,Fiber optic,No,No
7590-C0910,34,Month-to-month,Credit card,39.3,1391.78,Fiber optic,No,No
7590-C0911,30,Month-to-month,Bank transfer,100.87,3168.21,No,No,No
7590-C0912,59,Month-to-month,Bank transfer,37.16,2225.97,Fiber optic,No,Yes
7590-C0913,68,Two year,Credit card,22.04,1438.05,Fiber optic,No,No
7590-C0914,5,Month-to-month,Bank transfer,25.57,127.31,Fiber optic,No,No
7590-C0915,48,Month-to-month,Electronic check,23.38,1087.75,No,No,No
7590-C0916,62,Two year,Bank transfer,57.92,3499.18,DSL,No,No
7590-C0917,32,Month-to-month,Mailed check,57.61,1800.26,No,No,No
7590-C0918,58,Two year,Bank transfer,43.49,2409.14,Fiber optic,Yes,No
7590-C0919,66,Month-to-month,Mailed check,55.18,3475.68,DSL,No,Yes
7590-C0920,33,One year,Mailed check,103.32,3286.66,No,Yes,No
7590-C0921,40,Month-to-month,Credit card,88.03,3543.85,No,Yes,Yes
7590-C0922,29,Two year,Electronic check,109.79,3298.34,No,Yes,No
7590-C0923,34,Two year,Electronic check,53.18,1723.67,No,Yes,No
7590-C0924,62,Month-to-month,Electronic check,24.09,1482.52,DSL,Yes,No
7590-C0925,61,Month-to-month,Mailed check,105.14,6597.85,Fiber optic,Yes,No
7590-C0926,29,Month-to-month,Electronic check,23.52,675.23,No,No,Yes
7590-C0927,70,One year,Mailed check,88.03,6096.38,DSL,Yes,No
7590-C0928,11,One year,Bank transfer,34.11,358.84,DSL,Yes,No
7590-C0929,47,Month-to-month,Bank transfer,73.81,3453.53,Fiber optic,Yes,No
7590-C0930,4,Month-to-month,Bank transfer,39.09,149.98,DSL,Yes,Yes
7590-C0931,51,One year,Electronic check,97.53,5084.48,No,Yes,No
7590-C0932,31,Month-to-month,Electronic check,102.73,3299.89,No,No,Yes
7590-C0933,21,One year,Credit card,100.06,2079.64,Fiber optic,Yes,No
7590-C0934,63,Two year,Bank transfer,108.08,6498.5,No,No,No
7590-C0935,54,Month-to-month,Mailed check,116.92,6550.0,DSL,Yes,No
7590-C0936,37,Month-to-month,Bank transfer,77.0,2713.78,No,No,Yes
7590-C0937,65,One year,Mailed check,37.48,2553.54,DSL,No,No
7590-C0938,46,One year,Electronic check,45.79,2099.45,No,No,No
7590-C0939,35,One year,Credit card,23.12,838.89,No,Yes,Yes
7590-C0940,44,One year,Mailed check,32.23,1431.07,No,No,No
7590-C0941,63,One year,Credit card,46.02,2886.47,Fiber optic,Yes,No
7590-C0942,69,Month-to-month,Electronic check,20.32,1378.94,No,No,No
7590-C0943,47,Month-to-month,Electronic check,93.79,4528.9,No,Yes,No
7590-C0944,12,Month-to-month,Credit card,87.36,1051.69,DSL,Yes,No
7590-C0945,68,Two year,Credit card,53.09,3684.64,No,No,No
7590-C0946,22,Month-to-month,Credit card,100.86,2236.02,No,No,No
7590-C0947,21,One year,Bank transfer,38.34,788.94,No,Yes,No
7590-C0948,70,Two year,Mailed check,52.19,3574.75,No,Yes,No
7590-C0949,49,Month-to-month,Bank transfer,45.32,2197.28,DSL,Yes,No
7590-C0950,67,Two year,Bank transfer,86.67,6037.38,DSL,No,No
7590-C0951,68,Month-to-month,Electronic check,20.5,1453.28,Fiber optic,No,No
7590-C0952,43,Month-to-month,Bank transfer,88.0,3970.73,DSL,Yes,No
7590-C0953,47,Month-to-month,Credit card,52.04,2555.91,Fiber optic,No,No
7590-C0954,46,Month-to-month,Mailed check,76.02,3527.41,Fiber optic,No,No
7590-C0955,51,One year,Mailed check,33.78,1756.95,Fiber optic,No,No
7590-C0956,12,Month-to-month,Bank transfer,51.7,632.4,DSL,Yes,No
7590-C0957,63,Month-to-month,Electronic check,60.75,3946.11,DSL,Yes,No
7590-C0958,18,Month-to-month,Credit card,53.49,929.29,Fiber optic,No,Yes
7590-C0959,66,One year,Bank transfer,60.6,4088.33,No,No,No
7590-C0960,37,Month-to-month,Bank transfer,53.3,2027.08,No,Yes,Yes
7590-C0961,48,Month-to-month,Credit card,51.17,2530.8,Fiber optic,No,No
7590-C0962,46,Month-to-month,Bank transfer,63.52,3066.74,DSL,Yes,No
7590-C0963,29,Month-to-month,Bank transfer,45.39,1371.26,DSL,Yes,No
7590-C0964,65,Month-to-month,Credit card,117.74,7664.29,No,No,Yes
7590-C0965,69,Two year,Mailed check,115.47,8332.13,Fiber optic,No,No
7590-C0966,21,Month-to-month,Mailed check,100.74,2060.53,DSL,Yes,Yes
7590-C0967,10,Month-to-month,Electronic check,26.7,265.65,DSL,Yes,No
7590-C0968,32,One year,Bank transfer,113.2,3771.64,No,No,No
7590-C0969,56,One year,Mailed check,94.91,5147.58,Fiber optic,No,No
7590-C0970,21,Month-to-month,Credit card,90.27,1844.09,No,Yes,No
7590-C0971,7,Two year,Bank transfer,109.71,800.71,No,Yes,No
7590-C0972,62,Month-to-month,Credit card,81.87,5166.45,No,Yes,No
7590-C0973,1,Month-to-month,Credit card,51.31,50.92,No,Yes,No
7590-C0974,69,Two year,Electronic check,29.61,2076.74,DSL,Yes,No
7590-C0975,53,Month-to-month,Credit card,93.31,4928.43,DSL,No,Yes
7590-C0976,27,Month-to-month,Credit card,62.59,1765.38,Fiber optic,No,Yes
7590-C0977,14,Month-to-month,Bank transfer,103.7,1491.52,Fiber optic,No,Yes
7590-C0978,58,Month-to-month,Bank transfer,44.39,2693.76,DSL,Yes,No
7590-C0979,26,Two year,Mailed check,90.29,2343.19,Fiber optic,No,Yes
7590-C0980,49,Two year,Credit card,101.15,5025.91,No,Yes,No
7590-C0981,7,Month-to-month,Credit card,96.61,659.78,No,Yes,No
7590-C0982,6,One year,Bank transfer,41.42,237.12,No,Yes,No
7590-C0983,44,Month-to-month,Credit card,98.17,4372.27,Fiber optic,No,No
7590-C0984,72,Month-to-month,Bank transfer,68.54,4752.16,DSL,Yes,No
7590-C0985,45,Month-to-month,Bank transfer,38.36,1747.98,No,No,No
7590-C0986,1,Month-to-month,Mailed check,76.8,79.59,No,No,Yes
7590-C0987,15,Two year,Bank transfer,32.36,494.86,Fiber optic,No,No
7590-C0988,11,Two year,Credit card,102.15,1123.6,No,Yes,No
7590-C0989,33,Two year,Mailed check,102.19,3307.91,No,Yes,No
7590-C0990,68,One year,Mailed check,112.7,7802.85,No,No,No
7590-C0991,64,Two year,Bank transfer,47.06,3146.4,DSL,No,No
7590-C0992,8,Month-to-month,Mailed check,92.71,706.34,No,Yes,Yes
7590-C0993,22,Month-to-month,Mailed check,90.76,1917.47,Fiber optic,Yes,No
7590-C0994,10,Month-to-month,Bank transfer,76.34,750.33,No,Yes,Yes
7590-C0995,71,Month-to-month,Credit card,46.51,3141.01,DSL,No,Yes
7590-C0996,45,Month-to-month,Credit card,91.61,4240.71,DSL,No,No
7590-C0997,4,Month-to-month,Mailed check,96.22,373.88,No,Yes,Yes
7590-C0998,39,Month-to-month,Electronic check,89.24,3501.22,Fiber optic,No,Yes
7590-C0999,72,Month-to-month,Credit card,115.55,8561.43,Fiber optic,No,No
7590-C1000,37,Month-to-month,Mailed check,32.69,1227.94,Fiber optic,No,Yes
7590-C1001,15,One year,Mailed check,44.82,667.4,DSL,No,No
7590-C1002,3,One year,Bank transfer,47.45,137.12,No,Yes,Yes
7590-C1003,45,One year,Bank transfer,26.83,1161.4,No,No,No
7590-C1004,24,One year,Credit card,78.97,1844.23,Fiber optic,No,No
7590-C1005,6,Month-to-month,Electronic check,26.55,155.73,No,No,Yes
7590-C1006,15,Two year,Credit card,73.68,1068.84,No,Yes,No
7590-C1007,58,Month-to-month,Bank transfer,56.07,3124.18,Fiber optic,No,No
7590-C1008,59,One year,Mailed check,55.89,3238.56,Fiber optic,Yes,No
7590-C1009,55,Month-to-month,Mailed check,25.84,1377.75,Fiber optic,Yes,Yes
7590-C1010,26,Month-to-month,Bank transfer,83.95,2156.63,No,No,Yes
7590-C1011,49,Month-to-month,Electronic check,37.07,1763.48,DSL,No,No
7590-C1012,52,One year,Credit card,62.19,3319.38,Fiber optic,No,No
7590-C1013,12,One year,Electronic check,83.55,1032.87,No,Yes,No
7590-C1014,48,Two year,Mailed check,57.04,2637.4,No,Yes,No
7590-C1015,24,One year,Mailed check,53.27,1249.95,DSL,Yes,Yes
7590-C1016,69,Month-to-month,Bank transfer,48.11,3315.53,DSL,Yes,No
7590-C1017,72,Month-to-month,Mailed check,82.52,6081.78,DSL,Yes,Yes
7590-C1018,7,Two year,Electronic check,75.59,527.25,No,No,No
7590-C1019,38,One year,Credit card,24.44,942.51,Fiber optic,No,No
7590-C1020,59,Two year,Credit card,87.21,5362.23,DSL,Yes,No
7590-C1021,16,Month-to-month,Credit card,59.89,990.07,Fiber optic,No,Yes
7590-C1022,45,One year,Electronic check,104.37,4755.52,DSL,Yes,No
7590-C1023,70,Month-to-month,Mailed check,101.24,7037.87,DSL,No,No
7590-C1024,42,Month-to-month,Bank transfer,94.54,3987.54,Fiber optic,Yes,Yes
7590-C1025,68,Month-to-month,Credit card,86.76,5811.5,No,No,No
7590-C1026,63,Month-to-month,Credit card,49.05,3110.97,Fiber optic,No,Yes
7590-C1027,43,Month-to-month,Credit card,109.38,4715.69,DSL,Yes,No
7590-C1028,21,One year,Bank transfer,98.65,2100.13,DSL,No,No
7590-C1029,5,Month-to-month,Mailed check,23.48,115.29,Fiber optic,Yes,No
7590-C1030,63,Month-to-month,Credit card,47.59,3132.89,No,No,No
7590-C1031,25,Month-to-month,Credit card,103.77,2511.02,No,No,Yes
7590-C1032,16,One year,Bank transfer,76.49,1172.26,Fiber optic,Yes,No
7590-C1033,20,One year,Electronic check,89.49,1796.1,DSL,Yes,No
7590-C1034,55,Two year,Mailed check,90.64,4872.1,Fiber optic,No,No
7590-C1035,69,Month-to-month,Credit card,77.71,5537.89,Fiber optic,Yes,No
7590-C1036,67,Two year,Electronic check,107.75,7363.39,DSL,No,No
7590-C1037,66,Month-to-month,Credit card,46.36,3065.09,DSL,No,No
7590-C1038,3,Month-to-month,Credit card,57.64,179.51,DSL,Yes,Yes
7590-C1039,44,Month-to-month,Mailed check,94.63,4343.44,DSL,No,Yes
7590-C1040,67,Two year,Credit card,99.79,6981.21,DSL,No,No
7590-C1041,69,One year,Credit card,113.37,8034.41,Fiber optic,No,No
7590-C1042,61,Month-to-month,Credit card,86.93,5241.16,No,Yes,No
7590-C1043,65,Two year,Mailed check,54.07,3368.96,Fiber optic,No,No
7590-C1044,37,One year,Mailed check,27.21,967.79,DSL,No,Yes
7590-C1045,7,One year,Mailed check,109.72,741.89,Fiber optic,No,No
7590-C1046,16,Month-to-month,Mailed check,111.44,1706.47,No,No,No
7590-C1047,20,Month-to-month,Electronic check,55.31,1068.06,Fiber optic,No,Yes
7590-C1048,27,Month-to-month,Electronic check,36.52,1002.77,Fiber optic,Yes,No
7590-C1049,3,One year,Electronic check,55.77,169.93,No,No,No
7590-C1050,57,One year,Mailed check,71.66,4030.87,DSL,No,No
7590-C1051,50,Month-to-month,Electronic check,87.03,4565.41,Fiber optic,No,No
7590-C1052,65,Month-to-month,Mailed check,20.7,1367.84,DSL,No,No
7590-C1053,32,Month-to-month,Bank transfer,21.88,732.92,No,Yes,Yes
7590-C1054,26,Month-to-month,Mailed check,43.91,1125.28,DSL,No,Yes
7590-C1055,34,Two year,Electronic check,111.76,3713.97,DSL,Yes,No
7590-C1056,8,Month-to-month,Electronic check,78.97,619.64,DSL,Yes,No
7590-C1057,68,Two year,Electronic check,70.49,4656.35,Fiber optic,No,No
7590-C1058,21,One year,Credit card,114.69,2365.52,DSL,Yes,No
7590-C1059,25,Two year,Mailed check,56.64,1418.63,DSL,No,No
7590-C1060,2,One year,Bank transfer,45.55,89.85,DSL,Yes,No
7590-C1061,48,One year,Electronic check,110.12,5200.54,DSL,No,No
7590-C1062,1,Two year,Credit card,69.69,72.25,DSL,No,No
7590-C1063,29,Month-to-month,Credit card,81.84,2259.46,DSL,Yes,No
7590-C1064,17,Month-to-month,Bank transfer,99.13,1725.67,DSL,No,Yes
7590-C1065,7,Month-to-month,Bank transfer,107.53,777.47,DSL,No,No
7590-C1066,64,Two year,Credit card,38.5,2581.13,DSL,Yes,No
7590-C1067,56,Month-to-month,Electronic check,49.53,2853.13,DSL,Yes,No
7590-C1068,44,One year,Mailed check,70.78,3006.17,DSL,No,No
7590-C1069,49,Month-to-month,Bank transfer,21.62,1040.17,Fiber optic,Yes,No
7590-C1070,66,One year,Mailed check,75.35,4893.95,DSL,No,No
7590-C1071,62,Month-to-month,Credit card,93.84,5592.29,Fiber optic,Yes,Yes
7590-C1072,29,Month-to-month,Electronic check,101.31,2828.13,DSL,No,Yes
7590-C1073,32,One year,Credit card,91.17,2925.91,Fiber optic,Yes,No
7590-C1074,3,Month-to-month,Electronic check,36.64,111.28,DSL,No,Yes
7590-C1075,67,Month-to-month,Credit card,34.63,2288.34,No,No,No
7590-C1076,66,Two year,Mailed check,44.51,2861.66,DSL,No,No
7590-C1077,32,Month-to-month,Mailed check,39.26,1316.19,Fiber optic,No,Yes
7590-C1078,65,One year,Bank transfer,106.57,6916.53,No,No,No
7590-C1079,28,Month-to-month,Bank transfer,37.3,1068.24,DSL,Yes,No
7590-C1080,27,One year,Mailed check,102.62,2706.85,No,No,No
7590-C1081,68,One year,Mailed check,99.87,6849.54,Fiber optic,Yes,No
7590-C1082,38,Month-to-month,Electronic check,93.26,3622.78,No,Yes,Yes
7590-C1083,16,Month-to-month,Bank transfer,27.84,452.38,No,No,No
7590-C1084,1,Month-to-month,Mailed check,69.76,72.81,DSL,Yes,Yes
7590-C1085,54,One year,Mailed check,43.9,2286.2,No,Yes,No
7590-C1086,5,Month-to-month,Mailed check,69.79,360.19,DSL,Yes,Yes
7590-C1087,60,Month-to-month,Mailed check,71.97,4177.96,No,Yes,No
7590-C1088,16,Month-to-month,Bank transfer,28.89,478.95,DSL,No,Yes
7590-C1089,38,Month-to-month,Electronic check,40.31,1534.91,No,No,No
7590-C1090,24,Month-to-month,Mailed check,63.73,1565.65,DSL,Yes,No
7590-C1091,56,Month-to-month,Credit card,90.87,5317.09,No,Yes,No
7590-C1092,58,One year,Mailed check,84.41,4848.53,DSL,No,No
7590-C1093,43,Month-to-month,Bank transfer,82.85,3407.9,No,Yes,Yes
7590-C1094,31,Two year,Bank transfer,91.19,2943.55,No,No,No
7590-C1095,71,Two year,Mailed check,24.34,1735.89,No,No,No
7590-C1096,72,Month-to-month,Credit card,50.64,3743.19,No,Yes,Yes
7590-C1097,6,Month-to-month,Bank transfer,75.6,438.86,DSL,No,No
7590-C1098,52,One year,Mailed check,20.35,1087.39,No,No,No
7590-C1099,10,One year,Mailed check,27.16,272.45,Fiber optic,Yes,No
7590-C1100,30,Month-to-month,Electronic check,46.56,1360.29,Fiber optic,Yes,No
7590-C1101,57,Month-to-month,Bank transfer,97.75,5449.7,DSL,No,No
7590-C1102,63,One year,Electronic check,87.75,5275.9,DSL,Yes,No
7590-C1103,17,Month-to-month,Mailed check,115.26,1988.55,No,No,No
7590-C1104,28,One year,Mailed check,26.56,770.22,Fiber optic,Yes,No
7590-C1105,51,Month-to-month,Bank transfer,51.1,2598.74,DSL,Yes,No
7590-C1106,72,One year,Credit card,99.36,7150.81,Fiber optic,No,No
7590-C1107,67,Month-to-month,Mailed check,27.48,1788.66,DSL,No,No
7590-C1108,45,Month-to-month,Credit card,29.98,1375.77,No,No,Yes
7590-C1109,24,Month-to-month,Bank transfer,97.82,2275.93,DSL,Yes,Yes
7590-C1110,70,Month-to-month,Credit card,98.53,6791.22,No,Yes,No
7590-C1111,14,One year,Mailed check,77.89,1056.69,No,No,No
7590-C1112,29,Month-to-month,Credit card,41.74,1241.9,Fiber optic,Yes,Yes
7590-C1113,29,Month-to-month,Bank transfer,92.09,2679.77,No,No,No
7590-C1114,36,Two year,Electronic check,104.06,3751.01,Fiber optic,Yes,No
7590-C1115,9,Month-to-month,Bank transfer,65.8,565.43,No,No,No
7590-C1116,37,Month-to-month,Credit card,109.6,4008.91,No,No,No
7590-C1117,28,Two year,Bank transfer,63.75,1820.1,No,Yes,No
7590-C1118,18,One year,Electronic check,56.71,1043.0,No,Yes,No
7590-C1119,10,One year,Electronic check,98.87,966.39,No,No,No
7590-C1120,40,One year,Electronic check,101.58,4251.67,DSL,No,No
7590-C1121,27,Month-to-month,Electronic check,81.97,2300.9,No,No,No
7590-C1122,10,Month-to-month,Bank transfer,94.0,978.93,Fiber optic,No,No
7590-C1123,28,Two year,Electronic check,83.39,2268.78,DSL,Yes,No
7590-C1124,36,Month-to-month,Credit card,38.6,1387.07,Fiber optic,No,Yes
7590-C1125,71,Month-to-month,Credit card,63.5,4343.84,Fiber optic,No,Yes
7590-C1126,28,Month-to-month,Electronic check,21.86,583.53,DSL,No,No
7590-C1127,28,One year,Credit card,114.5,3351.81,Fiber optic,No,No
7590-C1128,23,Month-to-month,Bank transfer,101.16,2428.69,No,Yes,Yes
7590-C1129,59,Month-to-month,Mailed check,76.04,4684.18,DSL,Yes,No
7590-C1130,10,Month-to-month,Electronic check,65.35,674.94,DSL,No,Yes
7590-C1131,14,Month-to-month,Credit card,113.98,1550.94,Fiber optic,Yes,No
7590-C1132,71,Month-to-month,Credit card,115.83,7858.73,No,Yes,No
7590-C1133,22,Month-to-month,Electronic check,71.74,1530.76,No,No,No
7590-C1134,71,Month-to-month,Bank transfer,88.28,6002.83,No,No,Yes
7590-C1135,2,Two year,Electronic check,39.4,75.11,DSL,No,No
7590-C1136,53,Month-to-month,Bank transfer,88.69,4467.11,Fiber optic,No,Yes
7590-C1137,72,Month-to-month,Electronic check,55.38,4009.04,DSL,No,No
7590-C1138,66,Month-to-month,Bank transfer,81.28,5104.36,No,No,Yes
7590-C1139,51,One year,Electronic check,60.69,3159.07,No,Yes,No
7590-C1140,1,One year,Bank transfer,57.93,56.17,Fiber optic,No,Yes
7590-C1141,52,Month-to-month,Bank transfer,97.18,5087.77,Fiber optic,No,No
7590-C1142,57,One year,Mailed check,111.63,6443.51,No,No,No
7590-C1143,41,Month-to-month,Mailed check,46.75,1969.69,No,Yes,No
7590-C1144,12,Two year,Credit card,41.65,493.28,No,No,No
7590-C1145,63,Month-to-month,Bank transfer,100.76,6554.53,Fiber optic,No,No
7590-C1146,20,One year,Credit card,22.69,458.77,Fiber optic,Yes,No
7590-C1147,15,Month-to-month,Bank transfer,99.22,1475.56,Fiber optic,No,Yes
7590-C1148,57,Two year,Credit card,97.3,5546.52,DSL,Yes,No
7590-C1149,45,Month-to-month,Electronic check,112.76,5237.93,No,Yes,Yes
7590-C1150,51,Month-to-month,Electronic check,71.94,3733.46,No,No,No
7590-C1151,24,One year,Mailed check,38.22,954.38,DSL,Yes,No
7590-C1152,13,Month-to-month,Bank transfer,66.4,879.24,No,No,Yes
7590-C1153,15,Month-to-month,Credit card,90.16,1407.98,Fiber optic,No,Yes
7590-C1154,59,Two year,Electronic check,117.01,6688.09,No,Yes,No
7590-C1155,52,One year,Credit card,53.83,2777.42,DSL,No,No
7590-C1156,55,Two year,Mailed check,60.42,3316.45,No,No,No
7590-C1157,15,Month-to-month,Mailed check,106.65,1588.88,DSL,No,No
7590-C1158,16,Two year,Bank transfer,53.72,876.84,No,No,No
7590-C1159,2,Month-to-month,Electronic check,38.88,79.53,No,No,Yes
7590-C1160,35,One year,Credit card,56.61,2050.89,Fiber optic,Yes,No
7590-C1161,58,Month-to-month,Mailed check,65.0,3775.99,DSL,Yes,No
7590-C1162,63,Month-to-month,Credit card,50.47,3124.15,DSL,No,No
7590-C1163,52,Two year,Mailed check,42.67,2163.49,DSL,No,No
7590-C1164,20,Month-to-month,Credit card,65.48,1296.48,DSL,Yes,Yes
7590-C1165,45,One year,Mailed check,59.47,2709.02,DSL,No,No
7590-C1166,17,Two year,Bank transfer,97.37,1720.26,No,Yes,No
7590-C1167,2,One year,Credit card,26.71,52.52,No,Yes,No
7590-C1168,49,Two year,Credit card,37.57,1821.26,Fiber optic,Yes,No
7590-C1169,5,Two year,Mailed check,32.59,155.71,Fiber optic,Yes,Yes
7590-C1170,52,Month-to-month,Mailed check,89.06,4408.99,No,No,No
7590-C1171,11,Two year,Mailed check,68.56,726.96,No,No,No
7590-C1172,50,One year,Credit card,113.49,5409.66,DSL,No,No
7590-C1173,68,Two year,Credit card,108.67,7117.98,No,Yes,No
7590-C1174,29,Two year,Electronic check,72.81,2161.67,No,Yes,No
7590-C1175,72,One year,Credit card,88.52,6555.77,Fiber optic,Yes,No
7590-C1176,20,Month-to-month,Electronic check,111.42,2269.76,DSL,Yes,Yes
7590-C1177,64,Month-to-month,Credit card,100.67,6255.26,DSL,Yes,No
7590-C1178,20,One year,Bank transfer,113.46,2237.78,Fiber optic,No,No
7590-C1179,14,One year,Bank transfer,94.15,1315.75,DSL,No,No
7590-C1180,51,Month-to-month,Credit card,69.56,3492.53,DSL,No,No
7590-C1181,11,Month-to-month,Electronic check,34.26,394.73,Fiber optic,Yes,No
7590-C1182,41,Two year,Electronic check,55.04,2320.89,No,Yes,No
7590-C1183,57,Month-to-month,Bank transfer,38.22,2198.03,Fiber optic,No,Yes
7590-C1184,36,Month-to-month,Bank transfer,90.54,3309.98,DSL,No,Yes
7590-C1185,24,Two year,Bank transfer,103.95,2604.94,No,Yes,No
7590-C1186,33,Month-to-month,Mailed check,58.84,1952.79,DSL,Yes,Yes
7590-C1187,25,Month-to-month,Bank transfer,72.6,1765.63,Fiber optic,No,Yes
7590-C1188,60,Month-to-month,Electronic check,103.92,6254.19,DSL,No,Yes
7590-C1189,72,Month-to-month,Credit card,22.01,1653.42,No,Yes,Yes
7590-C1190,18,Month-to-month,Credit card,81.35,1522.35,DSL,Yes,Yes
7590-C1191,36,Month-to-month,Credit card,42.32,1598.31,Fiber optic,Yes,No
7590-C1192,30,Month-to-month,Credit card,32.37,985.29,Fiber optic,Yes,No
7590-C1193,46,Month-to-month,Electronic check,114.24,5002.04,Fiber optic,Yes,No
7590-C1194,65,Two year,Bank transfer,27.97,1756.12,Fiber optic,Yes,No
7590-C1195,60,Two year,Mailed check,27.78,1741.71,No,No,No
7590-C1196,32,Month-to-month,Credit card,74.69,2439.16,No,Yes,Yes
7590-C1197,15,Month-to-month,Electronic check,27.87,412.91,DSL,No,No
7590-C1198,45,Month-to-month,Electronic check,76.04,3423.17,Fiber optic,Yes,No
7590-C1199,18,One year,Mailed check,113.62,1990.39,No,Yes,No
7590-C1200,27,One year,Electronic check,24.76,672.6,No,Yes,No
7590-C1201,65,Month-to-month,Electronic check,100.11,6497.43,DSL,No,No
7590-C1202,38,Month-to-month,Electronic check,112.6,4221.36,DSL,Yes,No
7590-C1203,29,One year,Mailed check,61.84,1713.88,Fiber optic,Yes,No
7590-C1204,32,Month-to-month,Electronic check,107.29,3313.3,No,No,Yes
7590-C1205,46,Month-to-month,Bank transfer,22.51,1034.09,No,No,Yes
7590-C1206,11,Two year,Bank transfer,116.2,1339.85,Fiber optic,No,No
7590-C1207,2,Two year,Electronic check,37.42,78.24,Fiber optic,Yes,No
7590-C1208,3,One year,Bank transfer,29.23,88.74,No,Yes,No
7590-C1209,9,One year,Credit card,117.22,1027.83,Fiber optic,No,Yes
7590-C1210,53,Two year,Credit card,113.12,5811.32,DSL,Yes,No
7590-C1211,13,Month-to-month,Credit card,56.54,758.15,No,No,No
7590-C1212,67,One year,Electronic check,92.54,6442.35,No,Yes,No
7590-C1213,4,One year,Mailed check,66.67,274.73,No,Yes,Yes
7590-C1214,72,One year,Mailed check,26.92,1911.97,No,Yes,No
7590-C1215,60,Month-to-month,Mailed check,89.74,5626.42,DSL,No,No
7590-C1216,21,Month-to-month,Mailed check,72.23,1547.4,DSL,Yes,Yes
7590-C1217,24,Month-to-month,Bank transfer,60.91,1486.87,DSL,Yes,Yes
7590-C1218,20,One year,Bank transfer,44.57,897.05,Fiber optic,No,No
7590-C1219,10,One year,Credit card,57.31,572.68,DSL,Yes,No
7590-C1220,13,Month-to-month,Bank transfer,38.34,497.95,DSL,Yes,Yes
7590-C1221,5,Month-to-month,Mailed check,101.17,515.05,No,Yes,No
7590-C1222,58,Month-to-month,Bank transfer,72.58,4320.14,DSL,No,No
7590-C1223,44,Two year,Credit card,114.26,5120.05,No,No,No
7590-C1224,55,One year,Credit card,90.11,4877.87,DSL,Yes,No
7590-C1225,66,Two year,Mailed check,65.83,4203.49,No,Yes,No
7590-C1226,64,Month-to-month,Credit card,22.37,1449.44,No,Yes,No
7590-C1227,49,Two year,Bank transfer,90.76,4382.43,Fiber optic,No,No
7590-C1228,69,One year,Bank transfer,28.07,2026.58,No,No,No
7590-C1229,55,Month-to-month,Electronic check,41.34,2309.48,Fiber optic,Yes,Yes
7590-C1230,44,Month-to-month,Bank transfer,66.43,2837.91,No,Yes,Yes
7590-C1231,56,Month-to-month,Electronic check,64.58,3771.78,Fiber optic,No,Yes
7590-C1232,72,Two year,Credit card,79.41,6000.76,Fiber optic,Yes,No
7590-C1233,16,Month-to-month,Credit card,21.58,342.42,Fiber optic,Yes,Yes
7590-C1234,59,Month-to-month,Credit card,23.81,1434.31,Fiber optic,No,No
7590-C1235,26,Month-to-month,Electronic check,26.98,736.02,Fiber optic,No,Yes
7590-C1236,58,One year,Bank transfer,81.24,4721.38,No,Yes,No
7590-C1237,59,One year,Credit card,30.98,1918.55,No,Yes,No
7590-C1238,49,Month-to-month,Mailed check,110.77,5583.69,No,Yes,Yes
7590-C1239,17,One year,Credit card,65.48,1150.41,Fiber optic,Yes,No
7590-C1240,7,Month-to-month,Bank transfer,34.83,243.96,DSL,Yes,Yes
7590-C1241,30,One year,Bank transfer,39.42,1207.99,DSL,No,No
7590-C1242,31,Month-to-month,Electronic check,94.37,2843.29,DSL,Yes,No
7590-C1243,68,Month-to-month,Bank transfer,26.99,1877.95,DSL,No,Yes
7590-C1244,60,One year,Electronic check,106.64,6137.21,No,Yes,No
7590-C1245,15,One year,Electronic check,99.91,1571.59,Fiber optic,Yes,No
7590-C1246,18,Month-to-month,Credit card,90.13,1703.42,DSL,Yes,Yes
7590-C1247,50,Month-to-month,Electronic check,102.44,,No,Yes,No
7590-C1248,39,Month-to-month,Bank transfer,42.53,1601.92,DSL,No,No
7590-C1249,30,Two year,Bank transfer,110.42,3386.69,Fiber optic,No,No
7590-C1250,37,One year,Electronic check,74.55,2766.66,Fiber optic,Yes,No
7590-C1251,6,Month-to-month,Bank transfer,70.91,426.31,DSL,No,Yes
7590-C1252,38,Month-to-month,Credit card,77.77,2846.36,Fiber optic,Yes,No
7590-C1253,32,Month-to-month,Mailed check,77.27,2523.16,No,Yes,No
7590-C1254,28,Month-to-month,Bank transfer,48.0,1409.01,DSL,Yes,Yes
7590-C1255,4,Month-to-month,Mailed check,98.81,392.1,Fiber optic,No,Yes
7590-C1256,14,Month-to-month,Electronic check,61.37,870.52,Fiber optic,No,No
7590-C1257,57,One year,Electronic check,41.71,2275.86,DSL,Yes,No
7590-C1258,61,One year,Credit card,110.27,6689.97,DSL,Yes,No
7590-C1259,4,Month-to-month,Credit card,69.17,286.33,No,Yes,Yes
7590-C1260,72,Two year,Credit card,97.06,7066.26,Fiber optic,Yes,No
7590-C1261,1,One year,Electronic check,87.84,90.26,No,No,No
7590-C1262,36,Month-to-month,Electronic check,98.48,3678.14,DSL,No,No
7590-C1263,60,One year,Electronic check,107.15,6209.35,Fiber optic,Yes,No
7590-C1264,69,Month-to-month,Mailed check,61.01,4362.64,No,Yes,No
7590-C1265,68,Two year,Bank transfer,65.1,4234.03,Fiber optic,Yes,No
7590-C1266,44,One year,Credit card,23.83,1088.24,DSL,Yes,No
7590-C1267,1,Month-to-month,Electronic check,71.94,73.93,No,No,Yes
7590-C1268,21,One year,Mailed check,113.23,2451.01,No,No,No
7590-C1269,43,One year,Credit card,108.91,4588.06,Fiber optic,No,No
7590-C1270,51,Two year,Electronic check,111.08,5534.22,No,Yes,No
7590-C1271,48,Two year,Electronic check,101.42,5022.48,Fiber optic,No,No
7590-C1272,62,Two year,Credit card,35.94,2183.87,DSL,No,No
7590-C1273,57,One year,Credit card,74.98,4289.8,DSL,No,No
7590-C1274,16,Month-to-month,Bank transfer,50.89,819.78,No,No,No
7590-C1275,22,Month-to-month,Bank transfer,26.18,567.03,DSL,No,No
7590-C1276,13,One year,Credit card,70.76,944.7,DSL,Yes,No
7590-C1277,17,Month-to-month,Electronic check,30.04,508.74,No,No,Yes
7590-C1278,30,Two year,Credit card,74.87,2153.23,Fiber optic,Yes,No
7590-C1279,1,Two year,Mailed check,70.5,68.52,DSL,No,No
7590-C1280,45,Month-to-month,Electronic check,40.75,1827.35,Fiber optic,No,Yes
7590-C1281,2,One year,Electronic check,21.0,40.93,No,Yes,No
7590-C1282,20,Month-to-month,Mailed check,43.41,836.74,No,No,No
7590-C1283,57,One year,Bank transfer,37.4,2168.57,Fiber optic,No,No
7590-C1284,65,Two year,Credit card,73.05,4938.99,DSL,Yes,No
7590-C1285,30,Month-to-month,Mailed check,40.52,1188.39,No,No,Yes
7590-C1286,3,Month-to-month,Mailed check,111.92,335.9,Fiber optic,No,Yes
7590-C1287,21,Two year,Bank transfer,52.98,1101.45,No,No,Yes
7590-C1288,72,Two year,Bank transfer,66.34,4658.15,Fiber optic,No,No
7590-C1289,10,Two year,Credit card,117.17,1197.0,No,No,Yes
7590-C1290,4,One year,Mailed check,83.86,349.46,No,Yes,No
7590-C1291,68,One year,Electronic check,76.73,5381.5,DSL,No,No
7590-C1292,1,Month-to-month,Electronic check,86.84,87.08,DSL,Yes,Yes
7590-C1293,1,Month-to-month,Mailed check,60.77,60.72,No,No,Yes
7590-C1294,64,Two year,Credit card,88.54,5484.35,DSL,No,No
7590-C1295,18,One year,Bank transfer,106.19,1925.08,Fiber optic,Yes,No
7590-C1296,16,Two year,Credit card,72.92,1138.88,Fiber optic,Yes,No
7590-C1297,60,Month-to-month,Mailed check,64.04,3677.77,Fiber optic,Yes,Yes
7590-C1298,21,Month-to-month,Bank transfer,91.23,1974.87,No,No,No
7590-C1299,6,One year,Bank transfer,116.65,691.0,No,No,No
7590-C1300,32,Month-to-month,Mailed check,52.97,1640.11,Fiber optic,No,No
7590-C1301,68,Month-to-month,Electronic check,109.54,7768.26,No,No,Yes
7590-C1302,60,Month-to-month,Mailed check,108.8,6453.35,No,Yes,No
7590-C1303,63,Month-to-month,Mailed check,96.8,5889.32,No,No,No
7590-C1304,38,One year,Credit card,50.94,2005.05,No,Yes,No
7590-C1305,50,Two year,Credit card,67.83,3365.86,Fiber optic,No,No
7590-C1306,46,Month-to-month,Credit card,100.23,4732.57,No,No,Yes
7590-C1307,43,Month-to-month,Mailed check,26.17,1121.84,No,No,Yes
7590-C1308,50,Month-to-month,Credit card,25.46,1212.38,DSL,Yes,No
7590-C1309,26,Two year,Credit card,68.31,1816.63,Fiber optic,Yes,No
7590-C1310,29,Month-to-month,Bank transfer,105.14,3124.44,Fiber optic,Yes,Yes
7590-C1311,26,Two year,Mailed check,114.32,2986.2,No,No,No
7590-C1312,18,Month-to-month,Credit card,52.03,891.68,DSL,Yes,Yes
7590-C1313,49,Month-to-month,Electronic check,57.85,2761.8,DSL,No,Yes
7590-C1314,8,Month-to-month,Credit card,53.82,437.29,No,No,Yes
7590-C1315,21,One year,Credit card,87.29,1850.08,DSL,Yes,No
7590-C1316,33,Month-to-month,Electronic check,43.03,1351.66,No,No,No
7590-C1317,8,Month-to-month,Credit card,87.51,674.69,No,No,Yes
7590-C1318,9,One year,Credit card,25.77,220.82,DSL,Yes,No
7590-C1319,32,One year,Credit card,58.07,1906.07,DSL,No,No
7590-C1320,11,Month-to-month,Credit card,89.43,1026.31,Fiber optic,Yes,No
7590-C1321,60,One year,Electronic check,47.42,2836.81,No,No,No
7590-C1322,61,Month-to-month,Electronic check,54.86,3221.26,DSL,Yes,No
7590-C1323,16,One year,Mailed check,70.39,1178.57,Fiber optic,Yes,No
7590-C1324,31,One year,Electronic check,102.26,3183.9,DSL,Yes,No
7590-C1325,34,Two year,Bank transfer,104.0,3583.21,DSL,No,No
7590-C1326,68,Two year,Bank transfer,56.26,3646.99,Fiber optic,Yes,No
7590-C1327,49,Month-to-month,Mailed check,36.56,1799.2,Fiber optic,Yes,No
7590-C1328,10,Two year,Mailed check,30.54,298.05,DSL,Yes,No
7590-C1329,48,Month-to-month,Credit card,88.76,4111.43,DSL,Yes,Yes
7590-C1330,40,Month-to-month,Mailed check,28.54,1130.37,Fiber optic,Yes,Yes
7590-C1331,11,One year,Mailed check,115.29,1233.58,Fiber optic,Yes,Yes
7590-C1332,12,Month-to-month,Bank transfer,94.42,1116.68,No,Yes,No
7590-C1333,70,One year,Mailed check,80.92,5770.12,Fiber optic,Yes,No
7590-C1334,33,Month-to-month,Electronic check,106.74,3361.09,Fiber optic,Yes,Yes
7590-C1335,70,Two year,Electronic check,99.57,7156.44,DSL,No,No
7590-C1336,69,Month-to-month,Mailed check,45.69,2995.07,Fiber optic,Yes,No
7590-C1337,48,Two year,Mailed check,99.34,4844.78,No,Yes,No
7590-C1338,60,Two year,Mailed check,99.55,6061.81,Fiber optic,Yes,No
7590-C1339,64,Month-to-month,Bank transfer,67.64,4484.58,No,No,Yes
7590-C1340,20,Month-to-month,Mailed check,70.36,1346.21,No,No,No
7590-C1341,71,Month-to-month,Mailed check,111.79,8275.1,DSL,No,Yes
7590-C1342,21,Two year,Credit card,96.21,2097.39,DSL,No,No
7590-C1343,22,Month-to-month,Mailed check,29.13,620.51,No,No,No
7590-C1344,7,Month-to-month,Mailed check,67.91,452.3,No,Yes,No
7590-C1345,46,Month-to-month,Mailed check,47.58,2297.09,Fiber optic,Yes,Yes
7590-C1346,51,Month-to-month,Mailed check,84.39,4316.68,No,Yes,No
7590-C1347,11,Month-to-month,Credit card,26.35,287.2,Fiber optic,No,Yes
7590-C1348,40,Month-to-month,Bank transfer,89.77,3746.8,No,No,Yes
7590-C1349,40,One year,Bank transfer,92.77,3705.89,DSL,Yes,No
7590-C1350,19,One year,Electronic check,82.57,1559.23,Fiber optic,Yes,No
7590-C1351,57,Month-to-month,Electronic check,27.12,1571.38,No,Yes,No
7590-C1352,6,Month-to-month,Credit card,48.24,275.15,DSL,No,Yes
7590-C1353,23,Month-to-month,Credit card,68.56,1608.85,DSL,Yes,Yes
7590-C1354,10,Month-to-month,Credit card,90.58,886.05,Fiber optic,No,No
7590-C1355,69,Month-to-month,Mailed check,65.44,4687.44,DSL,No,No
7590-C1356,13,Month-to-month,Mailed check,72.72,985.85,No,Yes,Yes
7590-C1357,70,Month-to-month,Credit card,48.51,3440.07,DSL,No,No
7590-C1358,52,Month-to-month,Credit card,111.53,5636.82,Fiber optic,No,Yes
7590-C1359,71,Two year,Credit card,51.33,3821.83,Fiber optic,Yes,No
7590-C1360,41,Month-to-month,Mailed check,56.19,2296.92,DSL,No,No
7590-C1361,58,Month-to-month,Bank transfer,57.54,3373.61,Fiber optic,No,Yes
7590-C1362,30,Two year,Bank transfer,78.6,2277.97,DSL,Yes,No
7590-C1363,17,One year,Credit card,68.07,1099.85,No,No,No
7590-C1364,50,Month-to-month,Electronic check,108.83,5460.6,No,Yes,Yes
7590-C1365,65,One year,Credit card,72.99,4881.97,Fiber optic,No,No
7590-C1366,52,One year,Electronic check,43.05,2282.97,No,Yes,No
7590-C1367,52,Month-to-month,Mailed check,57.74,2938.25,No,Yes,Yes
7590-C1368,1,Month-to-month,Bank transfer,113.26,114.68,No,Yes,Yes
7590-C1369,39,Month-to-month,Electronic check,71.48,2850.31,DSL,Yes,Yes
7590-C1370,16,Month-to-month,Credit card,59.21,983.76,DSL,Yes,Yes
7590-C1371,53,Two year,Bank transfer,29.2,1600.96,DSL,No,No
7590-C1372,8,Month-to-month,Mailed check,25.05,192.51,DSL,Yes,Yes
7590-C1373,69,One year,Credit card,23.33,1572.73,Fiber optic,No,No
7590-C1374,49,Two year,Bank transfer,54.45,2677.67,Fiber optic,No,No
7590-C1375,37,Month-to-month,Bank transfer,110.77,4104.28,Fiber optic,No,Yes
7590-C1376,64,One year,Bank transfer,66.18,4045.31,DSL,No,No
7590-C1377,55,Month-to-month,Credit card,99.81,5466.39,DSL,No,No
7590-C1378,44,Month-to-month,Mailed check,109.63,4737.36,No,No,Yes
7590-C1379,28,One year,Bank transfer,90.99,2561.08,No,Yes,No
7590-C1380,20,One year,Mailed check,52.48,1055.34,Fiber optic,No,No
7590-C1381,61,Month-to-month,Mailed check,87.2,5141.05,Fiber optic,No,No
7590-C1382,33,One year,Bank transfer,57.56,1919.7,Fiber optic,Yes,No
7590-C1383,54,Month-to-month,Mailed check,33.51,1735.61,No,Yes,No
7590-C1384,53,One year,Bank transfer,36.37,1903.06,Fiber optic,Yes,No
7590-C1385,36,Two year,Electronic check,86.34,3236.39,DSL,Yes,No
7590-C1386,35,Month-to-month,Electronic check,35.11,1201.43,Fiber optic,Yes,No
7590-C1387,69,Month-to-month,Credit card,32.52,2330.52,DSL,Yes,No
7590-C1388,41,One year,Electronic check,24.47,1033.64,No,No,No
7590-C1389,4,Month-to-month,Bank transfer,56.68,219.67,DSL,No,No
7590-C1390,33,Month-to-month,Mailed check,46.67,1490.47,Fiber optic,Yes,No
7590-C1391,32,Two year,Mailed check,87.01,2780.06,DSL,Yes,No
7590-C1392,9,Month-to-month,Credit card,113.26,1019.03,No,Yes,Yes
7590-C1393,16,One year,Electronic check,110.84,1849.92,DSL,No,Yes
7590-C1394,48,Month-to-month,Electronic check,109.94,5103.85,DSL,No,No
7590-C1395,28,One year,Credit card,37.56,1077.2,DSL,Yes,No
7590-C1396,13,One year,Mailed check,85.55,1092.65,No,Yes,No
7590-C1397,33,Two year,Mailed check,60.97,2061.9,DSL,Yes,Yes
7590-C1398,64,Month-to-month,Bank transfer,55.27,3388.26,No,No,No
7590-C1399,31,Month-to-month,Electronic check,104.48,3112.19,DSL,Yes,Yes
7590-C1400,69,Month-to-month,Credit card,113.96,7935.65,Fiber optic,Yes,Yes
7590-C1401,30,Month-to-month,Bank transfer,38.55,1190.26,No,Yes,Yes
7590-C1402,41,Two year,Credit card,103.64,4443.26,No,Yes,No
7590-C1403,15,Month-to-month,Mailed check,101.43,1505.65,Fiber optic,Yes,Yes
7590-C1404,72,Month-to-month,Credit card,72.73,5372.2,DSL,Yes,Yes
7590-C1405,34,Month-to-month,Mailed check,99.06,3267.86,Fiber optic,Yes,Yes
7590-C1406,15,Month-to-month,Electronic check,22.0,346.1,No,Yes,Yes
7590-C1407,68,One year,Bank transfer,61.65,4255.06,DSL,No,No
7590-C1408,29,Month-to-month,Mailed check,49.61,1505.87,Fiber optic,No,Yes
7590-C1409,46,Two year,Bank transfer,95.18,4466.56,Fiber optic,No,No
7590-C1410,4,Two year,Electronic check,56.5,228.71,DSL,No,Yes
7590-C1411,30,Month-to-month,Mailed check,60.66,1885.24,DSL,No,Yes
7590-C1412,48,One year,Credit card,44.98,2142.5,No,Yes,No
7590-C1413,39,Month-to-month,Mailed check,88.14,3408.54,Fiber optic,Yes,No
7590-C1414,57,One year,Electronic check,26.04,1557.92,DSL,Yes,No
7590-C1415,27,Month-to-month,Electronic check,62.57,1754.01,Fiber optic,No,No
7590-C1416,52,One year,Mailed check,66.73,3548.29,No,Yes,No
7590-C1417,58,Two year,Mailed check,53.78,3145.47,DSL,Yes,No
7590-C1418,34,Month-to-month,Credit card,24.25,836.28,Fiber optic,No,No
7590-C1419,67,One year,Mailed check,40.6,2662.57,Fiber optic,Yes,No
7590-C1420,63,Month-to-month,Bank transfer,94.22,6088.62,No,No,No
7590-C1421,28,Month-to-month,Electronic check,54.07,1507.42,Fiber optic,Yes,Yes
7590-C1422,54,Month-to-month,Mailed check,78.33,4083.39,Fiber optic,Yes,Yes
7590-C1423,4,Two year,Mailed check,101.43,393.71,DSL,Yes,No
7590-C1424,15,Two year,Mailed check,65.72,995.22,DSL,Yes,No
7590-C1425,62,Two year,Bank transfer,86.49,5279.78,Fiber optic,Yes,No
7590-C1426,58,Month-to-month,Mailed check,69.35,3838.39,Fiber optic,Yes,Yes
7590-C1427,16,One year,Electronic check,110.74,1792.3,DSL,No,No
7590-C1428,14,Month-to-month,Electronic check,33.58,489.38,DSL,No,Yes
7590-C1429,3,Month-to-month,Mailed check,103.97,321.54,Fiber optic,Yes,Yes
7590-C1430,47,Month-to-month,Credit card,94.08,4576.5,DSL,No,Yes
7590-C1431,53,Month-to-month,Electronic check,82.81,4364.96,No,No,No
7590-C1432,21,Month-to-month,Credit card,31.46,677.6,Fiber optic,Yes,No
7590-C1433,43,Two year,Electronic check,115.66,4736.93,Fiber optic,Yes,No
7590-C1434,24,One year,Mailed check,37.33,921.51,No,Yes,No
7590-C1435,43,Two year,Credit card,105.2,4715.1,No,No,No
7590-C1436,56,Two year,Bank transfer,110.03,6196.93,DSL,No,No
7590-C1437,1,Two year,Electronic check,58.51,57.6,Fiber optic,Yes,No
7590-C1438,6,Month-to-month,Mailed check,80.67,496.99,DSL,Yes,No
7590-C1439,2,One year,Credit card,95.7,199.33,DSL,Yes,Yes
7590-C1440,65,Month-to-month,Electronic check,96.18,6051.31,No,No,No
7590-C1441,4,Month-to-month,Electronic check,95.98,381.43,No,Yes,Yes
7590-C1442,3,Month-to-month,Electronic check,59.41,177.35,No,Yes,Yes
7590-C1443,25,Two year,Bank transfer,90.5,2250.3,DSL,Yes,No
7590-C1444,16,One year,Mailed check,86.2,1439.2,No,Yes,No
7590-C1445,2,Month-to-month,Electronic check,78.5,154.81,Fiber optic,Yes,No
7590-C1446,23,Month-to-month,Bank transfer,89.91,2122.24,Fiber optic,Yes,Yes
7590-C1447,70,Month-to-month,Mailed check,107.96,7388.48,DSL,No,Yes
7590-C1448,35,Month-to-month,Credit card,89.67,2985.6,Fiber optic,Yes,Yes
7590-C1449,47,Two year,Bank transfer,39.33,1868.33,No,No,No
7590-C1450,18,Month-to-month,Electronic check,61.44,1061.66,DSL,Yes,Yes
7590-C1451,65,One year,Mailed check,84.12,5460.55,No,Yes,No
7590-C1452,15,One year,Bank transfer,72.97,1137.9,No,Yes,No
7590-C1453,16,Month-to-month,Credit card,115.22,1870.0,DSL,Yes,Yes
7590-C1454,17,Month-to-month,Credit card,51.94,874.99,Fiber optic,No,No
7590-C1455,23,Month-to-month,Bank transfer,87.36,2106.55,DSL,No,Yes
7590-C1456,21,One year,Electronic check,102.67,2086.34,DSL,Yes,No
7590-C1457,20,One year,Credit card,110.74,2226.85,No,No,No
7590-C1458,70,One year,Electronic check,90.21,6259.24,No,No,No
7590-C1459,26,One year,Bank transfer,65.37,1718.06,No,Yes,No
7590-C1460,15,Month-to-month,Bank transfer,68.64,984.98,DSL,Yes,Yes
7590-C1461,8,One year,Bank transfer,54.73,451.5,DSL,No,No
7590-C1462,52,Month-to-month,Electronic check,72.24,3934.41,No,Yes,Yes
7590-C1463,65,Two year,Electronic check,24.96,1664.38,DSL,No,No
7590-C1464,36,One year,Bank transfer,35.46,1290.07,DSL,No,No
7590-C1465,11,Two year,Mailed check,88.64,994.59,Fiber optic,Yes,No
7590-C1466,34,Month-to-month,Electronic check,29.51,997.47,Fiber optic,Yes,No
7590-C1467,3,Month-to-month,Credit card,71.9,212.42,DSL,Yes,No
7590-C1468,23,One year,Credit card,47.26,1119.11,DSL,No,No
7590-C1469,23,Month-to-month,Mailed check,91.37,2018.07,DSL,Yes,Yes
7590-C1470,65,Two year,Bank transfer,92.81,5796.58,No,Yes,No
7590-C1471,27,One year,Mailed check,61.87,1752.46,No,Yes,No
7590-C1472,38,Month-to-month,Credit card,30.68,,DSL,No,No
7590-C1473,58,Two year,Electronic check,74.93,4158.68,No,Yes,No
7590-C1474,16,Month-to-month,Bank transfer,55.18,920.68,Fiber optic,No,Yes
7590-C1475,36,Two year,Credit card,49.21,1757.18,DSL,No,Yes
7590-C1476,8,Month-to-month,Credit card,116.43,974.51,No,No,Yes
7590-C1477,32,One year,Mailed check,73.08,2355.88,No,Yes,No
7590-C1478,16,Two year,Bank transfer,94.09,1512.02,No,No,No
7590-C1479,29,Month-to-month,Mailed check,94.69,2797.83,Fiber optic,No,No
7590-C1480,68,Month-to-month,Bank transfer,86.47,6092.26,No,Yes,Yes
7590-C1481,47,Two year,Electronic check,112.46,5418.57,No,Yes,No
7590-C1482,68,Month-to-month,Mailed check,27.78,1853.42,Fiber optic,Yes,No
7590-C1483,68,Two year,Bank transfer,70.92,4916.55,DSL,Yes,No
7590-C1484,26,One year,Electronic check,40.4,1019.48,Fiber optic,No,No
7590-C1485,9,One year,Mailed check,89.05,833.38,DSL,Yes,No
7590-C1486,68,Two year,Bank transfer,112.26,7306.84,Fiber optic,Yes,No
7590-C1487,36,Month-to-month,Mailed check,49.86,1763.8,No,Yes,No
7590-C1488,66,Month-to-month,Bank transfer,93.81,6483.86,Fiber optic,Yes,No
7590-C1489,30,Month-to-month,Credit card,50.94,1499.95,DSL,Yes,No
7590-C1490,27,One year,Bank transfer,96.48,2631.82,Fiber optic,Yes,No
7590-C1491,9,Two year,Electronic check,50.41,452.51,Fiber optic,No,No
7590-C1492,1,Month-to-month,Credit card,96.17,96.48,No,Yes,Yes
7590-C1493,34,Month-to-month,Bank transfer,71.88,2531.14,DSL,Yes,No
7590-C1494,62,One year,Mailed check,95.67,5646.42,DSL,Yes,No
7590-C1495,43,Two year,Credit card,35.06,1433.01,DSL,Yes,No
7590-C1496,35,Month-to-month,Bank transfer,109.25,3677.42,No,No,No
7590-C1497,25,Month-to-month,Credit card,76.71,1855.61,DSL,Yes,No
7590-C1498,45,One year,Mailed check,99.13,4383.28,DSL,Yes,No
7590-C1499,19,Two year,Mailed check,110.25,2163.61,DSL,No,No
7590-C1500,12,Month-to-month,Electronic check,98.48,1147.03,Fiber optic,Yes,Yes
7590-C1501,23,Two year,Credit card,24.08,532.88,DSL,No,No
7590-C1502,44,Month-to-month,Credit card,57.15,2579.68,No,No,No
7590-C1503,66,Month-to-month,Mailed check,59.09,3952.23,DSL,Yes,No
7590-C1504,64,Two year,Mailed check,82.61,5311.13,Fiber optic,No,No
7590-C1505,8,Month-to-month,Electronic check,37.46,285.1,DSL,Yes,Yes
7590-C1506,46,Month-to-month,Bank transfer,62.4,2832.57,DSL,No,Yes
7590-C1507,23,Month-to-month,Bank transfer,87.35,2083.81,Fiber optic,No,Yes
7590-C1508,36,Month-to-month,Electronic check,64.88,2348.41,Fiber optic,Yes,No
7590-C1509,70,Month-to-month,Credit card,66.41,4659.19,DSL,No,Yes
7590-C1510,26,Month-to-month,Mailed check,89.19,2359.16,DSL,Yes,No
7590-C1511,62,One year,Electronic check,39.98,2416.03,Fiber optic,Yes,No
7590-C1512,51,Month-to-month,Bank transfer,103.12,5503.47,Fiber optic,Yes,No
7590-C1513,68,Two year,Mailed check,49.0,3251.74,Fiber optic,No,No
7590-C1514,50,Month-to-month,Mailed check,108.85,5325.5,Fiber optic,No,No
7590-C1515,29,Two year,Electronic check,91.57,2643.33,Fiber optic,Yes,No
7590-C1516,15,Month-to-month,Bank transfer,112.3,1622.68,Fiber optic,Yes,No
7590-C1517,5,One year,Credit card,84.62,425.34,Fiber optic,No,No
7590-C1518,31,One year,Credit card,93.53,2955.85,No,Yes,No
7590-C1519,38,Month-to-month,Electronic check,78.41,2944.1,Fiber optic,No,No
7590-C1520,15,One year,Bank transfer,73.03,1079.25,DSL,No,No
7590-C1521,28,Month-to-month,Credit card,96.21,2733.61,DSL,Yes,Yes
7590-C1522,3,Month-to-month,Mailed check,70.32,219.46,Fiber optic,No,Yes
7590-C1523,70,Month-to-month,Electronic check,27.73,1972.63,No,Yes,Yes
7590-C1524,52,One year,Bank transfer,75.29,3806.62,Fiber optic,No,No
7590-C1525,8,One year,Electronic check,32.43,,No,Yes,No
7590-C1526,33,Two year,Bank transfer,78.62,2569.06,Fiber optic,No,No
7590-C1527,43,Two year,Mailed check,52.52,2266.87,DSL,No,No
7590-C1528,34,One year,Credit card,109.19,3717.78,No,No,No
7590-C1529,22,Month-to-month,Mailed check,92.59,1973.34,No,Yes,No
7590-C1530,37,One year,Bank transfer,101.83,3820.24,No,Yes,No
7590-C1531,9,Two year,Electronic check,59.63,558.09,No,Yes,No
7590-C1532,62,Two year,Mailed check,60.57,3602.94,Fiber optic,Yes,No
7590-C1533,7,One year,Credit card,106.14,754.73,DSL,Yes,No
7590-C1534,46,Month-to-month,Credit card,21.59,973.41,No,Yes,No
7590-C1535,56,One year,Mailed check,29.28,1644.43,Fiber optic,No,No
7590-C1536,21,Two year,Mailed check,89.34,1796.39,DSL,No,No
7590-C1537,11,Month-to-month,Mailed check,77.16,853.32,DSL,No,Yes
7590-C1538,71,Month-to-month,Mailed check,116.35,8442.22,Fiber optic,Yes,No
7590-C1539,55,Two year,Bank transfer,90.38,4825.41,No,Yes,No
7590-C1540,25,Month-to-month,Electronic check,22.44,578.53,No,Yes,Yes
7590-C1541,51,Month-to-month,Mailed check,108.28,5322.63,No,No,No
7590-C1542,53,Two year,Bank transfer,87.42,4445.65,DSL,No,No
7590-C1543,48,Month-to-month,Mailed check,101.73,4903.34,No,No,No
7590-C1544,31,Two year,Electronic check,93.15,2873.96,DSL,No,No
7590-C1545,35,Two year,Mailed check,110.98,4022.94,Fiber optic,Yes,No
7590-C1546,29,Month-to-month,Credit card,51.38,1479.32,Fiber optic,Yes,No
7590-C1547,34,Month-to-month,Credit card,74.24,2570.46,No,Yes,No
7590-C1548,26,Month-to-month,Mailed check,69.31,1825.48,No,No,Yes
7590-C1549,56,Two year,Credit card,68.21,3841.91,Fiber optic,No,No
7590-C1550,52,Month-to-month,Bank transfer,62.13,3146.5,DSL,Yes,No
7590-C1551,63,One year,Bank transfer,83.99,5103.88,No,No,No
7590-C1552,53,Month-to-month,Mailed check,55.17,2836.35,No,Yes,No
7590-C1553,17,Month-to-month,Mailed check,48.14,831.4,Fiber optic,Yes,Yes
7590-C1554,16,Month-to-month,Electronic check,98.25,1547.53,DSL,Yes,Yes
7590-C1555,55,One year,Credit card,65.01,3748.78,No,No,No
7590-C1556,57,One year,Bank transfer,48.25,2850.18,No,Yes,No
7590-C1557,16,Month-to-month,Bank transfer,105.39,1710.32,DSL,No,Yes
7590-C1558,33,Month-to-month,Electronic check,78.51,2524.13,DSL,No,Yes
7590-C1559,14,Two year,Electronic check,72.56,1051.54,DSL,No,No
7590-C1560,60,Month-to-month,Mailed check,89.54,5381.32,DSL,No,No
7590-C1561,66,Month-to-month,Credit card,63.43,4173.34,DSL,Yes,No
7590-C1562,35,One year,Electronic check,75.59,2708.62,DSL,Yes,No
7590-C1563,5,Month-to-month,Electronic check,68.61,329.53,DSL,No,Yes
7590-C1564,27,Two year,Credit card,55.11,1439.03,Fiber optic,No,Yes
7590-C1565,38,Month-to-month,Credit card,105.98,4148.69,No,No,No
7590-C1566,45,Month-to-month,Electronic check,87.07,3857.49,Fiber optic,No,Yes
7590-C1567,54,Two year,Electronic check,20.8,1142.4,Fiber optic,Yes,No
7590-C1568,60,Month-to-month,Credit card,100.03,5950.32,Fiber optic,No,No
7590-C1569,62,Two year,Credit card,68.22,4379.45,DSL,No,No
7590-C1570,40,Month-to-month,Mailed check,112.6,4716.91,Fiber optic,Yes,Yes
7590-C1571,71,Month-to-month,Mailed check,67.42,4907.38,No,Yes,No
7590-C1572,5,Two year,Electronic check,115.22,601.13,DSL,Yes,Yes
7590-C1573,63,Month-to-month,Bank transfer,61.71,3957.82,No,Yes,No
7590-C1574,68,Month-to-month,Bank transfer,51.18,3386.87,Fiber optic,Yes,Yes
7590-C1575,49,Month-to-month,Bank transfer,72.93,3582.97,Fiber optic,Yes,No
7590-C1576,7,One year,Credit card,109.25,799.48,Fiber optic,No,No
7590-C1577,64,One year,Credit card,63.18,3911.38,No,No,No
7590-C1578,10,Two year,Credit card,67.63,647.76,DSL,Yes,No
7590-C1579,68,Month-to-month,Bank transfer,64.06,4559.55,Fiber optic,Yes,No
7590-C1580,11,One year,Credit card,90.61,963.79,No,Yes,No
7590-C1581,48,Month-to-month,Credit card,87.55,4230.85,DSL,Yes,Yes
7590-C1582,67,One year,Bank transfer,77.36,5232.76,No,Yes,No
7590-C1583,65,Month-to-month,Mailed check,44.05,2788.07,Fiber optic,Yes,Yes
7590-C1584,57,Two year,Electronic check,117.79,6864.07,No,No,No
7590-C1585,25,Month-to-month,Mailed check,80.49,2068.87,No,Yes,Yes
7590-C1586,49,Two year,Mailed check,93.13,4447.02,Fiber optic,Yes,No
7590-C1587,29,Two year,Credit card,86.3,2384.37,No,No,No
7590-C1588,15,Two year,Bank transfer,58.14,854.46,DSL,Yes,No
7590-C1589,15,Month-to-month,Credit card,97.83,1455.43,DSL,Yes,No
7590-C1590,68,Month-to-month,Mailed check,27.66,1911.42,Fiber optic,No,Yes
7590-C1591,11,Two year,Credit card,72.57,760.79,DSL,No,No
7590-C1592,60,Month-to-month,Mailed check,106.23,6227.81,DSL,No,Yes
7590-C1593,18,Two year,Mailed check,87.97,1612.58,Fiber optic,Yes,Yes
7590-C1594,21,Month-to-month,Mailed check,96.87,2123.41,Fiber optic,Yes,No
7590-C1595,22,Month-to-month,Bank transfer,110.43,2322.7,No,Yes,No
7590-C1596,37,Two year,Bank transfer,91.76,3341.01,Fiber optic,Yes,No
7590-C1597,23,Month-to-month,Electronic check,35.56,827.95,DSL,No,Yes
7590-C1598,45,Month-to-month,Mailed check,99.18,4261.55,Fiber optic,Yes,No
7590-C1599,12,Month-to-month,Credit card,98.13,1177.4,DSL,No,No
7590-C1600,60,One year,Credit card,104.38,6291.11,No,No,No
7590-C1601,37,Month-to-month,Electronic check,75.59,2859.51,Fiber optic,No,No
7590-C1602,11,Month-to-month,Mailed check,116.78,1258.09,No,Yes,No
7590-C1603,27,Month-to-month,Credit card,49.88,1323.7,No,Yes,Yes
7590-C1604,55,Month-to-month,Electronic check,113.88,6350.86,No,Yes,Yes
7590-C1605,68,One year,Bank transfer,69.14,4523.62,No,No,No
7590-C1606,25,Month-to-month,Credit card,52.49,1269.31,Fiber optic,Yes,No
7590-C1607,57,Month-to-month,Electronic check,101.47,5748.8,Fiber optic,Yes,Yes
7590-C1608,22,Month-to-month,Credit card,110.15,2366.86,No,No,No
7590-C1609,70,Two year,Electronic check,86.92,5873.26,Fiber optic,No,No
7590-C1610,50,Month-to-month,Bank transfer,107.34,5463.24,Fiber optic,No,No
7590-C1611,46,Month-to-month,Bank transfer,52.69,,No,No,Yes
7590-C1612,26,One year,Bank transfer,90.74,2472.63,No,Yes,No
7590-C1613,4,Two year,Mailed check,77.37,321.11,Fiber optic,Yes,No
7590-C1614,39,One year,Electronic check,89.69,3347.92,No,No,Yes
7590-C1615,50,Two year,Mailed check,91.76,4438.26,No,Yes,No
7590-C1616,11,Month-to-month,Credit card,32.24,341.28,No,Yes,Yes
7590-C1617,66,Month-to-month,Credit card,20.88,1313.55,No,No,No
7590-C1618,49,Two year,Bank transfer,33.26,1606.49,Fiber optic,No,No
7590-C1619,43,Two year,Bank transfer,111.72,4628.48,No,Yes,No
7590-C1620,10,Month-to-month,Bank transfer,85.24,894.67,Fiber optic,Yes,No
7590-C1621,60,One year,Electronic check,58.1,3456.75,Fiber optic,Yes,No
7590-C1622,3,One year,Credit card,33.2,96.66,No,Yes,No
7590-C1623,3,Two year,Bank transfer,54.73,169.82,No,Yes,Yes
7590-C1624,57,One year,Bank transfer,117.98,6866.26,DSL,Yes,No
7590-C1625,70,Two year,Credit card,83.51,5696.44,Fiber optic,No,No
7590-C1626,60,One year,Credit card,69.6,4082.2,DSL,No,No
7590-C1627,24,One year,Credit card,90.92,2244.06,DSL,Yes,No
7590-C1628,24,One year,Bank transfer,71.96,1743.23,No,Yes,No
7590-C1629,70,Month-to-month,Mailed check,98.64,7228.24,DSL,No,No
7590-C1630,69,Month-to-month,Mailed check,29.63,2131.12,DSL,Yes,No
7590-C1631,25,Two year,Electronic check,55.02,1403.04,Fiber optic,No,No
7590-C1632,62,One year,Credit card,37.81,2420.79,Fiber optic,Yes,No
7590-C1633,20,Two year,Credit card,66.52,1390.25,Fiber optic,No,No
7590-C1634,27,Two year,Mailed check,77.99,2202.13,DSL,No,No
7590-C1635,27,Month-to-month,Electronic check,109.22,2909.28,DSL,Yes,Yes
7590-C1636,63,Two year,Electronic check,92.6,5594.69,Fiber optic,Yes,No
7590-C1637,22,One year,Bank transfer,46.34,983.07,DSL,No,Yes
7590-C1638,39,One year,Credit card,88.11,3462.5,DSL,Yes,No
7590-C1639,41,Two year,Mailed check,74.96,3145.26,DSL,No,No
7590-C1640,10,Month-to-month,Credit card,35.14,345.04,Fiber optic,Yes,No
7590-C1641,17,Month-to-month,Credit card,91.42,1500.58,Fiber optic,Yes,No
7590-C1642,9,Month-to-month,Credit card,96.48,825.13,Fiber optic,Yes,No
7590-C1643,50,Two year,Mailed check,91.18,4705.68,DSL,Yes,No
7590-C1644,41,One year,Mailed check,57.72,2324.92,No,No,No
7590-C1645,46,Month-to-month,Bank transfer,108.7,5217.9,Fiber optic,No,No
7590-C1646,27,Month-to-month,Bank transfer,40.58,1134.43,DSL,Yes,Yes
7590-C1647,69,Month-to-month,Mailed check,85.42,6001.88,DSL,No,No
7590-C1648,28,Month-to-month,Mailed check,42.77,1199.67,Fiber optic,Yes,Yes
7590-C1649,1,Month-to-month,Credit card,74.95,74.07,DSL,No,Yes
7590-C1650,24,Month-to-month,Mailed check,52.09,1261.05,No,No,Yes
7590-C1651,24,Two year,Bank transfer,102.66,2560.43,Fiber optic,Yes,No
7590-C1652,24,Month-to-month,Credit card,53.78,1298.84,No,No,Yes
7590-C1653,56,Month-to-month,Credit card,92.81,5025.31,Fiber optic,No,Yes
7590-C1654,2,Month-to-month,Credit card,61.76,121.18,No,No,Yes
7590-C1655,24,One year,Bank transfer,46.01,1051.11,Fiber optic,No,Yes
7590-C1656,20,One year,Credit card,53.67,1064.95,No,Yes,No
7590-C1657,39,One year,Mailed check,29.62,1132.84,DSL,Yes,No
7590-C1658,22,Month-to-month,Credit card,67.09,1463.18,DSL,No,Yes
7590-C1659,15,Month-to-month,Electronic check,52.2,780.5,No,Yes,No
7590-C1660,48,One year,Mailed check,95.52,4590.69,Fiber optic,No,No
7590-C1661,58,Month-to-month,Bank transfer,100.28,5984.88,Fiber optic,No,No
7590-C1662,33,Month-to-month,Electronic check,90.26,3030.96,No,No,No
7590-C1663,20,One year,Mailed check,68.84,1311.29,Fiber optic,No,Yes
7590-C1664,64,Month-to-month,Electronic check,36.06,2225.32,No,Yes,Yes
7590-C1665,61,Two year,Electronic check,98.32,5878.61,Fiber optic,No,No
7590-C1666,39,Month-to-month,Mailed check,20.2,824.12,No,Yes,Yes
7590-C1667,62,Month-to-month,Electronic check,91.55,5669.28,Fiber optic,Yes,No
7590-C1668,33,Month-to-month,Credit card,23.84,802.32,DSL,No,No
7590-C1669,17,Month-to-month,Credit card,94.44,1656.6,DSL,No,Yes
7590-C1670,31,Two year,Bank transfer,66.24,1984.29,No,No,No
7590-C1671,27,Two year,Bank transfer,72.02,1923.46,Fiber optic,Yes,No
7590-C1672,46,One year,Mailed check,87.63,4131.26,No,Yes,No
7590-C1673,50,Month-to-month,Bank transfer,38.88,2007.59,DSL,No,Yes
7590-C1674,55,Month-to-month,Credit card,26.35,1410.08,Fiber optic,Yes,No
7590-C1675,45,Two year,Electronic check,51.72,2345.5,DSL,Yes,No
7590-C1676,29,One year,Electronic check,103.29,2999.48,No,No,No
7590-C1677,58,One year,Bank transfer,102.1,5762.12,Fiber optic,Yes,No
7590-C1678,1,Month-to-month,Electronic check,41.92,43.65,No,Yes,Yes
7590-C1679,58,Month-to-month,Bank transfer,81.79,4564.25,Fiber optic,Yes,No
7590-C1680,44,Two year,Electronic check,79.2,3658.15,No,Yes,No
7590-C1681,18,Month-to-month,Credit card,39.89,716.92,DSL,Yes,No
7590-C1682,41,Month-to-month,Credit card,28.79,1204.05,Fiber optic,Yes,No
7590-C1683,2,One year,Credit card,44.43,92.39,No,No,No
7590-C1684,12,Month-to-month,Electronic check,88.97,1082.18,DSL,Yes,No
7590-C1685,56,Month-to-month,Electronic check,21.72,1211.95,DSL,Yes,Yes
7590-C1686,40,One year,Credit card,92.27,3629.53,DSL,Yes,No
7590-C1687,24,Month-to-month,Electronic check,63.06,1487.96,No,No,Yes
7590-C1688,27,Month-to-month,Credit card,77.72,2196.51,No,Yes,No
7590-C1689,30,Month-to-month,Mailed check,81.86,2438.25,Fiber optic,Yes,No
7590-C1690,13,One year,Mailed check,32.79,432.86,Fiber optic,No,No
7590-C1691,4,One year,Electronic check,38.62,147.75,No,Yes,Yes
7590-C1692,61,Two year,Credit card,106.92,6229.26,DSL,Yes,No
7590-C1693,69,Month-to-month,Electronic check,59.44,4286.63,No,No,No
7590-C1694,71,One year,Credit card,70.6,5146.34,DSL,Yes,No
7590-C1695,58,Month-to-month,Credit card,83.43,4643.05,Fiber optic,No,No
7590-C1696,50,Month-to-month,Credit card,25.48,1214.85,DSL,Yes,Yes
7590-C1697,49,Two year,Electronic check,77.04,3715.51,Fiber optic,No,No
7590-C1698,7,Month-to-month,Bank transfer,25.71,176.41,No,No,Yes
7590-C1699,32,Two year,Bank transfer,105.85,3500.51,DSL,Yes,No
7590-C1700,27,One year,Electronic check,25.13,649.88,No,No,No
7590-C1701,20,One year,Mailed check,88.99,1778.16,No,No,No
7590-C1702,62,Two year,Electronic check,42.91,2743.65,Fiber optic,No,No
7590-C1703,65,Month-to-month,Bank transfer,88.28,5958.94,DSL,Yes,No
7590-C1704,71,Two year,Credit card,61.07,4179.44,Fiber optic,Yes,No
7590-C1705,61,One year,Electronic check,52.13,3190.74,Fiber optic,No,No
7590-C1706,19,Month-to-month,Credit card,116.63,2165.69,Fiber optic,No,Yes
7590-C1707,46,Month-to-month,Electronic check,114.93,5441.09,DSL,Yes,No
7590-C1708,26,Month-to-month,Mailed check,82.94,,Fiber optic,Yes,No
7590-C1709,61,Month-to-month,Mailed check,34.33,2071.04,Fiber optic,Yes,Yes
7590-C1710,58,One year,Credit card,26.13,1586.8,Fiber optic,No,No
7590-C1711,15,One year,Credit card,99.33,1527.86,DSL,No,No
7590-C1712,26,Month-to-month,Bank transfer,96.15,2426.7,Fiber optic,No,No
7590-C1713,52,One year,Electronic check,114.57,6222.0,Fiber optic,No,No
7590-C1714,68,Month-to-month,Bank transfer,66.59,4493.11,No,No,No
7590-C1715,22,Month-to-month,Mailed check,47.71,1013.21,Fiber optic,Yes,No
7590-C1716,43,Month-to-month,Electronic check,43.26,1871.49,No,No,Yes
7590-C1717,52,Month-to-month,Bank transfer,87.88,4766.8,Fiber optic,Yes,No
7590-C1718,67,Month-to-month,Electronic check,107.29,6995.02,No,Yes,No
7590-C1719,5,Month-to-month,Mailed check,91.97,442.22,No,No,Yes
7590-C1720,5,One year,Credit card,71.13,366.16,DSL,No,Yes
7590-C1721,47,Two year,Bank transfer,106.87,4984.55,Fiber optic,No,No
7590-C1722,7,Two year,Electronic check,99.59,718.74,Fiber optic,Yes,No
7590-C1723,52,Two year,Credit card,83.93,4303.85,Fiber optic,Yes,No
7590-C1724,59,Month-to-month,Mailed check,104.96,6458.62,Fiber optic,No,Yes
7590-C1725,16,Month-to-month,Credit card,117.49,1872.54,Fiber optic,No,Yes
7590-C1726,55,Month-to-month,Mailed check,80.64,4298.82,DSL,Yes,Yes
7590-C1727,55,Month-to-month,Bank transfer,104.3,5688.69,Fiber optic,No,No
7590-C1728,20,One year,Credit card,88.6,1714.36,Fiber optic,No,No
7590-C1729,4,Two year,Mailed check,104.39,414.99,Fiber optic,Yes,No
7590-C1730,48,Month-to-month,Bank transfer,31.15,1454.52,DSL,Yes,Yes
7590-C1731,52,Month-to-month,Mailed check,36.67,1836.41,Fiber optic,No,Yes
7590-C1732,39,Two year,Electronic check,94.32,3731.2,Fiber optic,No,No
7590-C1733,22,Month-to-month,Electronic check,37.77,818.35,No,No,No
7590-C1734,40,Two year,Credit card,115.83,4677.76,Fiber optic,No,No
7590-C1735,21,Month-to-month,Bank transfer,106.3,2243.4,Fiber optic,No,No
7590-C1736,70,Month-to-month,Mailed check,94.1,6891.98,No,No,Yes
7590-C1737,60,Month-to-month,Mailed check,69.86,3982.42,DSL,No,Yes
7590-C1738,72,Month-to-month,Bank transfer,89.47,6426.49,Fiber optic,Yes,No
7590-C1739,57,Month-to-month,Credit card,22.24,1270.89,DSL,Yes,Yes
7590-C1740,61,Month-to-month,Mailed check,42.7,2650.89,DSL,Yes,No
7590-C1741,7,Month-to-month,Mailed check,42.49,286.03,DSL,Yes,No
7590-C1742,32,Two year,Bank transfer,33.51,1039.18,No,Yes,No
7590-C1743,57,One year,Bank transfer,77.2,4472.47,No,Yes,No
7590-C1744,36,Month-to-month,Mailed check,39.13,1363.31,No,No,Yes
7590-C1745,9,One year,Electronic check,25.7,233.61,DSL,No,No
7590-C1746,47,Two year,Mailed check,67.92,3088.97,Fiber optic,No,No
7590-C1747,3,Month-to-month,Credit card,114.28,346.34,DSL,Yes,Yes
7590-C1748,72,Two year,Mailed check,62.32,4521.51,Fiber optic,No,No
7590-C1749,56,Month-to-month,Electronic check,98.19,5346.13,DSL,Yes,Yes
7590-C1750,69,Month-to-month,Bank transfer,89.22,6264.52,DSL,Yes,No
7590-C1751,12,Month-to-month,Mailed check,62.09,708.73,DSL,No,No
7590-C1752,69,Month-to-month,Electronic check,31.04,2203.91,No,No,No
7590-C1753,9,Month-to-month,Mailed check,117.82,1102.61,No,Yes,No
7590-C1754,28,Month-to-month,Bank transfer,98.5,2781.78,No,No,No
7590-C1755,31,Month-to-month,Electronic check,89.41,2666.43,No,Yes,Yes
7590-C1756,22,Month-to-month,Mailed check,110.89,2395.89,No,No,Yes
7590-C1757,36,Two year,Bank transfer,99.14,3647.57,DSL,No,No
7590-C1758,68,Month-to-month,Credit card,82.33,5400.55,Fiber optic,Yes,No
7590-C1759,48,Month-to-month,Credit card,108.49,5206.52,DSL,No,No
7590-C1760,33,Month-to-month,Credit card,72.87,2287.48,DSL,Yes,Yes
7590-C1761,44,Month-to-month,Mailed check,44.12,1951.86,DSL,Yes,No
7590-C1762,72,Month-to-month,Electronic check,70.01,5072.66,DSL,Yes,No
7590-C1763,41,Two year,Bank transfer,52.21,2128.88,Fiber optic,Yes,No
7590-C1764,49,Month-to-month,Electronic check,98.6,4989.22,No,Yes,No
7590-C1765,64,One year,Mailed check,32.17,2161.82,No,Yes,No
7590-C1766,23,Two year,Electronic check,102.58,2456.06,No,Yes,No
7590-C1767,24,Month-to-month,Bank transfer,112.72,2748.8,No,No,Yes
7590-C1768,17,One year,Electronic check,109.62,1827.25,No,No,No
7590-C1769,12,Month-to-month,Credit card,97.43,1195.0,No,No,No
7590-C1770,65,Month-to-month,Electronic check,115.47,7701.41,No,No,Yes
7590-C1771,64,One year,Credit card,29.62,1925.55,No,Yes,No
7590-C1772,32,One year,Credit card,67.95,2102.81,Fiber optic,Yes,No
7590-C1773,35,Month-to-month,Credit card,21.8,724.95,Fiber optic,Yes,No
7590-C1774,28,Month-to-month,Mailed check,96.02,2772.32,No,No,Yes
7590-C1775,37,Month-to-month,Electronic check,41.83,1581.25,Fiber optic,Yes,Yes
7590-C1776,36,Month-to-month,Mailed check,56.15,2004.08,No,No,Yes
7590-C1777,21,Month-to-month,Bank transfer,75.16,1572.84,Fiber optic,Yes,No
7590-C1778,38,Two year,Credit card,41.69,1602.29,Fiber optic,Yes,No
7590-C1779,15,Two year,Electronic check,46.3,703.54,DSL,Yes,Yes
7590-C1780,43,Month-to-month,Mailed check,97.39,4092.66,DSL,Yes,No
7590-C1781,13,Month-to-month,Mailed check,112.46,1424.99,DSL,No,Yes
7590-C1782,55,Month-to-month,Credit card,44.19,2411.88,Fiber optic,Yes,Yes
7590-C1783,34,Month-to-month,Bank transfer,80.35,2661.96,No,Yes,No
7590-C1784,9,Month-to-month,Bank transfer,80.87,748.32,DSL,Yes,No
7590-C1785,54,One year,Mailed check,28.09,1570.6,No,Yes,No
7590-C1786,1,One year,Bank transfer,87.21,85.07,DSL,Yes,Yes
7590-C1787,28,Month-to-month,Bank transfer,99.45,2815.36,Fiber optic,Yes,No
7590-C1788,49,Month-to-month,Credit card,71.87,3440.36,DSL,No,No
7590-C1789,48,One year,Credit card,64.26,3039.59,DSL,No,No
7590-C1790,23,Month-to-month,Electronic check,27.79,640.31,Fiber optic,No,Yes
7590-C1791,42,Month-to-month,Credit card,108.58,4415.29,Fiber optic,No,No
7590-C1792,50,Month-to-month,Electronic check,83.96,4317.32,No,No,Yes
7590-C1793,1,Month-to-month,Bank transfer,21.7,21.17,No,Yes,Yes
7590-C1794,40,Two year,Bank transfer,85.69,3404.32,DSL,Yes,Yes
7590-C1795,61,Month-to-month,Mailed check,88.45,5361.71,Fiber optic,Yes,Yes
7590-C1796,48,Month-to-month,Mailed check,27.21,1369.76,DSL,No,Yes
7590-C1797,19,Month-to-month,Electronic check,26.36,493.54,DSL,No,Yes
7590-C1798,28,Month-to-month,Electronic check,57.27,1650.04,Fiber optic,Yes,No
7590-C1799,5,One year,Credit card,52.36,268.16,Fiber optic,Yes,No
7590-C1800,60,Month-to-month,Electronic check,86.79,5412.6,Fiber optic,Yes,Yes
7590-C1801,67,Month-to-month,Credit card,46.7,3061.71,No,Yes,Yes
7590-C1802,43,Month-to-month,Mailed check,117.55,5167.73,Fiber optic,No,No
7590-C1803,15,One year,Mailed check,42.22,625.83,No,Yes,No
7590-C1804,4,One year,Bank transfer,96.71,376.93,No,No,Yes
7590-C1805,30,Month-to-month,Credit card,99.89,3114.18,No,No,No
7590-C1806,66,One year,Electronic check,113.95,7603.93,DSL,Yes,No
7590-C1807,63,Month-to-month,Mailed check,85.67,5222.39,Fiber optic,Yes,No
7590-C1808,62,One year,Credit card,54.84,3295.07,DSL,No,No
7590-C1809,9,Month-to-month,Bank transfer,96.19,899.72,Fiber optic,Yes,Yes
7590-C1810,35,One year,Credit card,117.33,4151.37,Fiber optic,Yes,Yes
7590-C1811,23,Month-to-month,Credit card,111.95,2586.64,No,No,Yes
7590-C1812,48,Two year,Bank transfer,47.82,2318.76,Fiber optic,No,No
7590-C1813,53,Two year,Bank transfer,69.0,3649.23,DSL,Yes,No
7590-C1814,62,Month-to-month,Electronic check,78.8,4761.73,No,No,No
7590-C1815,50,Month-to-month,Bank transfer,57.14,2936.43,No,No,Yes
7590-C1816,60,Month-to-month,Mailed check,22.69,1314.47,No,Yes,Yes
7590-C1817,49,One year,Bank transfer,77.44,3706.12,DSL,Yes,No
7590-C1818,3,Month-to-month,Credit card,72.18,206.15,DSL,Yes,Yes
7590-C1819,30,Month-to-month,Mailed check,100.61,3120.11,No,Yes,Yes
7590-C1820,62,Month-to-month,Credit card,32.72,1969.09,No,Yes,No
7590-C1821,28,Month-to-month,Bank transfer,20.87,604.81,Fiber optic,Yes,No
7590-C1822,20,Month-to-month,Electronic check,64.55,1256.08,Fiber optic,Yes,Yes
7590-C1823,5,Month-to-month,Mailed check,22.63,108.27,Fiber optic,No,Yes
7590-C1824,72,Two year,Credit card,101.14,7533.04,Fiber optic,Yes,No
7590-C1825,22,Month-to-month,Mailed check,98.04,2251.06,DSL,Yes,Yes
7590-C1826,60,Month-to-month,Bank transfer,83.0,4834.03,Fiber optic,No,Yes
7590-C1827,60,Two year,Credit card,30.87,1888.42,Fiber optic,Yes,No
7590-C1828,58,Month-to-month,Bank transfer,42.96,2464.75,DSL,No,No
7590-C1829,61,One year,Credit card,72.35,4240.74,DSL,No,No
7590-C1830,59,Month-to-month,Mailed check,20.39,1150.83,No,Yes,No
7590-C1831,54,Month-to-month,Electronic check,86.53,4851.03,Fiber optic,Yes,Yes
7590-C1832,13,One year,Credit card,80.03,1051.32,No,Yes,No
7590-C1833,69,One year,Bank transfer,63.74,4241.9,No,No,No
7590-C1834,25,One year,Electronic check,90.9,2356.44,DSL,Yes,Yes
7590-C1835,65,One year,Credit card,58.83,3910.65,DSL,No,No
7590-C1836,16,One year,Bank transfer,40.4,653.87,No,No,No
7590-C1837,60,One year,Mailed check,84.19,4821.17,Fiber optic,Yes,No
7590-C1838,25,Month-to-month,Bank transfer,78.8,1884.19,Fiber optic,No,No
7590-C1839,26,Month-to-month,Electronic check,88.17,2302.91,No,No,Yes
7590-C1840,23,One year,Electronic check,40.55,965.59,DSL,Yes,No
7590-C1841,12,One year,Electronic check,91.57,1107.25,DSL,No,No
7590-C1842,71,Month-to-month,Bank transfer,108.49,7434.81,DSL,No,No
7590-C1843,56,Two year,Electronic check,88.09,4844.78,No,No,No
7590-C1844,57,Two year,Mailed check,98.7,5571.1,Fiber optic,Yes,No
7590-C1845,27,One year,Bank transfer,79.8,2236.81,DSL,No,No
7590-C1846,58,Month-to-month,Credit card,65.76,3810.26,DSL,Yes,Yes
7590-C1847,34,Month-to-month,Credit card,105.9,3602.38,DSL,No,Yes
7590-C1848,39,Month-to-month,Electronic check,70.12,2838.64,No,Yes,Yes
7590-C1849,6,Two year,Mailed check,46.38,276.65,DSL,Yes,No
7590-C1850,14,Month-to-month,Bank transfer,27.79,405.25,DSL,No,No
7590-C1851,64,Month-to-month,Bank transfer,112.39,7424.4,Fiber optic,Yes,No
7590-C1852,18,Month-to-month,Electronic check,50.33,881.89,DSL,No,No
7590-C1853,52,Two year,Electronic check,107.08,5692.11,DSL,Yes,No
7590-C1854,65,Two year,Mailed check,98.73,6592.61,No,No,No
7590-C1855,55,Month-to-month,Credit card,86.7,4760.51,No,No,Yes
7590-C1856,1,Month-to-month,Bank transfer,31.5,30.52,DSL,No,Yes
7590-C1857,44,Month-to-month,Mailed check,95.55,4382.88,DSL,No,No
7590-C1858,9,One year,Electronic check,69.36,647.2,No,Yes,Yes
7590-C1859,23,Month-to-month,Credit card,110.49,2447.46,No,No,Yes
7590-C1860,54,One year,Bank transfer,98.67,5372.99,Fiber optic,No,No
7590-C1861,33,Two year,Bank transfer,51.32,1715.76,DSL,No,No
7590-C1862,27,One year,Mailed check,94.88,2544.99,No,Yes,Yes
7590-C1863,38,Month-to-month,Bank transfer,52.85,1944.3,No,Yes,Yes
7590-C1864,28,Month-to-month,Credit card,80.45,2209.14,DSL,No,Yes
7590-C1865,55,One year,Mailed check,114.71,6341.19,DSL,No,No
7590-C1866,63,Two year,Mailed check,112.16,6933.34,No,No,No
7590-C1867,36,One year,Credit card,34.59,1273.64,No,No,No
7590-C1868,14,Month-to-month,Credit card,60.56,805.72,No,Yes,No
7590-C1869,64,Month-to-month,Mailed check,89.46,5681.92,DSL,No,Yes
7590-C1870,23,One year,Bank transfer,86.18,2021.65,No,No,No
7590-C1871,24,Month-to-month,Bank transfer,27.23,653.61,No,Yes,No
7590-C1872,56,Month-to-month,Electronic check,20.04,1150.77,DSL,Yes,Yes
7590-C1873,38,Month-to-month,Bank transfer,84.84,3144.45,Fiber optic,No,Yes
7590-C1874,24,Month-to-month,Bank transfer,49.3,1221.12,Fiber optic,Yes,No
7590-C1875,6,Month-to-month,Mailed check,63.91,368.2,DSL,Yes,Yes
7590-C1876,59,Two year,Credit card,58.01,3347.4,No,Yes,No
7590-C1877,32,One year,Bank transfer,85.54,2838.53,No,No,Yes
7590-C1878,21,Month-to-month,Mailed check,57.99,1246.68,DSL,Yes,No
7590-C1879,24,One year,Electronic check,77.45,1928.98,Fiber optic,Yes,No
7590-C1880,17,Two year,Credit card,101.16,1692.05,Fiber optic,Yes,No
7590-C1881,21,One year,Electronic check,84.02,1810.67,DSL,Yes,No
7590-C1882,6,Two year,Credit card,28.31,171.19,Fiber optic,Yes,No
7590-C1883,36,One year,Credit card,42.06,1529.59,No,No,No
7590-C1884,46,One year,Electronic check,59.47,2632.94,DSL,Yes,No
7590-C1885,72,Month-to-month,Bank transfer,22.95,1716.95,No,No,Yes
7590-C1886,33,One year,Credit card,44.06,1381.32,DSL,Yes,No
7590-C1887,8,Two year,Electronic check,35.52,289.05,Fiber optic,No,No
7590-C1888,2,Month-to-month,Electronic check,83.78,160.9,DSL,Yes,Yes
7590-C1889,58,Month-to-month,Credit card,98.72,5610.79,No,Yes,Yes
7590-C1890,31,Two year,Credit card,100.64,3098.63,DSL,Yes,No
7590-C1891,4,Two year,Electronic check,41.04,164.76,Fiber optic,Yes,Yes
7590-C1892,45,Two year,Bank transfer,45.71,1977.81,Fiber optic,Yes,No
7590-C1893,39,One year,Electronic check,62.04,2534.61,Fiber optic,Yes,No
7590-C1894,7,Month-to-month,Credit card,57.39,403.44,DSL,Yes,No
7590-C1895,25,Two year,Bank transfer,82.33,2148.58,DSL,No,No
7590-C1896,59,Month-to-month,Bank transfer,33.54,1934.54,Fiber optic,No,No
7590-C1897,56,Two year,Credit card,114.74,6457.09,DSL,No,No
7590-C1898,71,Month-to-month,Mailed check,87.54,6188.76,Fiber optic,Yes,No
7590-C1899,28,Month-to-month,Bank transfer,76.38,2137.48,Fiber optic,No,Yes
7590-C1900,8,Month-to-month,Mailed check,105.31,842.62,Fiber optic,Yes,No
7590-C1901,15,Month-to-month,Bank transfer,98.77,1409.69,DSL,Yes,Yes
7590-C1902,26,Month-to-month,Credit card,27.34,685.55,No,Yes,No
7590-C1903,49,Two year,Credit card,36.83,1723.3,DSL,Yes,No
7590-C1904,21,Month-to-month,Mailed check,65.33,1324.37,No,No,Yes
7590-C1905,62,Month-to-month,Credit card,33.9,2082.21,DSL,No,Yes
7590-C1906,45,Month-to-month,Electronic check,94.5,4371.44,Fiber optic,No,Yes
7590-C1907,4,Month-to-month,Credit card,41.99,159.6,Fiber optic,No,No
7590-C1908,12,Two year,Mailed check,21.77,260.17,No,No,Yes
7590-C1909,26,One year,Credit card,37.58,1020.07,Fiber optic,No,No
7590-C1910,36,Month-to-month,Mailed check,85.27,3197.32,Fiber optic,Yes,No
7590-C1911,21,Month-to-month,Credit card,110.9,2295.23,Fiber optic,No,No
7590-C1912,65,Month-to-month,Credit card,87.45,5546.76,DSL,No,No
7590-C1913,16,One year,Mailed check,48.86,747.1,DSL,Yes,No
7590-C1914,71,One year,Electronic check,63.02,4376.21,No,No,No
7590-C1915,3,Two year,Electronic check,105.83,330.26,DSL,No,No
7590-C1916,45,One year,Bank transfer,38.75,1773.46,DSL,No,No
7590-C1917,62,Month-to-month,Electronic check,25.06,1567.57,Fiber optic,No,Yes
7590-C1918,25,Month-to-month,Electronic check,22.65,569.4,Fiber optic,No,No
7590-C1919,44,Month-to-month,Bank transfer,25.79,1093.97,DSL,No,Yes
7590-C1920,10,Month-to-month,Electronic check,46.35,442.53,Fiber optic,No,Yes
7590-C1921,70,Two year,Mailed check,66.74,4730.94,No,No,No
7590-C1922,24,One year,Electronic check,71.91,1727.36,DSL,No,No
7590-C1923,15,Month-to-month,Mailed check,105.66,1566.31,Fiber optic,Yes,Yes
7590-C1924,54,Month-to-month,Mailed check,92.57,4766.62,DSL,Yes,No
7590-C1925,66,Month-to-month,Credit card,111.58,7505.82,DSL,No,No
7590-C1926,13,Two year,Credit card,59.75,755.29,DSL,No,No
7590-C1927,35,One year,Mailed check,78.21,2860.01,Fiber optic,No,No
7590-C1928,26,Month-to-month,Credit card,32.72,829.21,Fiber optic,No,Yes
7590-C1929,36,One year,Credit card,95.05,3575.59,Fiber optic,No,No
7590-C1930,68,Month-to-month,Electronic check,87.57,5840.86,Fiber optic,No,No
7590-C1931,5,Month-to-month,Electronic check,88.8,458.46,No,No,Yes
7590-C1932,31,One year,Electronic check,32.71,1015.0,No,Yes,No
7590-C1933,32,One year,Mailed check,59.22,1858.69,Fiber optic,Yes,No
7590-C1934,17,One year,Bank transfer,107.49,1836.2,DSL,No,No
7590-C1935,50,Month-to-month,Credit card,31.54,1586.76,Fiber optic,Yes,Yes
7590-C1936,46,One year,Mailed check,77.08,3557.33,Fiber optic,Yes,No
7590-C1937,20,One year,Mailed check,99.8,1987.31,DSL,Yes,No
7590-C1938,23,One year,Mailed check,71.64,1693.82,No,Yes,No
7590-C1939,44,Two year,Mailed check,55.93,2537.6,No,No,No
7590-C1940,41,Two year,Credit card,105.63,4536.71,No,Yes,No
7590-C1941,18,Two year,Bank transfer,29.92,529.69,DSL,No,No
7590-C1942,12,Month-to-month,Bank transfer,115.96,1434.05,Fiber optic,No,Yes
7590-C1943,5,One year,Electronic check,29.95,145.84,No,No,No
7590-C1944,40,Two year,Electronic check,81.69,3310.91,DSL,Yes,No
7590-C1945,7,Month-to-month,Bank transfer,111.96,752.57,Fiber optic,No,Yes
7590-C1946,5,Month-to-month,Mailed check,110.77,565.28,DSL,Yes,Yes
7590-C1947,27,Month-to-month,Mailed check,91.85,2537.48,Fiber optic,Yes,Yes
7590-C1948,56,Month-to-month,Electronic check,48.02,2598.76,Fiber optic,No,Yes
7590-C1949,26,Month-to-month,Electronic check,75.1,1953.07,DSL,No,Yes
7590-C1950,25,Month-to-month,Credit card,74.69,1922.91,Fiber optic,No,Yes
7590-C1951,13,Month-to-month,Electronic check,33.18,441.59,No,Yes,No
7590-C1952,16,One year,Electronic check,102.98,1633.51,Fiber optic,No,No
7590-C1953,71,One year,Mailed check,85.65,5862.16,No,No,No
7590-C1954,12,One year,Bank transfer,89.19,1112.91,Fiber optic,No,No
7590-C1955,29,Month-to-month,Mailed check,80.37,2286.37,Fiber optic,Yes,Yes
7590-C1956,53,One year,Electronic check,74.0,4034.36,Fiber optic,No,No
7590-C1957,15,Two year,Bank transfer,66.81,1047.39,Fiber optic,No,No
7590-C1958,32,One year,Bank transfer,79.39,2518.45,No,Yes,Yes
7590-C1959,29,Month-to-month,Mailed check,83.51,2397.57,DSL,No,No
7590-C1960,15,One year,Bank transfer,51.56,747.6,DSL,Yes,Yes
7590-C1961,39,Two year,Bank transfer,70.32,2678.88,DSL,No,No
7590-C1962,20,Month-to-month,Mailed check,116.14,2430.55,DSL,No,Yes
7590-C1963,24,Month-to-month,Mailed check,61.64,1534.28,No,No,No
7590-C1964,7,Two year,Electronic check,93.79,668.1,Fiber optic,Yes,No
7590-C1965,25,Month-to-month,Credit card,92.34,2211.37,DSL,No,Yes
7590-C1966,22,Month-to-month,Mailed check,97.83,2099.67,DSL,No,No
7590-C1967,32,One year,Mailed check,101.65,3101.41,Fiber optic,Yes,No
7590-C1968,24,Two year,Credit card,49.28,1195.8,DSL,Yes,No
7590-C1969,10,Month-to-month,Mailed check,108.4,1112.02,No,Yes,Yes
7590-C1970,3,Month-to-month,Credit card,94.62,275.68,DSL,No,Yes
7590-C1971,60,Two year,Bank transfer,86.95,5259.19,No,No,No
7590-C1972,57,Month-to-month,Electronic check,56.52,3219.92,Fiber optic,Yes,Yes
7590-C1973,34,Month-to-month,Mailed check,27.93,929.7,No,No,Yes
7590-C1974,18,Month-to-month,Bank transfer,29.55,554.8,Fiber optic,Yes,No
7590-C1975,6,Month-to-month,Mailed check,70.56,402.71,Fiber optic,Yes,No
7590-C1976,10,Two year,Credit card,92.24,880.91,No,No,No
7590-C1977,67,Month-to-month,Mailed check,105.28,7297.48,DSL,Yes,No
7590-C1978,63,Month-to-month,Bank transfer,62.47,3974.98,Fiber optic,Yes,No
7590-C1979,3,Two year,Credit card,82.89,258.4,DSL,Yes,No
7590-C1980,47,Month-to-month,Bank transfer,30.28,1447.32,Fiber optic,No,No
7590-C1981,46,Month-to-month,Electronic check,33.35,1528.09,Fiber optic,No,No
7590-C1982,23,Month-to-month,Bank transfer,114.71,2632.93,Fiber optic,No,Yes
7590-C1983,52,Two year,Credit card,31.7,1632.41,No,Yes,No
7590-C1984,4,Month-to-month,Electronic check,72.63,296.45,Fiber optic,No,Yes
7590-C1985,56,Month-to-month,Electronic check,82.39,4738.33,Fiber optic,Yes,No
7590-C1986,46,Month-to-month,Bank transfer,32.27,1477.17,No,No,No
7590-C1987,4,One year,Bank transfer,26.05,104.42,Fiber optic,No,Yes
7590-C1988,25,One year,Credit card,111.49,2743.68,DSL,No,No
7590-C1989,20,Month-to-month,Mailed check,74.44,1443.92,DSL,No,Yes
7590-C1990,72,Two year,Credit card,76.48,5447.57,No,No,No
7590-C1991,34,One year,Credit card,48.34,1628.89,No,Yes,Yes
7590-C1992,72,Month-to-month,Credit card,90.8,6562.48,Fiber optic,Yes,Yes
7590-C1993,6,Month-to-month,Mailed check,109.72,643.91,No,No,No
7590-C1994,65,One year,Credit card,72.86,4766.57,No,No,No
7590-C1995,63,Month-to-month,Electronic check,54.66,3275.41,DSL,No,Yes
7590-C1996,42,One year,Electronic check,49.76,2083.59,Fiber optic,Yes,No
7590-C1997,8,Two year,Mailed check,116.54,911.72,No,Yes,No
7590-C1998,56,Month-to-month,Bank transfer,54.69,3159.07,DSL,No,No
7590-C1999,20,One year,Mailed check,57.11,1193.2,Fiber optic,Yes,No
7590-C2000,54,Month-to-month,Mailed check,86.28,4715.51,DSL,Yes,Yes
7590-C2001,55,One year,Bank transfer,45.83,2587.45,DSL,Yes,No
7590-C2002,40,Month-to-month,Bank transfer,65.67,2522.1,No,Yes,Yes
7590-C2003,26,Month-to-month,Mailed check,109.71,2872.84,Fiber optic,No,Yes
7590-C2004,62,Month-to-month,Credit card,36.84,,No,Yes,Yes
7590-C2005,58,Two year,Credit card,75.0,4550.15,No,Yes,No
7590-C2006,37,Month-to-month,Credit card,82.99,3109.73,Fiber optic,No,Yes
7590-C2007,56,Month-to-month,Credit card,111.92,6268.83,Fiber optic,No,Yes
7590-C2008,37,One year,Credit card,97.88,3606.89,DSL,No,No
7590-C2009,14,Month-to-month,Electronic check,50.43,673.85,DSL,Yes,No
7590-C2010,41,Month-to-month,Mailed check,107.15,4321.29,No,Yes,Yes
7590-C2011,30,Month-to-month,Bank transfer,105.33,3221.06,DSL,Yes,Yes
7590-C2012,69,Month-to-month,Bank transfer,62.1,4362.32,Fiber optic,No,Yes
7590-C2013,65,Month-to-month,Electronic check,101.71,6825.85,No,Yes,No
7590-C2014,42,Month-to-month,Credit card,53.3,2184.46,DSL,No,No
7590-C2015,57,One year,Electronic check,101.92,5607.14,No,Yes,No
7590-C2016,7,Month-to-month,Bank transfer,75.48,539.7,Fiber optic,No,Yes
7590-C2017,72,One year,Credit card,87.73,6148.42,DSL,Yes,No
7590-C2018,48,One year,Electronic check,49.83,2436.4,DSL,Yes,No
7590-C2019,24,Month-to-month,Credit card,101.91,2509.6,DSL,No,No
7590-C2020,30,Two year,Credit card,63.99,1839.12,No,No,No
7590-C2021,23,One year,Bank transfer,48.36,1108.6,No,Yes,No
7590-C2022,72,Month-to-month,Credit card,49.26,3374.4,Fiber optic,Yes,No
7590-C2023,10,Month-to-month,Electronic check,107.05,1109.45,Fiber optic,No,Yes
7590-C2024,55,Month-to-month,Credit card,85.0,4588.58,DSL,No,Yes
7590-C2025,67,One year,Bank transfer,72.46,5079.75,No,No,No
7590-C2026,15,Month-to-month,Mailed check,36.6,552.7,DSL,No,Yes
7590-C2027,39,One year,Mailed check,73.73,2856.62,Fiber optic,Yes,No
7590-C2028,35,Month-to-month,Electronic check,86.05,2934.76,Fiber optic,Yes,No
7590-C2029,37,Two year,Credit card,72.91,2812.87,No,Yes,No
7590-C2030,16,Month-to-month,Credit card,24.16,383.43,DSL,Yes,Yes
7590-C2031,39,Month-to-month,Electronic check,50.13,1999.31,Fiber optic,Yes,Yes
7590-C2032,23,Month-to-month,Electronic check,29.62,673.07,No,Yes,No
7590-C2033,72,One year,Bank transfer,69.18,5027.74,Fiber optic,No,No
7590-C2034,29,One year,Electronic check,112.58,3418.77,DSL,Yes,No
7590-C2035,22,One year,Electronic check,37.16,838.38,No,Yes,No
7590-C2036,61,Month-to-month,Mailed check,54.2,3169.07,DSL,Yes,No
7590-C2037,29,Month-to-month,Bank transfer,60.21,1755.54,No,No,No
7590-C2038,34,Month-to-month,Mailed check,76.87,2542.85,DSL,No,Yes
7590-C2039,11,One year,Credit card,36.52,406.06,DSL,No,No
7590-C2040,6,Month-to-month,Bank transfer,22.13,135.91,No,Yes,Yes
7590-C2041,19,One year,Bank transfer,81.63,1503.98,DSL,No,No
7590-C2042,57,Month-to-month,Bank transfer,33.9,1913.99,No,Yes,Yes
7590-C2043,64,One year,Bank transfer,108.14,7173.24,Fiber optic,No,No
7590-C2044,23,Month-to-month,Credit card,60.65,1447.42,No,No,Yes
7590-C2045,49,One year,Bank transfer,107.53,5369.26,No,No,No
7590-C2046,24,Two year,Electronic check,75.57,1869.41,DSL,No,No
7590-C2047,21,One year,Bank transfer,63.21,1283.11,DSL,No,No
7590-C2048,17,Month-to-month,Bank transfer,25.33,447.79,DSL,No,No
7590-C2049,51,One year,Bank transfer,26.7,1341.54,No,No,No
7590-C2050,23,Two year,Mailed check,91.18,2056.54,No,Yes,No
7590-C2051,51,One year,Bank transfer,54.93,2912.01,DSL,No,No
7590-C2052,41,Month-to-month,Electronic check,24.28,982.73,DSL,No,Yes
7590-C2053,15,One year,Mailed check,48.96,753.66,No,Yes,No
7590-C2054,5,One year,Credit card,95.38,493.14,DSL,Yes,No
7590-C2055,12,One year,Mailed check,32.16,385.81,No,Yes,No
7590-C2056,47,Two year,Credit card,64.89,3005.59,No,No,No
7590-C2057,69,Month-to-month,Mailed check,53.67,3812.25,DSL,Yes,No
7590-C2058,50,One year,Credit card,89.31,4309.53,No,No,No
7590-C2059,46,Two year,Credit card,91.07,4022.21,No,No,No
7590-C2060,61,Two year,Mailed check,53.79,3122.12,Fiber optic,Yes,No
7590-C2061,72,Two year,Electronic check,52.1,,DSL,No,No
7590-C2062,6,Month-to-month,Mailed check,91.87,578.32,DSL,No,No
7590-C2063,42,One year,Bank transfer,115.78,5031.84,No,Yes,No
7590-C2064,52,One year,Credit card,105.34,5358.83,DSL,Yes,No
7590-C2065,34,Month-to-month,Bank transfer,115.05,3813.6,DSL,No,No
7590-C2066,43,One year,Bank transfer,86.67,3678.2,No,No,No
7590-C2067,71,Month-to-month,Bank transfer,113.25,7642.23,No,No,Yes
7590-C2068,63,Month-to-month,Credit card,39.63,2428.64,No,Yes,No
7590-C2069,26,One year,Electronic check,93.43,2450.03,Fiber optic,Yes,No
7590-C2070,55,Month-to-month,Electronic check,22.59,1222.8,DSL,Yes,Yes
7590-C2071,36,Month-to-month,Electronic check,23.05,794.51,Fiber optic,No,Yes
7590-C2072,50,One year,Electronic check,29.14,1420.68,Fiber optic,Yes,No
7590-C2073,53,Month-to-month,Bank transfer,47.51,2637.88,Fiber optic,No,No
7590-C2074,37,Two year,Bank transfer,66.13,2522.01,No,Yes,No
7590-C2075,4,Two year,Electronic check,104.16,436.27,DSL,Yes,Yes
7590-C2076,24,Month-to-month,Electronic check,50.69,1189.88,DSL,No,Yes
7590-C2077,47,Two year,Electronic check,62.47,2839.81,DSL,No,No
7590-C2078,27,Two year,Credit card,46.24,1225.83,Fiber optic,Yes,No
7590-C2079,4,One year,Credit card,60.98,236.32,No,No,No
7590-C2080,6,Month-to-month,Mailed check,80.83,479.05,No,Yes,Yes
7590-C2081,27,Two year,Bank transfer,85.93,2365.68,No,Yes,No
7590-C2082,25,Month-to-month,Bank transfer,74.32,1832.79,No,Yes,No
7590-C2083,46,One year,Credit card,117.29,5230.16,Fiber optic,No,No
7590-C2084,8,Month-to-month,Mailed check,40.6,323.81,No,Yes,Yes
7590-C2085,53,One year,Bank transfer,77.25,3928.28,DSL,No,No
7590-C2086,3,Month-to-month,Bank transfer,45.3,133.27,Fiber optic,Yes,Yes
7590-C2087,21,Month-to-month,Credit card,114.42,2356.79,DSL,No,Yes
7590-C2088,66,Month-to-month,Mailed check,54.44,3766.1,No,No,No
7590-C2089,8,One year,Mailed check,90.22,748.61,Fiber optic,No,No
7590-C2090,45,One year,Bank transfer,111.04,4971.78,No,No,No
7590-C2091,46,One year,Credit card,22.08,1013.88,Fiber optic,Yes,No
7590-C2092,44,One year,Bank transfer,81.03,3494.23,Fiber optic,No,No
7590-C2093,2,Month-to-month,Credit card,111.93,220.98,DSL,No,Yes
7590-C2094,30,Month-to-month,Bank transfer,43.99,1309.2,DSL,Yes,Yes
7590-C2095,43,Two year,Bank transfer,95.46,4007.5,Fiber optic,No,No
7590-C2096,34,One year,Credit card,113.37,3803.14,No,No,No
7590-C2097,40,One year,Electronic check,109.99,4408.78,No,Yes,No
7590-C2098,9,Two year,Mailed check,45.43,398.5,Fiber optic,No,No
7590-C2099,57,Month-to-month,Electronic check,79.46,4585.4,Fiber optic,Yes,No
7590-C2100,42,Month-to-month,Bank transfer,60.81,2451.32,DSL,Yes,No
7590-C2101,59,Two year,Mailed check,76.61,4460.4,No,No,No
7590-C2102,69,Month-to-month,Mailed check,101.66,6811.24,No,No,Yes
7590-C2103,58,Month-to-month,Credit card,86.75,5066.29,Fiber optic,Yes,Yes
7590-C2104,1,Month-to-month,Credit card,74.84,76.0,DSL,No,Yes
7590-C2105,20,One year,Credit card,74.01,1540.04,Fiber optic,No,No
7590-C2106,38,Two year,Bank transfer,32.21,1208.97,Fiber optic,No,No
7590-C2107,35,Month-to-month,Electronic check,44.47,,No,Yes,Yes
7590-C2108,58,Two year,Bank transfer,54.4,3056.26,DSL,No,No
7590-C2109,41,Two year,Credit card,29.8,1231.78,DSL,No,No
7590-C2110,44,Month-to-month,Credit card,107.89,4783.13,DSL,No,No
7590-C2111,14,Month-to-month,Credit card,71.33,959.8,Fiber optic,No,No
7590-C2112,56,Month-to-month,Electronic check,114.63,6655.93,Fiber optic,Yes,Yes
7590-C2113,36,Two year,Electronic check,34.71,1278.76,Fiber optic,No,No
7590-C2114,49,One year,Electronic check,23.24,1153.71,No,No,No
7590-C2115,21,Month-to-month,Credit card,59.43,,DSL,Yes,Yes
7590-C2116,72,Two year,Credit card,65.02,4723.26,Fiber optic,No,No
7590-C2117,32,Month-to-month,Electronic check,104.62,3453.2,No,No,Yes
7590-C2118,32,One year,Mailed check,39.17,1231.2,DSL,Yes,No
7590-C2119,39,Month-to-month,Credit card,94.56,,DSL,Yes,Yes
7590-C2120,33,One year,Electronic check,83.14,2683.84,DSL,No,No
7590-C2121,34,Month-to-month,Bank transfer,82.77,2779.52,No,No,No
7590-C2122,23,Month-to-month,Bank transfer,52.74,1221.81,Fiber optic,No,No
7590-C2123,23,Month-to-month,Bank transfer,65.79,1520.34,DSL,Yes,Yes
7590-C2124,45,One year,Electronic check,53.18,2498.13,DSL,Yes,No
7590-C2125,5,One year,Credit card,38.37,198.08,DSL,Yes,No
7590-C2126,70,Month-to-month,Credit card,63.96,4399.28,DSL,No,Yes
7590-C2127,31,Month-to-month,Electronic check,54.97,1784.68,DSL,No,Yes
7590-C2128,65,Month-to-month,Credit card,90.79,6078.83,Fiber optic,Yes,Yes
7590-C2129,26,Two year,Electronic check,72.35,1811.38,No,Yes,No
7590-C2130,27,Month-to-month,Electronic check,26.17,733.7,Fiber optic,No,No
7590-C2131,61,One year,Bank transfer,53.1,3135.81,DSL,Yes,No
7590-C2132,50,One year,Bank transfer,42.36,2016.48,Fiber optic,No,No
7590-C2133,46,Month-to-month,Credit card,95.1,4554.28,Fiber optic,Yes,Yes
7590-C2134,41,Two year,Bank transfer,56.09,2185.2,DSL,Yes,No
7590-C2135,51,Month-to-month,Electronic check,96.86,4742.67,Fiber optic,Yes,No
7590-C2136,37,One year,Electronic check,82.64,3170.64,No,No,No
7590-C2137,22,Month-to-month,Credit card,87.79,1884.27,No,No,No
7590-C2138,52,Month-to-month,Bank transfer,66.32,3554.07,No,No,Yes
7590-C2139,7,Month-to-month,Bank transfer,88.72,616.22,No,No,No
7590-C2140,29,One year,Credit card,20.01,559.65,Fiber optic,No,No
7590-C2141,59,One year,Mailed check,104.78,6233.29,Fiber optic,No,No
7590-C2142,39,Month-to-month,Mailed check,50.73,2018.18,Fiber optic,Yes,Yes
7590-C2143,59,Month-to-month,Electronic check,106.16,6560.0,Fiber optic,No,No
7590-C2144,3,Month-to-month,Mailed check,44.9,136.84,No,No,Yes
7590-C2145,16,One year,Credit card,37.41,608.71,DSL,No,No
7590-C2146,21,Month-to-month,Bank transfer,72.57,1585.54,DSL,Yes,Yes
7590-C2147,7,Month-to-month,Bank transfer,43.35,300.24,DSL,No,No
7590-C2148,18,Month-to-month,Mailed check,79.98,1426.04,Fiber optic,No,No
7590-C2149,23,Month-to-month,Credit card,81.24,1937.71,No,Yes,No
7590-C2150,22,Month-to-month,Electronic check,43.83,958.73,DSL,Yes,Yes
7590-C2151,12,Month-to-month,Electronic check,63.72,766.54,Fiber optic,Yes,Yes
7590-C2152,48,Two year,Credit card,83.8,3824.75,DSL,Yes,No
7590-C2153,34,Two year,Mailed check,95.27,3133.01,No,Yes,No
7590-C2154,35,One year,Credit card,84.24,3053.33,No,Yes,Yes
7590-C2155,3,Month-to-month,Credit card,85.11,246.17,No,Yes,Yes
7590-C2156,39,Month-to-month,Credit card,25.46,971.38,No,No,Yes
7590-C2157,27,Month-to-month,Electronic check,40.7,1070.46,Fiber optic,Yes,Yes
7590-C2158,67,Two year,Credit card,89.65,6240.2,DSL,No,No
7590-C2159,70,Month-to-month,Bank transfer,108.38,7461.54,No,No,Yes
7590-C2160,45,Two year,Bank transfer,67.68,2904.49,Fiber optic,Yes,No
7590-C2161,50,One year,Credit card,43.51,2124.07,DSL,Yes,No
7590-C2162,56,Two year,Credit card,84.27,4486.8,DSL,No,No
7590-C2163,37,Month-to-month,Bank transfer,51.39,1955.65,No,Yes,Yes
7590-C2164,36,Month-to-month,Bank transfer,27.6,1039.9,Fiber optic,Yes,No
7590-C2165,44,Month-to-month,Electronic check,77.33,3519.56,No,No,No
7590-C2166,55,Month-to-month,Electronic check,78.39,4457.88,No,Yes,No
7590-C2167,20,Month-to-month,Mailed check,103.42,2020.03,Fiber optic,No,No
7590-C2168,8,Month-to-month,Mailed check,73.8,619.71,No,No,No
7590-C2169,17,One year,Bank transfer,91.65,1626.49,No,No,No
7590-C2170,30,Month-to-month,Credit card,31.57,931.08,DSL,No,Yes
7590-C2171,30,One year,Bank transfer,67.9,2051.93,DSL,Yes,No
7590-C2172,56,Month-to-month,Mailed check,85.97,4589.73,No,Yes,No
7590-C2173,52,One year,Mailed check,21.42,1165.82,DSL,No,No
7590-C2174,49,Month-to-month,Electronic check,95.4,4746.15,No,Yes,No
7590-C2175,18,One year,Bank transfer,95.91,1718.69,Fiber optic,No,No
7590-C2176,5,Month-to-month,Mailed check,26.68,135.9,No,No,Yes
7590-C2177,27,One year,Credit card,77.33,2136.2,No,Yes,No
7590-C2178,5,Two year,Mailed check,44.16,215.17,DSL,Yes,Yes
7590-C2179,23,Month-to-month,Electronic check,70.92,1621.34,Fiber optic,No,Yes
7590-C2180,63,Month-to-month,Credit card,30.0,1969.68,Fiber optic,No,Yes
7590-C2181,12,Month-to-month,Electronic check,35.48,437.86,Fiber optic,No,No
7590-C2182,23,One year,Credit card,90.6,2058.9,DSL,No,No
7590-C2183,6,Two year,Credit card,94.57,562.3,Fiber optic,No,Yes
7590-C2184,65,Month-to-month,Electronic check,114.28,7179.48,No,No,No
7590-C2185,67,Two year,Credit card,42.54,2833.3,Fiber optic,Yes,No
7590-C2186,17,Month-to-month,Electronic check,28.15,458.5,DSL,No,Yes
7590-C2187,64,Month-to-month,Bank transfer,51.73,3343.29,Fiber optic,Yes,No
7590-C2188,37,Month-to-month,Bank transfer,60.93,2172.2,No,No,No
7590-C2189,9,Two year,Credit card,108.32,928.32,DSL,No,No
7590-C2190,2,One year,Bank transfer,115.9,240.65,No,Yes,Yes
7590-C2191,7,One year,Bank transfer,33.48,235.15,No,No,No
7590-C2192,10,Month-to-month,Credit card,56.47,541.96,Fiber optic,Yes,No
7590-C2193,58,One year,Credit card,35.53,2161.2,No,No,No
7590-C2194,49,Month-to-month,Credit card,50.6,2366.44,Fiber optic,No,No
7590-C2195,13,One year,Bank transfer,49.22,669.27,No,Yes,No
7590-C2196,48,Month-to-month,Electronic check,66.69,3076.41,Fiber optic,No,No
7590-C2197,47,One year,Electronic check,76.68,3558.13,Fiber optic,No,No
7590-C2198,62,Month-to-month,Electronic check,79.85,5167.33,No,No,Yes
7590-C2199,13,One year,Electronic check,70.72,888.1,DSL,Yes,No
7590-C2200,25,Month-to-month,Electronic check,57.2,1483.52,No,No,Yes
7590-C2201,69,Month-to-month,Mailed check,63.83,4339.21,No,No,Yes
7590-C2202,22,Two year,Electronic check,73.28,1663.57,No,Yes,No
7590-C2203,1,One year,Electronic check,38.23,37.46,DSL,No,No
7590-C2204,61,Month-to-month,Bank transfer,63.01,3744.63,No,Yes,No
7590-C2205,24,Month-to-month,Bank transfer,40.15,932.27,No,No,Yes
7590-C2206,64,Month-to-month,Electronic check,47.17,3003.68,No,No,Yes
7590-C2207,15,Month-to-month,Credit card,103.7,1580.28,Fiber optic,Yes,Yes
7590-C2208,50,Month-to-month,Bank transfer,32.44,1575.43,No,No,No
7590-C2209,27,Month-to-month,Mailed check,106.21,2843.42,DSL,Yes,Yes
7590-C2210,31,Two year,Credit card,43.38,1333.28,No,No,No
7590-C2211,58,Two year,Electronic check,67.34,4096.73,DSL,Yes,No
7590-C2212,10,Month-to-month,Electronic check,64.14,666.86,No,Yes,No
7590-C2213,28,Month-to-month,Bank transfer,88.37,2582.37,DSL,No,Yes
7590-C2214,13,Month-to-month,Mailed check,116.68,1529.19,Fiber optic,Yes,No
7590-C2215,12,Month-to-month,Mailed check,36.03,413.65,DSL,No,No
7590-C2216,20,Two year,Mailed check,29.21,604.45,No,No,Yes
7590-C2217,36,Two year,Mailed check,50.25,1800.29,Fiber optic,Yes,No
7590-C2218,70,One year,Mailed check,58.38,4201.25,No,No,No
7590-C2219,53,Month-to-month,Credit card,110.71,6072.74,Fiber optic,Yes,No
7590-C2220,25,One year,Bank transfer,55.1,1334.46,Fiber optic,Yes,No
7590-C2221,26,Month-to-month,Electronic check,109.79,2958.19,Fiber optic,No,No
7590-C2222,60,One year,Credit card,56.08,3493.45,No,No,No
7590-C2223,20,Two year,Electronic check,55.34,1074.85,DSL,Yes,No
7590-C2224,43,One year,Credit card,66.0,2874.92,DSL,No,No
7590-C2225,65,Month-to-month,Bank transfer,84.59,5698.65,Fiber optic,Yes,Yes
7590-C2226,52,One year,Credit card,98.11,5124.85,DSL,Yes,No
7590-C2227,16,Month-to-month,Electronic check,35.86,547.37,No,No,Yes
7590-C2228,39,Two year,Credit card,77.62,3004.02,DSL,No,No
7590-C2229,26,Month-to-month,Mailed check,67.29,1723.57,Fiber optic,No,Yes
7590-C2230,64,Two year,Bank transfer,79.18,5238.24,No,No,No
7590-C2231,24,Month-to-month,Credit card,57.13,1409.76,DSL,No,No
7590-C2232,23,Month-to-month,Bank transfer,68.33,,No,No,No
7590-C2233,9,Two year,Electronic check,52.92,492.8,No,No,No
7590-C2234,65,One year,Credit card,53.05,3356.6,DSL,Yes,No
7590-C2235,48,Two year,Credit card,100.47,4844.84,Fiber optic,No,No
7590-C2236,1,Month-to-month,Electronic check,49.05,47.18,No,No,Yes
7590-C2237,55,Month-to-month,Electronic check,84.08,4656.89,No,Yes,No
7590-C2238,51,One year,Mailed check,84.35,4479.21,DSL,Yes,No
7590-C2239,35,Month-to-month,Bank transfer,90.47,3225.11,DSL,Yes,Yes
7590-C2240,14,One year,Mailed check,40.63,580.06,Fiber optic,No,No
7590-C2241,24,Two year,Credit card,29.44,723.83,No,Yes,No
7590-C2242,30,Month-to-month,Bank transfer,100.95,3029.88,No,No,No
7590-C2243,53,Month-to-month,Mailed check,33.63,1734.7,Fiber optic,Yes,No
7590-C2244,25,Month-to-month,Electronic check,30.05,764.97,No,No,No
7590-C2245,25,Month-to-month,Bank transfer,44.77,1162.73,Fiber optic,No,No
7590-C2246,59,Month-to-month,Bank transfer,26.48,1543.05,No,Yes,Yes
7590-C2247,68,Month-to-month,Mailed check,21.69,1428.67,Fiber optic,Yes,Yes
7590-C2248,23,Month-to-month,Credit card,106.82,,Fiber optic,Yes,No
7590-C2249,46,Two year,Credit card,54.84,2425.82,No,No,No
7590-C2250,46,Two year,Credit card,109.67,5277.84,Fiber optic,Yes,No
7590-C2251,55,Month-to-month,Mailed check,76.22,4102.85,Fiber optic,Yes,No
7590-C2252,33,One year,Electronic check,64.26,2070.43,No,Yes,No
7590-C2253,40,Month-to-month,Electronic check,96.27,3832.26,DSL,Yes,No
7590-C2254,66,One year,Bank transfer,115.67,7615.22,No,Yes,No
7590-C2255,41,One year,Bank transfer,73.84,2901.96,DSL,Yes,No
7590-C2256,36,Month-to-month,Mailed check,47.78,1685.97,No,No,Yes
7590-C2257,33,Month-to-month,Electronic check,74.91,2475.78,DSL,Yes,No
7590-C2258,25,Two year,Credit card,51.57,1310.0,Fiber optic,Yes,No
7590-C2259,41,Month-to-month,Bank transfer,26.01,1066.62,DSL,No,Yes
7590-C2260,46,Month-to-month,Bank transfer,71.74,3225.82,Fiber optic,Yes,Yes
7590-C2261,1,Two year,Credit card,99.42,96.82,No,Yes,Yes
7590-C2262,57,Month-to-month,Bank transfer,20.51,1143.96,No,No,No
7590-C2263,54,Month-to-month,Mailed check,64.89,3483.64,DSL,No,No
7590-C2264,37,Month-to-month,Credit card,67.11,2484.6,Fiber optic,Yes,No
7590-C2265,3,Month-to-month,Mailed check,107.92,328.02,No,Yes,Yes
7590-C2266,25,Two year,Mailed check,88.24,2105.8,Fiber optic,Yes,No
7590-C2267,64,One year,Mailed check,32.31,2161.62,Fiber optic,No,No
7590-C2268,54,Month-to-month,Bank transfer,113.83,6299.64,DSL,Yes,No
7590-C2269,65,Month-to-month,Bank transfer,48.76,3087.23,DSL,Yes,No
7590-C2270,61,Month-to-month,Electronic check,55.93,3568.42,Fiber optic,No,No
7590-C2271,51,Month-to-month,Mailed check,111.54,5819.02,No,No,No
7590-C2272,26,One year,Electronic check,84.74,2123.42,DSL,Yes,No
7590-C2273,21,Two year,Electronic check,67.14,1377.5,DSL,Yes,Yes
7590-C2274,68,One year,Bank transfer,22.77,1501.43,DSL,Yes,No
7590-C2275,62,Month-to-month,Electronic check,64.73,4044.5,DSL,No,No
7590-C2276,6,Month-to-month,Mailed check,76.71,483.22,DSL,Yes,No
7590-C2277,8,Two year,Mailed check,59.88,482.6,No,Yes,No
7590-C2278,58,Month-to-month,Credit card,27.03,1532.15,No,Yes,No
7590-C2279,25,One year,Mailed check,20.74,498.25,Fiber optic,Yes,No
7590-C2280,23,One year,Bank transfer,107.16,2442.94,No,No,No
7590-C2281,52,Month-to-month,Mailed check,86.64,4331.46,Fiber optic,No,No
7590-C2282,1,Month-to-month,Mailed check,77.02,74.56,DSL,No,Yes
7590-C2283,72,Month-to-month,Electronic check,87.63,6592.26,DSL,Yes,No
7590-C2284,55,One year,Bank transfer,79.16,4212.7,Fiber optic,Yes,No
7590-C2285,57,One year,Mailed check,102.68,,No,No,No
7590-C2286,29,Month-to-month,Electronic check,31.96,966.39,DSL,No,No
7590-C2287,60,Month-to-month,Electronic check,71.03,4372.99,Fiber optic,No,Yes
7590-C2288,44,One year,Electronic check,101.6,4590.71,DSL,Yes,No
7590-C2289,11,Month-to-month,Mailed check,101.39,1116.27,DSL,No,No
7590-C2290,3,One year,Bank transfer,55.24,162.51,No,Yes,No
7590-C2291,66,Month-to-month,Electronic check,20.74,1381.56,Fiber optic,No,Yes
7590-C2292,22,One year,Mailed check,112.54,2566.72,DSL,No,No
7590-C2293,33,Two year,Bank transfer,97.96,3252.53,Fiber optic,Yes,No
7590-C2294,19,One year,Mailed check,44.25,864.61,No,No,No
7590-C2295,58,Month-to-month,Credit card,74.11,4295.52,No,Yes,Yes
7590-C2296,12,Two year,Bank transfer,75.82,874.33,Fiber optic,No,No
7590-C2297,20,Month-to-month,Mailed check,48.6,990.37,Fiber optic,Yes,Yes
7590-C2298,21,Month-to-month,Mailed check,29.54,626.67,No,Yes,Yes
7590-C2299,58,One year,Mailed check,21.21,1204.33,DSL,Yes,No
7590-C2300,56,Month-to-month,Bank transfer,46.0,2698.83,DSL,No,No
7590-C2301,20,Month-to-month,Electronic check,98.89,2038.52,DSL,No,No
7590-C2302,9,Month-to-month,Credit card,77.23,669.28,No,Yes,Yes
7590-C2303,19,One year,Credit card,40.14,775.05,DSL,Yes,No
7590-C2304,16,Month-to-month,Mailed check,103.76,1691.51,DSL,Yes,No
7590-C2305,5,Month-to-month,Credit card,111.47,569.14,No,Yes,Yes
7590-C2306,67,Month-to-month,Mailed check,73.57,5035.91,No,Yes,No
7590-C2307,20,Month-to-month,Bank transfer,58.61,1218.04,DSL,Yes,Yes
7590-C2308,21,Two year,Mailed check,117.31,2410.06,DSL,Yes,No
7590-C2309,62,Month-to-month,Bank transfer,50.2,3134.63,Fiber optic,Yes,Yes
7590-C2310,50,Two year,Mailed check,110.76,5291.79,DSL,Yes,No
7590-C2311,13,One year,Electronic check,23.57,307.52,Fiber optic,No,No
7590-C2312,32,Two year,Mailed check,32.87,1041.3,No,Yes,No
7590-C2313,7,Month-to-month,Electronic check,38.27,272.21,Fiber optic,Yes,No
7590-C2314,53,Two year,Electronic check,53.72,2769.99,DSL,Yes,No
7590-C2315,11,One year,Mailed check,69.69,747.27,DSL,Yes,No
7590-C2316,37,Month-to-month,Bank transfer,24.37,923.11,Fiber optic,Yes,Yes
7590-C2317,64,Two year,Mailed check,25.0,1620.26,DSL,Yes,No
7590-C2318,61,Two year,Mailed check,24.11,1515.36,DSL,Yes,No
7590-C2319,53,Two year,Bank transfer,43.95,2409.48,Fiber optic,Yes,No
7590-C2320,50,One year,Bank transfer,44.58,2215.24,DSL,Yes,No
7590-C2321,9,Month-to-month,Electronic check,113.15,968.98,Fiber optic,No,Yes
7590-C2322,10,Two year,Electronic check,50.58,504.76,DSL,Yes,No
7590-C2323,66,Month-to-month,Mailed check,56.24,3829.43,DSL,Yes,No
7590-C2324,22,Month-to-month,Credit card,65.86,1397.9,No,Yes,No
7590-C2325,54,Month-to-month,Bank transfer,90.46,5108.5,Fiber optic,No,No
7590-C2326,42,Month-to-month,Bank transfer,44.37,1918.58,DSL,No,No
7590-C2327,53,Month-to-month,Mailed check,29.38,1573.87,Fiber optic,Yes,Yes
7590-C2328,5,Month-to-month,Mailed check,107.65,553.81,DSL,No,Yes
7590-C2329,30,Month-to-month,Bank transfer,30.25,919.43,Fiber optic,No,Yes
7590-C2330,37,Two year,Electronic check,81.51,3143.24,DSL,Yes,No
7590-C2331,3,Month-to-month,Bank transfer,82.65,249.31,DSL,No,Yes
7590-C2332,30,Month-to-month,Mailed check,57.32,1791.08,DSL,No,No
7590-C2333,31,One year,Electronic check,91.38,2746.18,DSL,Yes,No
7590-C2334,32,Month-to-month,Bank transfer,79.74,2455.13,Fiber optic,No,No
7590-C2335,40,Month-to-month,Bank transfer,50.34,1923.53,No,Yes,Yes
7590-C2336,71,One year,Bank transfer,112.36,8150.73,DSL,Yes,No
7590-C2337,27,One year,Credit card,110.93,2923.85,DSL,No,No
7590-C2338,29,Month-to-month,Bank transfer,81.67,2355.14,No,No,No
7590-C2339,11,Month-to-month,Credit card,76.78,825.19,Fiber optic,Yes,No
7590-C2340,56,Month-to-month,Bank transfer,35.01,1942.47,Fiber optic,No,No
7590-C2341,46,One year,Bank transfer,21.67,1017.75,DSL,No,No
7590-C2342,26,Month-to-month,Electronic check,117.38,3027.49,No,No,Yes
7590-C2343,2,Month-to-month,Electronic check,58.9,118.88,Fiber optic,Yes,Yes
7590-C2344,70,Two year,Electronic check,78.45,5713.28,DSL,Yes,No
7590-C2345,63,One year,Mailed check,70.31,4328.71,DSL,Yes,No
7590-C2346,27,Month-to-month,Bank transfer,78.38,2091.1,No,Yes,Yes
7590-C2347,49,One year,Electronic check,24.22,1234.48,Fiber optic,No,No
7590-C2348,49,Month-to-month,Mailed check,84.37,4162.45,DSL,Yes,Yes
7590-C2349,33,Month-to-month,Bank transfer,94.06,2992.15,DSL,Yes,Yes
7590-C2350,55,Month-to-month,Mailed check,54.84,3100.81,DSL,Yes,No
7590-C2351,17,Month-to-month,Bank transfer,81.12,1322.71,DSL,No,Yes
7590-C2352,69,One year,Mailed check,108.56,7668.57,DSL,No,No
7590-C2353,9,Month-to-month,Electronic check,46.49,418.82,DSL,Yes,Yes
7590-C2354,71,Two year,Credit card,83.14,5943.84,DSL,Yes,No
7590-C2355,50,One year,Bank transfer,85.78,4410.79,DSL,No,No
7590-C2356,11,One year,Mailed check,51.69,542.47,DSL,Yes,No
7590-C2357,16,Month-to-month,Credit card,101.77,1666.67,No,Yes,Yes
7590-C2358,61,Month-to-month,Bank transfer,116.21,6753.87,Fiber optic,Yes,No
7590-C2359,12,Month-to-month,Mailed check,56.99,674.84,No,No,No
7590-C2360,10,Month-to-month,Credit card,102.47,984.7,Fiber optic,Yes,Yes
7590-C2361,65,One year,Mailed check,88.82,5799.74,No,Yes,No
7590-C2362,8,Month-to-month,Bank transfer,57.85,464.24,No,Yes,No
7590-C2363,24,Month-to-month,Credit card,112.54,2606.49,Fiber optic,Yes,Yes
7590-C2364,7,Month-to-month,Electronic check,46.09,324.51,Fiber optic,No,Yes
7590-C2365,37,One year,Credit card,109.28,4135.16,DSL,Yes,No
7590-C2366,32,Month-to-month,Bank transfer,49.71,1669.88,No,No,No
7590-C2367,45,Month-to-month,Credit card,20.31,942.07,DSL,Yes,No
7590-C2368,30,One year,Credit card,61.05,1813.8,DSL,Yes,No
7590-C2369,71,Two year,Bank transfer,61.55,4558.42,Fiber optic,No,No
7590-C2370,46,Two year,Electronic check,66.07,3188.44,DSL,Yes,No
7590-C2371,38,Month-to-month,Mailed check,95.89,3713.3,No,Yes,No
7590-C2372,48,One year,Mailed check,95.07,4738.82,No,No,No
7590-C2373,7,Month-to-month,Electronic check,72.23,484.23,No,No,Yes
7590-C2374,59,Month-to-month,Mailed check,88.71,5438.44,No,Yes,Yes
7590-C2375,52,Two year,Credit card,109.71,5734.37,DSL,Yes,No
7590-C2376,45,Month-to-month,Mailed check,116.62,5127.02,No,No,Yes
7590-C2377,41,Two year,Electronic check,90.74,3847.79,DSL,No,No
7590-C2378,26,Two year,Electronic check,106.91,2760.3,Fiber optic,Yes,No
7590-C2379,31,Month-to-month,Bank transfer,53.1,1706.58,No,No,No
7590-C2380,22,One year,Credit card,82.59,1732.59,DSL,No,No
7590-C2381,48,Two year,Bank transfer,39.13,1811.58,Fiber optic,No,No
7590-C2382,17,Month-to-month,Mailed check,50.74,902.93,No,No,Yes
7590-C2383,68,Month-to-month,Electronic check,97.99,6901.02,DSL,No,Yes
7590-C2384,36,Month-to-month,Bank transfer,26.66,995.44,No,Yes,No
7590-C2385,61,One year,Mailed check,86.8,5123.65,Fiber optic,No,No
7590-C2386,54,Two year,Electronic check,98.22,5500.75,DSL,Yes,No
7590-C2387,44,One year,Bank transfer,34.56,1539.63,Fiber optic,Yes,No
7590-C2388,50,Month-to-month,Electronic check,109.47,5596.25,Fiber optic,Yes,No
7590-C2389,15,Two year,Mailed check,50.34,781.95,Fiber optic,No,No
7590-C2390,64,Month-to-month,Mailed check,62.53,4002.09,No,Yes,No
7590-C2391,1,Month-to-month,Electronic check,117.23,118.53,DSL,Yes,Yes
7590-C2392,30,Month-to-month,Credit card,83.33,2513.6,No,Yes,No
7590-C2393,13,Month-to-month,Bank transfer,38.31,504.83,Fiber optic,Yes,Yes
7590-C2394,11,Month-to-month,Bank transfer,107.83,1170.66,Fiber optic,No,Yes
7590-C2395,47,Two year,Bank transfer,116.16,5672.7,DSL,Yes,No
7590-C2396,54,Month-to-month,Electronic check,29.17,1653.06,Fiber optic,Yes,No
7590-C2397,30,Month-to-month,Mailed check,52.69,1616.3,DSL,Yes,No
7590-C2398,16,Month-to-month,Credit card,107.0,1776.0,No,Yes,No
7590-C2399,44,One year,Mailed check,64.55,2857.33,No,Yes,No
7590-C2400,21,Two year,Credit card,44.58,944.36,No,No,No
7590-C2401,69,Month-to-month,Credit card,111.22,7492.34,Fiber optic,Yes,No
7590-C2402,6,Month-to-month,Bank transfer,47.05,275.86,DSL,No,Yes
7590-C2403,63,Month-to-month,Credit card,76.84,4974.73,DSL,Yes,No
7590-C2404,15,Month-to-month,Mailed check,76.66,1107.1,Fiber optic,Yes,No
7590-C2405,29,Month-to-month,Credit card,110.24,3102.35,DSL,Yes,Yes
7590-C2406,35,One year,Credit card,64.09,2243.49,DSL,No,No
7590-C2407,13,One year,Electronic check,76.51,962.81,DSL,No,No
7590-C2408,72,Month-to-month,Credit card,25.62,1771.08,No,No,No
7590-C2409,37,One year,Electronic check,64.39,2372.61,Fiber optic,No,No
7590-C2410,25,Two year,Bank transfer,108.58,2688.19,No,Yes,No
7590-C2411,35,Month-to-month,Electronic check,51.36,1844.77,No,No,Yes
7590-C2412,33,One year,Bank transfer,36.76,1220.59,Fiber optic,Yes,No
7590-C2413,55,One year,Bank transfer,81.44,4672.82,No,No,No
7590-C2414,14,Month-to-month,Credit card,109.62,1502.04,No,No,Yes
7590-C2415,45,One year,Bank transfer,70.11,3053.22,No,No,No
7590-C2416,11,One year,Electronic check,32.03,339.14,DSL,Yes,No
7590-C2417,19,One year,Mailed check,57.32,1065.7,DSL,No,No
7590-C2418,23,Two year,Bank transfer,73.11,1706.19,Fiber optic,No,No
7590-C2419,68,Month-to-month,Credit card,29.74,1970.63,No,No,No
7590-C2420,13,One year,Bank transfer,96.38,1295.56,No,Yes,No
7590-C2421,55,One year,Electronic check,20.66,1158.88,Fiber optic,Yes,No
7590-C2422,48,Two year,Credit card,61.03,2888.64,Fiber optic,No,No
7590-C2423,46,Two year,Mailed check,21.93,973.56,DSL,Yes,No
7590-C2424,24,One year,Bank transfer,57.43,1445.76,No,No,No
7590-C2425,47,Month-to-month,Electronic check,32.74,1533.15,Fiber optic,Yes,Yes
7590-C2426,15,Month-to-month,Mailed check,22.58,342.71,DSL,Yes,Yes
7590-C2427,25,Month-to-month,Credit card,115.77,2972.61,Fiber optic,Yes,No
7590-C2428,33,Month-to-month,Bank transfer,98.47,3387.51,DSL,No,Yes
7590-C2429,21,Month-to-month,Electronic check,29.59,619.01,Fiber optic,Yes,No
7590-C2430,11,One year,Bank transfer,102.68,1182.59,No,No,No
7590-C2431,34,Month-to-month,Credit card,108.96,3871.54,DSL,Yes,Yes
7590-C2432,69,Month-to-month,Bank transfer,61.9,4358.98,Fiber optic,No,No
7590-C2433,61,Month-to-month,Bank transfer,54.33,3397.38,No,No,No
7590-C2434,6,Two year,Credit card,32.79,205.2,Fiber optic,No,No
7590-C2435,4,Two year,Credit card,26.46,100.82,DSL,No,No
7590-C2436,45,Two year,Mailed check,22.4,974.04,DSL,No,No
7590-C2437,47,Month-to-month,Mailed check,97.36,4388.34,No,No,No
7590-C2438,68,Month-to-month,Bank transfer,35.95,2548.67,No,No,Yes
7590-C2439,37,One year,Bank transfer,110.17,4003.87,No,No,No
7590-C2440,2,Month-to-month,Mailed check,104.12,215.41,Fiber optic,No,Yes
7590-C2441,69,Two year,Credit card,105.82,7399.17,No,No,No
7590-C2442,52,Month-to-month,Bank transfer,21.89,1166.36,No,Yes,Yes
7590-C2443,46,Month-to-month,Electronic check,105.66,4651.68,DSL,Yes,No
7590-C2444,30,Two year,Mailed check,44.03,1349.1,Fiber optic,Yes,No
7590-C2445,44,Month-to-month,Credit card,68.23,2884.36,No,No,Yes
7590-C2446,51,Month-to-month,Bank transfer,115.4,6143.17,DSL,No,No
7590-C2447,17,Month-to-month,Mailed check,90.21,1549.39,Fiber optic,No,Yes
7590-C2448,40,Month-to-month,Bank transfer,66.15,2609.75,No,Yes,No
7590-C2449,50,Month-to-month,Electronic check,104.06,5155.36,DSL,Yes,No
7590-C2450,18,Month-to-month,Electronic check,72.57,,No,Yes,Yes
7590-C2451,36,Month-to-month,Credit card,60.42,2262.78,Fiber optic,Yes,Yes
7590-C2452,9,Month-to-month,Credit card,63.25,568.56,DSL,No,Yes
7590-C2453,20,One year,Credit card,47.69,959.15,Fiber optic,No,Yes
7590-C2454,61,Two year,Bank transfer,56.18,3266.66,Fiber optic,Yes,No
7590-C2455,44,Month-to-month,Bank transfer,74.45,3145.29,No,Yes,Yes
7590-C2456,25,One year,Electronic check,81.37,1981.18,DSL,No,No
7590-C2457,35,Month-to-month,Credit card,90.66,3166.89,Fiber optic,Yes,Yes
7590-C2458,43,Month-to-month,Credit card,117.11,4857.13,DSL,Yes,No
7590-C2459,5,Two year,Credit card,44.06,226.08,Fiber optic,Yes,No
7590-C2460,40,One year,Credit card,81.95,3285.75,DSL,No,No
7590-C2461,25,Two year,Bank transfer,69.6,1779.53,DSL,No,No
7590-C2462,31,One year,Electronic check,79.36,2381.85,Fiber optic,Yes,No
7590-C2463,42,One year,Bank transfer,86.31,3670.08,Fiber optic,No,No
7590-C2464,53,Month-to-month,Electronic check,61.49,3201.12,No,Yes,Yes
7590-C2465,6,Month-to-month,Credit card,98.4,612.24,DSL,No,Yes
7590-C2466,43,Two year,Mailed check,47.56,2126.63,DSL,No,No
7590-C2467,35,Month-to-month,Credit card,28.73,,DSL,No,No
7590-C2468,31,One year,Mailed check,66.45,2079.83,Fiber optic,No,No
7590-C2469,41,One year,Mailed check,46.06,1843.66,DSL,No,No
7590-C2470,40,Month-to-month,Credit card,44.0,1721.94,No,Yes,Yes
7590-C2471,24,Two year,Mailed check,96.58,2413.89,Fiber optic,Yes,Yes
7590-C2472,21,Month-to-month,Electronic check,27.55,567.93,No,Yes,Yes
7590-C2473,48,Month-to-month,Electronic check,94.69,4569.06,DSL,No,Yes
7590-C2474,63,Two year,Credit card,48.21,2975.89,DSL,Yes,No
7590-C2475,28,Month-to-month,Bank transfer,46.08,1351.14,DSL,Yes,Yes
7590-C2476,31,Month-to-month,Mailed check,72.99,2366.31,Fiber optic,No,No
7590-C2477,14,Month-to-month,Credit card,41.91,589.15,No,Yes,Yes
7590-C2478,72,Month-to-month,Bank transfer,80.52,5565.53,DSL,No,No
7590-C2479,1,Month-to-month,Credit card,96.94,93.4,Fiber optic,No,Yes
7590-C2480,8,Month-to-month,Bank transfer,74.41,610.61,DSL,No,Yes
7590-C2481,36,Month-to-month,Credit card,100.26,3573.91,Fiber optic,No,No
7590-C2482,52,Month-to-month,Mailed check,104.31,5393.19,Fiber optic,No,No
7590-C2483,4,Month-to-month,Electronic check,59.8,232.58,DSL,No,Yes
7590-C2484,31,Month-to-month,Electronic check,31.75,1002.79,DSL,Yes,Yes
7590-C2485,4,Month-to-month,Bank transfer,59.62,245.95,No,Yes,No
7590-C2486,37,Month-to-month,Bank transfer,23.5,908.72,No,Yes,No
7590-C2487,64,Two year,Bank transfer,98.21,6187.14,DSL,No,No
7590-C2488,63,Month-to-month,Electronic check,21.93,1344.45,No,Yes,No
7590-C2489,2,Month-to-month,Mailed check,28.98,58.49,No,No,Yes
7590-C2490,48,One year,Electronic check,23.47,1073.9,No,Yes,No
7590-C2491,68,Month-to-month,Credit card,101.36,7059.72,DSL,No,No
7590-C2492,1,One year,Bank transfer,88.55,86.46,Fiber optic,Yes,Yes
7590-C2493,58,One year,Mailed check,103.14,6193.16,Fiber optic,Yes,No
7590-C2494,50,Month-to-month,Credit card,67.15,3446.61,No,Yes,No
7590-C2495,15,Month-to-month,Electronic check,114.18,1734.41,No,Yes,Yes
7590-C2496,46,Two year,Bank transfer,81.64,3891.08,DSL,No,No
7590-C2497,71,Month-to-month,Credit card,34.49,2474.21,Fiber optic,Yes,Yes
7590-C2498,2,One year,Mailed check,34.84,66.31,Fiber optic,No,No
7590-C2499,50,Month-to-month,Bank transfer,99.36,5052.37,Fiber optic,No,Yes
7590-C2500,53,Month-to-month,Credit card,54.03,2920.62,No,Yes,Yes
7590-C2501,41,Two year,Credit card,84.75,3486.83,Fiber optic,No,No
7590-C2502,24,Month-to-month,Bank transfer,94.01,2294.57,No,No,No
7590-C2503,39,One year,Credit card,68.51,2558.72,Fiber optic,Yes,Yes
7590-C2504,19,Month-to-month,Electronic check,91.53,1751.37,Fiber optic,No,No
7590-C2505,30,Month-to-month,Mailed check,71.18,2113.15,Fiber optic,Yes,No
7590-C2506,14,Month-to-month,Electronic check,105.74,1542.18,DSL,Yes,Yes
7590-C2507,59,Two year,Credit card,46.47,2835.83,Fiber optic,Yes,No
7590-C2508,51,Month-to-month,Bank transfer,33.72,1658.5,No,Yes,No
7590-C2509,16,Two year,Bank transfer,104.81,1695.57,Fiber optic,No,No
7590-C2510,20,Two year,Electronic check,101.93,2102.83,DSL,Yes,No
7590-C2511,69,Month-to-month,Credit card,107.73,7610.38,No,No,No
7590-C2512,19,One year,Electronic check,107.04,2051.11,Fiber optic,No,No
7590-C2513,12,Month-to-month,Electronic check,99.57,1252.49,DSL,Yes,No
7590-C2514,11,Month-to-month,Bank transfer,84.57,933.19,Fiber optic,Yes,No
7590-C2515,35,One year,Mailed check,111.76,4072.26,DSL,Yes,No
7590-C2516,48,Two year,Credit card,115.76,5776.49,DSL,No,No
7590-C2517,49,Month-to-month,Credit card,44.5,2194.86,DSL,No,No
7590-C2518,67,One year,Credit card,29.81,2042.88,DSL,No,No
7590-C2519,68,Month-to-month,Electronic check,27.52,1787.83,No,No,No
7590-C2520,11,Month-to-month,Credit card,87.34,924.33,No,Yes,No
7590-C2521,9,Month-to-month,Credit card,87.41,813.87,DSL,No,No
7590-C2522,50,Month-to-month,Mailed check,42.51,2159.86,No,Yes,No
7590-C2523,4,Two year,Mailed check,107.29,447.26,DSL,Yes,Yes
7590-C2524,49,One year,Electronic check,43.47,2192.96,No,Yes,No
7590-C2525,59,Two year,Credit card,23.88,1446.87,No,No,No
7590-C2526,55,Month-to-month,Electronic check,109.4,5750.08,DSL,No,Yes
7590-C2527,5,Month-to-month,Bank transfer,110.12,546.6,DSL,Yes,Yes
7590-C2528,39,Month-to-month,Credit card,39.95,1628.24,No,Yes,No
7590-C2529,29,Month-to-month,Mailed check,42.93,1209.37,DSL,Yes,No
7590-C2530,52,Month-to-month,Mailed check,114.22,6228.0,DSL,No,No
7590-C2531,22,One year,Credit card,66.85,1486.34,Fiber optic,No,Yes
7590-C2532,68,One year,Electronic check,55.95,3715.96,No,Yes,No
7590-C2533,47,Month-to-month,Credit card,30.67,1404.07,No,Yes,No
7590-C2534,34,Month-to-month,Electronic check,28.74,1019.3,Fiber optic,Yes,Yes
7590-C2535,14,One year,Bank transfer,78.53,1072.5,Fiber optic,No,No
7590-C2536,66,Two year,Bank transfer,84.15,5710.15,No,No,No
7590-C2537,3,One year,Credit card,28.37,84.75,DSL,Yes,Yes
7590-C2538,60,Month-to-month,Bank transfer,111.38,6790.63,Fiber optic,No,No
7590-C2539,11,Month-to-month,Credit card,60.39,660.44,Fiber optic,No,Yes
7590-C2540,45,Two year,Credit card,60.29,2612.01,Fiber optic,No,No
7590-C2541,34,Month-to-month,Bank transfer,94.96,3345.89,Fiber optic,Yes,Yes
7590-C2542,4,Month-to-month,Electronic check,68.62,275.94,No,Yes,Yes
7590-C2543,22,Month-to-month,Credit card,67.03,1512.91,No,Yes,No
7590-C2544,62,One year,Bank transfer,73.94,4682.85,No,No,No
7590-C2545,26,Two year,Mailed check,104.18,2667.07,Fiber optic,Yes,No
7590-C2546,31,Month-to-month,Electronic check,42.82,1310.24,Fiber optic,No,Yes
7590-C2547,31,One year,Credit card,65.56,1994.33,DSL,No,No
7590-C2548,9,One year,Bank transfer,42.87,381.58,DSL,Yes,Yes
7590-C2549,68,Month-to-month,Mailed check,27.35,1896.08,Fiber optic,No,Yes
7590-C2550,39,Two year,Bank transfer,101.96,4058.77,Fiber optic,Yes,Yes
7590-C2551,37,One year,Electronic check,45.52,1709.98,DSL,Yes,Yes
7590-C2552,45,Month-to-month,Mailed check,109.24,4958.88,DSL,Yes,No
7590-C2553,25,Two year,Mailed check,58.19,1423.02,Fiber optic,No,No
7590-C2554,7,Month-to-month,Credit card,23.87,170.79,No,No,Yes
7590-C2555,36,Month-to-month,Mailed check,107.74,3801.8,Fiber optic,Yes,Yes
7590-C2556,44,Month-to-month,Electronic check,59.19,2607.65,Fiber optic,No,No
7590-C2557,69,Month-to-month,Electronic check,76.24,5120.36,Fiber optic,No,No
7590-C2558,34,Month-to-month,Electronic check,44.69,1580.21,No,Yes,No
7590-C2559,69,Month-to-month,Electronic check,25.84,1742.21,No,Yes,Yes
7590-C2560,21,Month-to-month,Mailed check,102.88,2190.21,No,Yes,Yes
7590-C2561,68,One year,Electronic check,80.51,5492.58,DSL,Yes,No
7590-C2562,1,One year,Mailed check,39.12,39.59,No,No,Yes
7590-C2563,41,One year,Electronic check,84.8,3551.38,DSL,No,No
7590-C2564,12,Month-to-month,Mailed check,29.34,364.88,DSL,Yes,Yes
7590-C2565,32,Month-to-month,Electronic check,99.44,3161.31,No,Yes,Yes
7590-C2566,28,Two year,Bank transfer,116.67,3322.47,Fiber optic,No,No
7590-C2567,13,One year,Mailed check,51.66,643.81,Fiber optic,Yes,No
7590-C2568,72,Month-to-month,Mailed check,109.16,8100.31,DSL,Yes,No
7590-C2569,61,Month-to-month,Credit card,53.7,3370.35,DSL,No,Yes
7590-C2570,27,Two year,Credit card,32.56,901.7,Fiber optic,No,No
7590-C2571,43,Two year,Bank transfer,116.13,5082.75,Fiber optic,No,No
7590-C2572,18,Month-to-month,Bank transfer,96.76,1730.02,Fiber optic,No,No
7590-C2573,61,Month-to-month,Electronic check,111.1,6450.81,Fiber optic,Yes,No
7590-C2574,50,Month-to-month,Bank transfer,60.16,3100.59,No,No,Yes
7590-C2575,27,Month-to-month,Mailed check,99.4,2741.68,No,Yes,No
7590-C2576,24,One year,Electronic check,88.43,2048.52,DSL,Yes,No
7590-C2577,58,One year,Electronic check,69.85,4043.24,No,Yes,No
7590-C2578,69,Month-to-month,Electronic check,99.21,6716.97,Fiber optic,Yes,No
7590-C2579,54,Month-to-month,Credit card,45.59,2424.22,Fiber optic,No,Yes
7590-C2580,49,One year,Bank transfer,110.83,5348.54,No,No,No
7590-C2581,18,Two year,Bank transfer,33.62,635.1,No,No,No
7590-C2582,58,Month-to-month,Bank transfer,87.97,5039.33,DSL,No,No
7590-C2583,70,One year,Bank transfer,20.64,1437.24,No,No,No
7590-C2584,72,Month-to-month,Credit card,83.62,6061.04,Fiber optic,Yes,Yes
7590-C2585,52,One year,Mailed check,21.9,1188.62,Fiber optic,Yes,No
7590-C2586,24,Month-to-month,Electronic check,105.88,2509.31,DSL,No,No
7590-C2587,18,Month-to-month,Credit card,110.46,1968.28,DSL,No,Yes
7590-C2588,69,One year,Electronic check,106.95,7565.7,DSL,Yes,No
7590-C2589,29,Month-to-month,Bank transfer,60.12,1696.58,Fiber optic,No,Yes
7590-C2590,1,Month-to-month,Credit card,64.37,64.69,No,No,No
7590-C2591,52,One year,Mailed check,54.21,2947.37,DSL,No,No
7590-C2592,60,Month-to-month,Mailed check,50.59,2922.14,Fiber optic,Yes,No
7590-C2593,72,Month-to-month,Mailed check,81.6,5652.27,DSL,No,Yes
7590-C2594,72,One year,Credit card,93.74,6638.77,DSL,Yes,No
7590-C2595,65,Month-to-month,Bank transfer,65.18,4414.56,Fiber optic,Yes,No
7590-C2596,8,Two year,Credit card,74.02,603.94,Fiber optic,No,No
7590-C2597,58,Month-to-month,Electronic check,81.33,4494.66,DSL,No,No
7590-C2598,52,Month-to-month,Credit card,35.82,1928.94,No,No,No
7590-C2599,57,Month-to-month,Bank transfer,30.41,1802.27,DSL,Yes,Yes
7590-C2600,57,One year,Electronic check,76.48,4223.7,Fiber optic,No,No
7590-C2601,16,Two year,Credit card,95.12,1498.77,No,No,No
7590-C2602,1,Month-to-month,Mailed check,46.15,47.14,DSL,Yes,Yes
7590-C2603,39,One year,Electronic check,33.84,1296.76,No,Yes,No
7590-C2604,27,Month-to-month,Electronic check,21.98,612.32,DSL,No,Yes
7590-C2605,57,Month-to-month,Mailed check,60.6,3574.91,Fiber optic,Yes,No
7590-C2606,65,One year,Mailed check,85.92,5321.45,Fiber optic,Yes,No
7590-C2607,39,Month-to-month,Bank transfer,58.71,2400.32,No,Yes,Yes
7590-C2608,16,Month-to-month,Bank transfer,22.73,353.53,Fiber optic,Yes,No
7590-C2609,52,Month-to-month,Electronic check,97.42,5165.77,Fiber optic,No,Yes
7590-C2610,56,Month-to-month,Electronic check,64.61,3474.09,DSL,No,No
7590-C2611,1,One year,Credit card,62.01,62.82,Fiber optic,Yes,No
7590-C2612,3,Two year,Mailed check,52.64,165.16,Fiber optic,No,Yes
7590-C2613,38,Month-to-month,Mailed check,113.19,4138.15,No,Yes,No
7590-C2614,53,Two year,Mailed check,55.95,2944.83,No,No,No
7590-C2615,63,Month-to-month,Bank transfer,25.82,1595.37,No,Yes,No
7590-C2616,26,One year,Credit card,103.35,2653.55,Fiber optic,No,No
7590-C2617,25,Month-to-month,Credit card,45.77,1129.42,DSL,No,No
7590-C2618,16,Month-to-month,Electronic check,69.38,1084.24,No,No,No
7590-C2619,13,Two year,Mailed check,63.68,820.55,No,Yes,No
7590-C2620,48,Month-to-month,Electronic check,20.79,1012.97,DSL,No,No
7590-C2621,48,One year,Bank transfer,106.42,4945.18,Fiber optic,Yes,No
7590-C2622,3,Month-to-month,Credit card,110.86,327.08,No,Yes,Yes
7590-C2623,40,Month-to-month,Mailed check,86.95,3573.16,No,No,Yes
7590-C2624,54,Two year,Electronic check,73.5,3927.8,Fiber optic,No,No
7590-C2625,30,Month-to-month,Electronic check,110.44,3282.87,DSL,No,Yes
7590-C2626,23,One year,Credit card,107.77,2436.63,No,Yes,No
7590-C2627,59,Month-to-month,Credit card,50.13,2920.08,No,Yes,Yes
7590-C2628,12,One year,Mailed check,44.37,515.47,Fiber optic,Yes,Yes
7590-C2629,8,Month-to-month,Bank transfer,69.1,553.84,No,No,Yes
7590-C2630,17,Two year,Credit card,35.59,623.54,DSL,No,No
7590-C2631,70,Month-to-month,Credit card,37.36,2701.72,Fiber optic,Yes,No
7590-C2632,35,One year,Bank transfer,82.02,2850.57,No,No,No
7590-C2633,59,Month-to-month,Mailed check,30.04,1754.13,DSL,No,Yes
7590-C2634,46,Month-to-month,Electronic check,111.68,5371.52,Fiber optic,No,No
7590-C2635,68,Month-to-month,Bank transfer,41.56,2945.14,DSL,Yes,No
7590-C2636,29,Two year,Credit card,114.76,3327.19,Fiber optic,No,Yes
7590-C2637,3,One year,Electronic check,70.03,,DSL,No,No
7590-C2638,10,Month-to-month,Credit card,103.29,993.5,DSL,Yes,Yes
7590-C2639,64,Month-to-month,Electronic check,54.38,3400.57,DSL,No,No
7590-C2640,27,One year,Mailed check,55.0,1474.12,DSL,No,No
7590-C2641,5,Month-to-month,Electronic check,51.35,268.51,DSL,Yes,Yes
7590-C2642,51,Month-to-month,Mailed check,81.69,3999.46,DSL,Yes,No
7590-C2643,12,One year,Electronic check,79.51,960.63,DSL,No,No
7590-C2644,49,One year,Mailed check,109.95,5457.97,No,No,No
7590-C2645,52,One year,Credit card,75.2,3776.04,DSL,Yes,No
7590-C2646,57,Month-to-month,Credit card,30.0,1696.54,DSL,No,No
7590-C2647,8,Month-to-month,Credit card,107.98,839.05,Fiber optic,No,Yes
7590-C2648,18,Month-to-month,Mailed check,103.92,1959.43,Fiber optic,Yes,No
7590-C2649,37,Month-to-month,Mailed check,115.21,4432.44,No,Yes,Yes
7590-C2650,57,Two year,Credit card,58.66,3337.28,Fiber optic,Yes,No
7590-C2651,4,Month-to-month,Bank transfer,24.73,102.05,Fiber optic,Yes,No
7590-C2652,67,Two year,Bank transfer,97.29,6298.07,DSL,Yes,No
7590-C2653,23,Two year,Credit card,92.84,2036.09,No,No,No
7590-C2654,25,Month-to-month,Mailed check,45.05,1141.23,No,No,Yes
7590-C2655,12,Two year,Bank transfer,116.87,1348.49,DSL,Yes,No
7590-C2656,69,Month-to-month,Bank transfer,88.88,6002.66,No,No,Yes
7590-C2657,7,One year,Mailed check,38.66,273.83,DSL,Yes,No
7590-C2658,22,One year,Credit card,28.96,613.65,No,Yes,No
7590-C2659,69,Month-to-month,Bank transfer,65.87,4548.58,No,No,Yes
7590-C2660,6,Two year,Electronic check,25.8,151.24,Fiber optic,No,No
7590-C2661,31,One year,Electronic check,111.89,3385.98,DSL,Yes,No
7590-C2662,7,Month-to-month,Mailed check,75.48,530.35,DSL,No,No
7590-C2663,17,Month-to-month,Mailed check,89.01,1443.94,DSL,Yes,No
7590-C2664,22,Month-to-month,Credit card,51.47,,DSL,No,No
7590-C2665,67,One year,Electronic check,60.61,3958.76,No,No,No
7590-C2666,20,Month-to-month,Bank transfer,103.39,2081.68,Fiber optic,No,No
7590-C2667,12,Month-to-month,Credit card,60.32,729.93,No,Yes,Yes
7590-C2668,72,One year,Electronic check,73.31,5177.02,No,Yes,No
7590-C2669,58,Month-to-month,Credit card,101.13,5869.07,No,No,No
7590-C2670,43,One year,Credit card,104.9,4457.05,Fiber optic,No,No
7590-C2671,67,Month-to-month,Credit card,43.52,2885.09,DSL,Yes,Yes
7590-C2672,37,Month-to-month,Electronic check,40.02,1542.44,No,Yes,No
7590-C2673,20,Month-to-month,Credit card,23.52,462.27,No,No,Yes
7590-C2674,6,Month-to-month,Mailed check,35.87,216.5,Fiber optic,Yes,No
7590-C2675,64,Month-to-month,Electronic check,34.15,2139.39,Fiber optic,No,Yes
7590-C2676,8,Two year,Bank transfer,101.54,847.4,Fiber optic,No,No
7590-C2677,25,One year,Bank transfer,78.71,2049.57,No,No,No
7590-C2678,55,Month-to-month,Credit card,51.56,2811.91,No,Yes,No
7590-C2679,22,Two year,Mailed check,97.76,2154.19,Fiber optic,Yes,Yes
7590-C2680,56,Month-to-month,Credit card,39.04,2147.25,No,No,No
7590-C2681,42,Month-to-month,Bank transfer,94.88,4023.12,No,No,Yes
7590-C2682,28,One year,Bank transfer,100.06,2674.17,DSL,Yes,No
7590-C2683,63,One year,Credit card,112.02,6802.53,Fiber optic,Yes,No
7590-C2684,44,One year,Mailed check,60.59,2732.08,No,No,No
7590-C2685,60,Month-to-month,Mailed check,45.24,2744.03,Fiber optic,No,Yes
7590-C2686,48,Month-to-month,Electronic check,64.38,3238.66,Fiber optic,Yes,Yes
7590-C2687,46,Month-to-month,Bank transfer,46.66,2051.21,DSL,Yes,No
7590-C2688,11,Month-to-month,Mailed check,90.59,1016.19,No,Yes,Yes
7590-C2689,27,Two year,Bank transfer,97.84,2731.37,No,No,No
7590-C2690,39,Month-to-month,Electronic check,47.63,1810.93,Fiber optic,No,Yes
7590-C2691,21,Month-to-month,Electronic check,67.68,1425.5,DSL,Yes,Yes
7590-C2692,27,Two year,Mailed check,90.91,2445.46,Fiber optic,Yes,Yes
7590-C2693,47,Two year,Bank transfer,114.3,5123.74,DSL,No,No
7590-C2694,62,Month-to-month,Mailed check,34.16,2032.15,DSL,No,No
7590-C2695,18,One year,Bank transfer,116.74,2050.43,Fiber optic,Yes,No
7590-C2696,35,Month-to-month,Bank transfer,77.58,2671.42,DSL,Yes,Yes
7590-C2697,3,One year,Mailed check,86.9,256.07,Fiber optic,Yes,No
7590-C2698,11,Month-to-month,Bank transfer,111.1,1259.99,DSL,No,Yes
7590-C2699,61,Month-to-month,Electronic check,114.97,6847.03,DSL,Yes,No
7590-C2700,13,Two year,Credit card,60.85,751.63,No,Yes,No
7590-C2701,61,Two year,Mailed check,95.73,5698.25,No,No,No
7590-C2702,59,Two year,Electronic check,113.72,6876.87,No,Yes,No
7590-C2703,68,Month-to-month,Bank transfer,35.61,2403.89,No,Yes,No
7590-C2704,47,Two year,Bank transfer,69.98,3235.96,Fiber optic,No,No
7590-C2705,17,Month-to-month,Bank transfer,114.29,2022.16,No,No,No
7590-C2706,41,Month-to-month,Credit card,43.06,1706.57,Fiber optic,No,Yes
7590-C2707,44,Two year,Credit card,104.36,4708.26,Fiber optic,Yes,No
7590-C2708,72,Month-to-month,Electronic check,62.74,4376.09,No,Yes,No
7590-C2709,24,Month-to-month,Mailed check,48.98,1195.33,DSL,No,No
7590-C2710,33,Month-to-month,Mailed check,25.2,826.23,Fiber optic,No,Yes
7590-C2711,28,Month-to-month,Mailed check,81.39,2266.15,DSL,No,Yes
7590-C2712,8,Month-to-month,Credit card,97.66,776.02,DSL,Yes,No
7590-C2713,9,One year,Credit card,63.42,573.96,Fiber optic,No,No
7590-C2714,11,Two year,Mailed check,36.06,403.66,Fiber optic,Yes,No
7590-C2715,17,Month-to-month,Mailed check,26.62,441.06,No,Yes,Yes
7590-C2716,58,Month-to-month,Electronic check,33.38,1852.64,No,Yes,No
7590-C2717,31,Month-to-month,Bank transfer,21.58,657.36,Fiber optic,No,Yes
7590-C2718,28,Month-to-month,Bank transfer,110.25,3146.28,DSL,Yes,No
7590-C2719,55,One year,Electronic check,100.81,5483.33,Fiber optic,No,No
7590-C2720,44,Two year,Electronic check,62.7,2772.29,No,No,No
7590-C2721,23,One year,Mailed check,33.84,756.29,Fiber optic,No,No
7590-C2722,29,Month-to-month,Mailed check,64.9,1802.36,No,No,No
7590-C2723,52,Two year,Electronic check,36.91,1868.39,Fiber optic,No,No
7590-C2724,41,Month-to-month,Credit card,89.87,3518.62,DSL,Yes,No
7590-C2725,54,Month-to-month,Mailed check,38.52,2008.6,Fiber optic,Yes,No
7590-C2726,43,Month-to-month,Credit card,66.76,2924.65,No,Yes,No
7590-C2727,30,Month-to-month,Bank transfer,39.41,1173.2,DSL,No,Yes
7590-C2728,60,Month-to-month,Bank transfer,34.64,2063.26,No,No,Yes
7590-C2729,44,One year,Electronic check,100.8,4249.54,No,No,No
7590-C2730,40,One year,Mailed check,43.42,1756.52,No,No,No
7590-C2731,45,Month-to-month,Mailed check,111.66,5227.57,Fiber optic,No,No
7590-C2732,33,Month-to-month,Mailed check,82.81,2722.24,No,Yes,Yes
7590-C2733,43,Month-to-month,Electronic check,69.66,2989.65,No,Yes,No
7590-C2734,53,One year,Electronic check,39.48,2114.31,Fiber optic,No,No
7590-C2735,46,Two year,Credit card,72.33,3230.73,No,Yes,No
7590-C2736,59,One year,Mailed check,46.59,2794.37,No,No,No
7590-C2737,36,One year,Electronic check,83.22,2987.09,No,No,No
7590-C2738,28,Two year,Credit card,115.05,3202.52,DSL,Yes,No
7590-C2739,14,Month-to-month,Electronic check,112.27,1548.65,DSL,Yes,No
7590-C2740,27,Month-to-month,Credit card,77.17,2119.73,No,No,No
7590-C2741,57,Month-to-month,Credit card,101.77,5710.78,Fiber optic,No,Yes
7590-C2742,61,Two year,Mailed check,114.37,7286.36,DSL,Yes,No
7590-C2743,57,Month-to-month,Mailed check,67.47,3715.7,Fiber optic,Yes,Yes
7590-C2744,60,Month-to-month,Mailed check,41.19,2401.32,No,No,No
7590-C2745,24,Month-to-month,Bank transfer,90.26,2116.15,DSL,No,Yes
7590-C2746,71,Month-to-month,Bank transfer,100.57,6806.67,Fiber optic,Yes,No
7590-C2747,37,Two year,Bank transfer,91.51,3354.21,No,Yes,No
7590-C2748,7,Month-to-month,Electronic check,70.96,489.39,Fiber optic,Yes,Yes
7590-C2749,5,Month-to-month,Bank transfer,75.44,369.39,DSL,No,Yes
7590-C2750,15,Month-to-month,Electronic check,41.29,616.55,DSL,No,No
7590-C2751,44,Month-to-month,Credit card,73.55,3214.22,No,No,No
7590-C2752,56,One year,Credit card,109.79,6132.81,Fiber optic,Yes,No
7590-C2753,42,Month-to-month,Mailed check,115.27,4618.62,No,No,Yes
7590-C2754,71,Month-to-month,Electronic check,116.54,8559.62,No,Yes,No
7590-C2755,27,One year,Credit card,65.41,1717.97,No,No,No
7590-C2756,45,Month-to-month,Mailed check,40.86,1785.47,No,Yes,Yes
7590-C2757,5,One year,Electronic check,57.57,285.98,No,Yes,No
7590-C2758,17,One year,Bank transfer,58.99,956.99,No,Yes,No
7590-C2759,54,Month-to-month,Credit card,112.15,5830.43,DSL,Yes,Yes
7590-C2760,11,Month-to-month,Electronic check,99.27,1081.23,Fiber optic,Yes,Yes
7590-C2761,9,Month-to-month,Credit card,70.17,607.6,DSL,No,Yes
7590-C2762,29,Month-to-month,Bank transfer,91.11,2550.38,DSL,No,No
7590-C2763,6,Month-to-month,Credit card,56.08,325.88,Fiber optic,No,Yes
7590-C2764,51,One year,Mailed check,28.48,1509.25,Fiber optic,Yes,No
7590-C2765,22,Month-to-month,Mailed check,117.07,2596.14,No,Yes,Yes
7590-C2766,20,Two year,Mailed check,90.25,1803.9,No,No,No
7590-C2767,39,Month-to-month,Bank transfer,76.09,2884.46,No,Yes,No
7590-C2768,14,Month-to-month,Bank transfer,35.1,483.26,No,Yes,Yes
7590-C2769,12,Month-to-month,Mailed check,91.53,1131.26,No,Yes,Yes
7590-C2770,64,Month-to-month,Electronic check,94.26,6009.91,Fiber optic,Yes,No
7590-C2771,42,Month-to-month,Mailed check,57.93,2527.25,Fiber optic,No,No
7590-C2772,11,Month-to-month,Mailed check,28.55,298.7,No,No,No
7590-C2773,59,One year,Electronic check,54.56,3141.92,No,No,No
7590-C2774,17,Month-to-month,Bank transfer,112.59,1921.93,Fiber optic,Yes,No
7590-C2775,8,One year,Electronic check,38.14,301.2,No,Yes,No
7590-C2776,16,Month-to-month,Electronic check,45.08,717.6,Fiber optic,No,Yes
7590-C2777,62,Two year,Credit card,94.35,6047.62,DSL,No,No
7590-C2778,60,Month-to-month,Electronic check,79.27,4702.56,DSL,No,No
7590-C2779,2,One year,Electronic check,56.51,112.69,No,No,Yes
7590-C2780,51,One year,Electronic check,102.1,5374.04,DSL,No,No
7590-C2781,1,One year,Credit card,79.16,80.64,Fiber optic,No,No
7590-C2782,45,Month-to-month,Bank transfer,117.94,5566.64,Fiber optic,No,No
7590-C2783,24,Month-to-month,Mailed check,41.6,948.85,No,No,Yes
7590-C2784,30,Month-to-month,Credit card,113.62,3472.75,DSL,No,No
7590-C2785,16,Month-to-month,Electronic check,26.56,410.43,Fiber optic,No,Yes
7590-C2786,48,Month-to-month,Electronic check,46.92,2210.93,Fiber optic,No,No
7590-C2787,3,Two year,Electronic check,82.97,244.76,Fiber optic,Yes,Yes
7590-C2788,41,Month-to-month,Bank transfer,71.48,2909.12,No,No,Yes
7590-C2789,18,Month-to-month,Electronic check,56.4,1025.26,No,Yes,No
7590-C2790,64,Month-to-month,Electronic check,94.51,6070.85,Fiber optic,No,Yes
7590-C2791,3,Month-to-month,Electronic check,118.0,347.7,DSL,Yes,Yes
7590-C2792,68,One year,Mailed check,73.68,5052.36,Fiber optic,No,No
7590-C2793,62,Month-to-month,Credit card,39.63,2420.14,No,Yes,Yes
7590-C2794,62,Month-to-month,Electronic check,101.42,6198.14,DSL,Yes,No
7590-C2795,13,Month-to-month,Electronic check,20.44,276.37,DSL,No,Yes
7590-C2796,38,One year,Bank transfer,74.16,2734.59,Fiber optic,Yes,Yes
7590-C2797,15,Month-to-month,Electronic check,103.53,1583.27,No,No,No
7590-C2798,34,Month-to-month,Electronic check,106.88,3677.77,No,No,No
7590-C2799,17,Month-to-month,Mailed check,56.55,916.64,Fiber optic,No,Yes
7590-C2800,28,One year,Electronic check,38.42,1051.7,No,No,No
7590-C2801,67,Month-to-month,Bank transfer,58.03,3961.04,DSL,Yes,Yes
7590-C2802,71,Month-to-month,Credit card,40.72,2785.16,DSL,Yes,Yes
7590-C2803,29,One year,Electronic check,106.4,3158.16,No,Yes,No
7590-C2804,39,Two year,Bank transfer,95.46,,No,No,No
7590-C2805,56,Month-to-month,Mailed check,79.6,4551.27,No,Yes,No
7590-C2806,21,Month-to-month,Electronic check,51.08,1019.37,DSL,No,No
7590-C2807,46,Month-to-month,Mailed check,100.56,4492.23,No,No,Yes
7590-C2808,4,Month-to-month,Electronic check,91.86,366.52,No,Yes,Yes
7590-C2809,54,Month-to-month,Electronic check,21.53,1106.89,Fiber optic,Yes,Yes
7590-C2810,70,One year,Credit card,45.12,3243.1,No,Yes,No
7590-C2811,36,Month-to-month,Credit card,45.6,1591.41,Fiber optic,Yes,Yes
7590-C2812,50,Month-to-month,Mailed check,75.45,3668.42,No,Yes,No
7590-C2813,8,One year,Credit card,26.5,219.42,DSL,No,No
7590-C2814,20,Month-to-month,Mailed check,80.53,1671.96,No,No,No
7590-C2815,12,Two year,Bank transfer,62.74,722.33,DSL,Yes,No
7590-C2816,6,Month-to-month,Credit card,111.29,684.74,DSL,No,No
7590-C2817,62,Two year,Electronic check,92.57,5851.38,DSL,Yes,No
7590-C2818,53,One year,Electronic check,37.13,1896.48,Fiber optic,Yes,No
7590-C2819,13,One year,Mailed check,89.72,1135.42,No,Yes,Yes
7590-C2820,8,Month-to-month,Bank transfer,43.07,356.32,Fiber optic,Yes,No
7590-C2821,19,Month-to-month,Mailed check,29.85,560.52,DSL,No,No
7590-C2822,38,Month-to-month,Bank transfer,88.96,3316.92,Fiber optic,Yes,Yes
7590-C2823,36,One year,Bank transfer,107.8,4005.67,Fiber optic,Yes,No
7590-C2824,59,Two year,Credit card,23.23,1390.09,DSL,Yes,No
7590-C2825,60,Two year,Electronic check,52.24,3048.45,DSL,No,No
7590-C2826,2,Month-to-month,Mailed check,116.37,237.11,DSL,Yes,Yes
7590-C2827,13,Month-to-month,Credit card,42.29,523.89,DSL,Yes,No
7590-C2828,3,Two year,Electronic check,101.94,293.56,DSL,Yes,No
7590-C2829,15,Month-to-month,Mailed check,98.31,1410.58,Fiber optic,Yes,Yes
7590-C2830,5,Month-to-month,Mailed check,56.37,278.37,DSL,No,Yes
7590-C2831,31,Month-to-month,Electronic check,112.08,3308.45,No,No,Yes
7590-C2832,61,Month-to-month,Credit card,97.31,5820.21,No,Yes,Yes
7590-C2833,22,Month-to-month,Credit card,40.11,866.73,Fiber optic,Yes,Yes
7590-C2834,9,One year,Credit card,49.65,441.35,Fiber optic,No,No
7590-C2835,46,Month-to-month,Credit card,73.53,3298.48,DSL,No,No
7590-C2836,58,One year,Electronic check,88.35,5162.38,DSL,Yes,No
7590-C2837,38,Month-to-month,Electronic check,86.68,3320.17,DSL,No,No
7590-C2838,59,Month-to-month,Electronic check,73.27,4124.2,No,Yes,No
7590-C2839,35,One year,Electronic check,38.91,1381.6,Fiber optic,Yes,No
7590-C2840,22,One year,Electronic check,107.54,2413.22,DSL,Yes,Yes
7590-C2841,72,Two year,Mailed check,75.07,5143.49,Fiber optic,Yes,No
7590-C2842,65,One year,Mailed check,65.62,4055.67,No,Yes,No
7590-C2843,29,Month-to-month,Mailed check,34.7,978.2,Fiber optic,No,Yes
7590-C2844,32,Two year,Mailed check,62.02,2021.88,No,No,No
7590-C2845,44,Month-to-month,Credit card,111.89,4781.57,DSL,No,No
7590-C2846,25,Month-to-month,Electronic check,113.24,2692.17,No,No,Yes
7590-C2847,3,Month-to-month,Electronic check,59.79,181.65,Fiber optic,No,No
7590-C2848,19,Month-to-month,Electronic check,56.63,1072.49,No,Yes,No
7590-C2849,3,Month-to-month,Credit card,67.09,194.31,DSL,No,No
7590-C2850,54,Month-to-month,Mailed check,81.36,4402.39,No,No,No
7590-C2851,17,One year,Mailed check,46.96,800.59,Fiber optic,Yes,No
7590-C2852,31,Month-to-month,Electronic check,73.38,2373.31,DSL,No,No
7590-C2853,66,Month-to-month,Electronic check,105.63,6769.23,Fiber optic,No,No
7590-C2854,41,Two year,Mailed check,69.24,2757.95,DSL,Yes,No
7590-C2855,44,Two year,Bank transfer,56.54,2514.44,No,No,No
7590-C2856,41,Two year,Electronic check,109.86,4537.12,DSL,Yes,No
7590-C2857,32,Two year,Mailed check,104.24,3296.56,No,Yes,No
7590-C2858,15,Two year,Mailed check,24.54,366.29,Fiber optic,Yes,No
7590-C2859,31,Month-to-month,Electronic check,90.35,2669.08,DSL,No,Yes
7590-C2860,48,One year,Electronic check,58.87,2787.48,Fiber optic,No,No
7590-C2861,4,Month-to-month,Mailed check,78.62,316.32,DSL,Yes,Yes
7590-C2862,14,Month-to-month,Electronic check,59.27,857.9,No,No,Yes
7590-C2863,37,Two year,Electronic check,26.13,948.92,Fiber optic,No,No
7590-C2864,61,Month-to-month,Bank transfer,63.68,3694.85,Fiber optic,No,Yes
7590-C2865,12,Month-to-month,Electronic check,79.1,909.37,DSL,Yes,No
7590-C2866,19,Month-to-month,Bank transfer,57.01,1047.97,DSL,No,No
7590-C2867,47,Month-to-month,Mailed check,52.21,2493.54,DSL,Yes,Yes
7590-C2868,45,Month-to-month,Credit card,109.38,5164.18,Fiber optic,Yes,Yes
7590-C2869,34,Two year,Electronic check,67.88,2275.36,DSL,No,No
7590-C2870,64,Month-to-month,Mailed check,28.21,1799.3,Fiber optic,Yes,No
7590-C2871,24,Month-to-month,Electronic check,77.53,1923.48,Fiber optic,Yes,No
7590-C2872,23,Month-to-month,Credit card,22.58,538.49,DSL,Yes,No
7590-C2873,35,Two year,Electronic check,47.89,1627.12,No,Yes,No
7590-C2874,17,Two year,Mailed check,105.98,1744.7,DSL,No,No
7590-C2875,20,Month-to-month,Electronic check,21.45,426.13,No,Yes,Yes
7590-C2876,17,One year,Mailed check,21.93,384.81,No,No,No
7590-C2877,20,Month-to-month,Bank transfer,89.59,1833.76,DSL,Yes,No
7590-C2878,24,Month-to-month,Mailed check,106.81,2449.93,Fiber optic,No,Yes
7590-C2879,36,One year,Credit card,34.91,1271.46,DSL,No,No
7590-C2880,47,One year,Electronic check,29.47,1359.94,Fiber optic,No,No
7590-C2881,40,Month-to-month,Mailed check,83.08,3293.61,Fiber optic,Yes,Yes
7590-C2882,50,Month-to-month,Mailed check,102.45,5301.21,DSL,No,No
7590-C2883,72,Month-to-month,Electronic check,99.8,6836.55,No,Yes,Yes
7590-C2884,44,Month-to-month,Credit card,49.08,2220.46,No,Yes,No
7590-C2885,35,Month-to-month,Mailed check,105.96,3854.52,No,Yes,Yes
7590-C2886,2,One year,Bank transfer,39.08,78.07,No,No,Yes
7590-C2887,47,One year,Credit card,101.99,4746.43,No,No,No
7590-C2888,17,One year,Credit card,38.37,629.32,No,Yes,No
7590-C2889,22,Month-to-month,Bank transfer,42.82,898.18,DSL,No,No
7590-C2890,4,Two year,Electronic check,68.85,276.35,No,No,No
7590-C2891,14,Month-to-month,Credit card,112.21,1574.4,DSL,Yes,Yes
7590-C2892,4,Month-to-month,Credit card,49.59,202.94,DSL,Yes,Yes
7590-C2893,65,One year,Credit card,40.97,2635.04,DSL,Yes,No
7590-C2894,65,Two year,Credit card,101.96,6652.34,Fiber optic,Yes,No
7590-C2895,6,Month-to-month,Electronic check,94.04,554.62,DSL,No,Yes
7590-C2896,36,Month-to-month,Bank transfer,98.19,3457.29,Fiber optic,No,No
7590-C2897,24,Month-to-month,Electronic check,72.34,1774.51,DSL,No,Yes
7590-C2898,16,Two year,Credit card,31.75,521.71,DSL,Yes,No
7590-C2899,36,Two year,Bank transfer,69.23,2459.92,Fiber optic,Yes,No
7590-C2900,1,One year,Electronic check,27.36,26.93,DSL,Yes,Yes
7590-C2901,4,Two year,Mailed check,20.84,80.67,No,Yes,No
7590-C2902,55,Month-to-month,Credit card,102.37,5888.34,DSL,No,Yes
7590-C2903,32,Month-to-month,Mailed check,70.26,2354.55,Fiber optic,No,Yes
7590-C2904,44,Month-to-month,Bank transfer,116.54,5039.23,DSL,No,No
7590-C2905,22,One year,Mailed check,90.69,1967.57,Fiber optic,No,No
7590-C2906,23,Two year,Mailed check,60.34,1380.23,DSL,Yes,No
7590-C2907,22,Month-to-month,Electronic check,56.84,1260.05,No,Yes,No
7590-C2908,64,Month-to-month,Mailed check,31.73,1940.14,Fiber optic,No,No
7590-C2909,68,Month-to-month,Bank transfer,39.95,2727.46,No,Yes,No
7590-C2910,18,Two year,Bank transfer,102.6,,No,No,No
7590-C2911,42,One year,Credit card,51.7,2101.72,DSL,No,No
7590-C2912,42,Two year,Mailed check,71.03,2870.21,DSL,Yes,No
7590-C2913,47,Two year,Bank transfer,74.7,3442.25,No,Yes,No
7590-C2914,41,Month-to-month,Mailed check,45.81,1887.77,Fiber optic,No,Yes
7590-C2915,23,Month-to-month,Electronic check,57.93,1275.85,DSL,Yes,Yes
7590-C2916,2,Two year,Credit card,51.88,106.75,Fiber optic,Yes,No
7590-C2917,8,Month-to-month,Electronic check,82.13,685.44,DSL,No,No
7590-C2918,46,One year,Mailed check,60.06,2724.85,No,Yes,No
7590-C2919,68,Month-to-month,Mailed check,64.69,4269.52,DSL,Yes,No
7590-C2920,69,One year,Bank transfer,30.38,2095.83,Fiber optic,Yes,No
7590-C2921,64,One year,Bank transfer,56.7,3710.23,DSL,No,No
7590-C2922,9,Month-to-month,Credit card,96.03,884.58,No,Yes,No
7590-C2923,3,One year,Credit card,73.35,225.44,Fiber optic,Yes,No
7590-C2924,52,Month-to-month,Electronic check,99.52,5197.48,Fiber optic,No,No
7590-C2925,5,One year,Electronic check,60.94,297.97,No,No,Yes
7590-C2926,25,Month-to-month,Mailed check,97.08,2509.34,DSL,Yes,Yes
7590-C2927,11,Month-to-month,Mailed check,48.31,531.2,Fiber optic,No,No
7590-C2928,70,Two year,Credit card,33.25,2318.2,Fiber optic,Yes,No
7590-C2929,41,One year,Bank transfer,52.73,2171.68,DSL,Yes,No
7590-C2930,15,Month-to-month,Mailed check,106.64,1586.38,Fiber optic,No,No
7590-C2931,29,Month-to-month,Bank transfer,31.77,953.88,DSL,Yes,No
7590-C2932,46,Month-to-month,Electronic check,33.98,1609.12,No,Yes,No
7590-C2933,62,Month-to-month,Mailed check,33.26,2138.88,DSL,Yes,No
7590-C2934,72,Month-to-month,Electronic check,95.59,6613.2,DSL,Yes,Yes
7590-C2935,9,Month-to-month,Mailed check,56.14,485.08,DSL,No,No
7590-C2936,50,One year,Electronic check,111.53,5579.42,No,No,No
7590-C2937,17,One year,Mailed check,20.63,359.77,No,No,No
7590-C2938,53,One year,Bank transfer,54.02,2897.17,No,No,No
7590-C2939,12,Two year,Bank transfer,25.79,316.99,No,No,No
7590-C2940,11,Two year,Electronic check,98.37,1081.99,No,Yes,No
7590-C2941,40,Two year,Electronic check,111.22,4382.71,DSL,No,Yes
7590-C2942,17,Two year,Mailed check,96.35,1698.94,Fiber optic,No,No
7590-C2943,10,Month-to-month,Credit card,69.48,717.94,DSL,No,No
7590-C2944,56,One year,Mailed check,96.96,5241.9,DSL,No,No
7590-C2945,57,Two year,Bank transfer,26.22,1539.48,Fiber optic,No,No
7590-C2946,40,Month-to-month,Mailed check,47.91,1833.66,No,Yes,Yes
7590-C2947,56,Month-to-month,Mailed check,117.37,6422.41,Fiber optic,Yes,No
7590-C2948,69,Month-to-month,Electronic check,61.16,4329.64,DSL,Yes,Yes
7590-C2949,48,Month-to-month,Bank transfer,111.71,5140.51,No,No,No
7590-C2950,34,One year,Electronic check,78.35,2615.19,Fiber optic,Yes,No
7590-C2951,8,Month-to-month,Electronic check,97.41,799.53,No,Yes,No
7590-C2952,58,Month-to-month,Bank transfer,113.53,6627.91,No,No,Yes
7590-C2953,39,Month-to-month,Mailed check,29.0,1105.23,Fiber optic,No,Yes
7590-C2954,36,Two year,Bank transfer,51.89,1860.35,No,Yes,No
7590-C2955,20,Two year,Credit card,95.39,1877.68,Fiber optic,No,No
7590-C2956,46,Month-to-month,Bank transfer,60.52,2717.11,DSL,No,No
7590-C2957,20,Month-to-month,Electronic check,77.41,1528.82,Fiber optic,Yes,No
7590-C2958,45,One year,Electronic check,78.3,3672.78,Fiber optic,Yes,No
7590-C2959,60,Month-to-month,Credit card,69.28,4328.02,Fiber optic,No,No
7590-C2960,19,Month-to-month,Electronic check,101.71,2011.92,Fiber optic,Yes,Yes
7590-C2961,45,Month-to-month,Electronic check,30.65,1431.84,No,Yes,No
7590-C2962,46,One year,Mailed check,105.51,4865.25,No,Yes,No
7590-C2963,70,Month-to-month,Mailed check,108.32,7851.5,DSL,Yes,No
7590-C2964,5,Month-to-month,Mailed check,39.04,188.87,DSL,No,No
7590-C2965,72,Month-to-month,Mailed check,45.75,3223.9,No,No,No
7590-C2966,70,Two year,Mailed check,68.6,4983.69,No,Yes,No
7590-C2967,8,One year,Mailed check,100.22,816.03,Fiber optic,Yes,No
7590-C2968,48,Two year,Bank transfer,29.43,1353.75,No,Yes,No
7590-C2969,25,Month-to-month,Mailed check,25.7,652.3,DSL,No,No
7590-C2970,63,Month-to-month,Bank transfer,97.26,6392.7,Fiber optic,Yes,Yes
7590-C2971,35,Month-to-month,Electronic check,76.71,2592.56,DSL,Yes,No
7590-C2972,43,One year,Credit card,102.85,4403.61,Fiber optic,Yes,No
7590-C2973,47,Month-to-month,Mailed check,82.83,3852.83,DSL,No,Yes
7590-C2974,21,One year,Credit card,62.47,1314.42,No,No,No
7590-C2975,50,Month-to-month,Bank transfer,104.72,5480.51,No,No,No
7590-C2976,2,Month-to-month,Credit card,110.29,216.58,Fiber optic,No,Yes
7590-C2977,71,Two year,Electronic check,84.16,6169.36,No,No,No
7590-C2978,14,One year,Electronic check,34.91,497.49,Fiber optic,Yes,No
7590-C2979,60,Month-to-month,Bank transfer,82.57,5167.77,DSL,No,No
7590-C2980,61,Two year,Electronic check,42.64,2639.87,DSL,Yes,No
7590-C2981,42,Two year,Electronic check,76.85,3332.2,No,Yes,No
7590-C2982,67,Month-to-month,Mailed check,94.58,6480.75,No,No,Yes
7590-C2983,68,Two year,Mailed check,103.2,6793.76,No,Yes,No
7590-C2984,55,Two year,Electronic check,107.53,6059.63,Fiber optic,No,No
7590-C2985,55,Month-to-month,Mailed check,63.51,3369.86,Fiber optic,No,Yes
7590-C2986,11,Month-to-month,Credit card,79.46,909.79,DSL,Yes,No
7590-C2987,17,One year,Mailed check,71.7,1256.36,Fiber optic,No,No
7590-C2988,44,Month-to-month,Bank transfer,114.84,4994.38,No,No,No
7590-C2989,61,Month-to-month,Bank transfer,68.22,4003.02,No,No,No
7590-C2990,46,One year,Bank transfer,116.41,5529.91,DSL,No,No
7590-C2991,7,Month-to-month,Mailed check,76.05,537.28,No,No,No
7590-C2992,29,Two year,Credit card,106.14,2992.03,Fiber optic,Yes,No
7590-C2993,47,Month-to-month,Credit card,105.88,4817.82,DSL,Yes,No
7590-C2994,56,One year,Bank transfer,38.23,2153.23,No,Yes,No
7590-C2995,49,Two year,Credit card,68.93,3274.31,No,Yes,No
7590-C2996,55,One year,Bank transfer,94.09,5143.85,DSL,No,No
7590-C2997,8,Month-to-month,Bank transfer,97.51,741.82,No,Yes,Yes
7590-C2998,8,Month-to-month,Electronic check,45.46,367.39,Fiber optic,Yes,Yes
7590-C2999,33,One year,Electronic check,57.35,1909.33,Fiber optic,Yes,No
7590-C3000,53,Month-to-month,Electronic check,115.72,6257.97,Fiber optic,No,Yes
7590-C3001,69,Two year,Electronic check,67.8,4685.9,DSL,No,No
7590-C3002,7,Two year,Credit card,32.23,218.08,No,Yes,No
7590-C3003,52,Two year,Bank transfer,82.71,4154.88,No,No,No
7590-C3004,1,Two year,Electronic check,58.64,60.29,DSL,No,Yes
7590-C3005,37,Month-to-month,Electronic check,106.81,4001.15,No,No,No
7590-C3006,14,Two year,Credit card,52.98,762.73,DSL,Yes,No
7590-C3007,67,Two year,Electronic check,26.69,1717.23,No,No,No
7590-C3008,68,Two year,Electronic check,100.26,6554.61,Fiber optic,Yes,No
7590-C3009,52,Month-to-month,Credit card,56.88,2901.31,DSL,No,No
7590-C3010,71,Month-to-month,Electronic check,111.11,8121.38,Fiber optic,Yes,No
7590-C3011,17,One year,Mailed check,21.87,364.06,Fiber optic,Yes,No
7590-C3012,28,Two year,Bank transfer,76.29,2050.16,DSL,No,No
7590-C3013,61,Month-to-month,Electronic check,88.26,5349.59,DSL,Yes,Yes
7590-C3014,51,One year,Credit card,64.28,3290.68,DSL,No,No
7590-C3015,6,Month-to-month,Credit card,65.1,403.38,Fiber optic,No,No
7590-C3016,22,One year,Bank transfer,37.29,839.77,DSL,Yes,No
7590-C3017,41,Month-to-month,Bank transfer,99.68,4154.46,No,Yes,Yes
7590-C3018,40,One year,Credit card,92.22,3829.89,Fiber optic,Yes,No
7590-C3019,3,Two year,Mailed check,113.23,332.04,No,Yes,No
7590-C3020,56,Month-to-month,Mailed check,98.24,5459.54,No,Yes,No
7590-C3021,71,One year,Mailed check,90.63,6720.48,DSL,Yes,No
7590-C3022,39,Month-to-month,Mailed check,66.77,2486.9,DSL,No,Yes
7590-C3023,57,Month-to-month,Electronic check,83.83,4809.07,DSL,Yes,No
7590-C3024,51,Month-to-month,Mailed check,44.55,2359.15,No,Yes,Yes
7590-C3025,6,One year,Credit card,68.07,399.59,No,No,No
7590-C3026,24,One year,Credit card,104.87,2569.79,No,No,No
7590-C3027,44,Month-to-month,Bank transfer,111.69,5142.04,DSL,Yes,Yes
7590-C3028,33,Month-to-month,Bank transfer,117.34,3713.16,No,No,No
7590-C3029,47,One year,Bank transfer,24.84,1157.75,No,No,No
7590-C3030,16,Two year,Electronic check,48.64,759.67,No,Yes,No
7590-C3031,29,Two year,Bank transfer,72.78,,No,No,Yes
7590-C3032,42,Month-to-month,Bank transfer,63.0,2545.36,DSL,Yes,Yes
7590-C3033,42,One year,Bank transfer,84.18,3443.0,DSL,Yes,No
7590-C3034,65,Two year,Electronic check,98.65,6427.24,No,No,No
7590-C3035,20,Month-to-month,Credit card,73.96,1437.59,DSL,No,Yes
7590-C3036,3,Two year,Mailed check,110.18,330.28,DSL,No,No
7590-C3037,2,Month-to-month,Electronic check,83.25,169.36,Fiber optic,Yes,Yes
7590-C3038,10,One year,Credit card,38.28,383.33,DSL,No,No
7590-C3039,55,Two year,Electronic check,89.8,4729.35,Fiber optic,Yes,No
7590-C3040,4,Month-to-month,Electronic check,31.59,123.77,DSL,No,Yes
7590-C3041,58,Month-to-month,Mailed check,45.4,2649.12,Fiber optic,Yes,Yes
7590-C3042,71,Month-to-month,Mailed check,54.4,3841.93,DSL,Yes,No
7590-C3043,42,Month-to-month,Bank transfer,42.68,1871.38,No,Yes,Yes
7590-C3044,53,Month-to-month,Electronic check,20.67,1137.24,Fiber optic,No,No
7590-C3045,30,One year,Credit card,24.86,765.23,No,Yes,No
7590-C3046,45,Two year,Mailed check,109.48,4974.77,DSL,No,No
7590-C3047,70,Month-to-month,Bank transfer,97.77,6608.79,Fiber optic,No,No
7590-C3048,5,Month-to-month,Bank transfer,111.55,555.64,No,No,Yes
7590-C3049,33,Month-to-month,Bank transfer,114.33,3683.45,Fiber optic,Yes,No
7590-C3050,34,Month-to-month,Mailed check,110.27,3811.23,Fiber optic,No,No
7590-C3051,37,Two year,Mailed check,69.8,2646.83,No,Yes,Yes
7590-C3052,50,One year,Credit card,103.63,5064.59,No,No,No
7590-C3053,7,Month-to-month,Mailed check,24.29,164.09,Fiber optic,Yes,Yes
7590-C3054,51,Month-to-month,Bank transfer,30.42,1603.56,No,Yes,Yes
7590-C3055,19,One year,Bank transfer,72.08,1340.5,Fiber optic,Yes,No
7590-C3056,4,Month-to-month,Credit card,99.71,406.38,Fiber optic,Yes,Yes
7590-C3057,54,Month-to-month,Mailed check,61.49,3445.53,Fiber optic,Yes,No
7590-C3058,37,Month-to-month,Mailed check,61.5,2231.27,Fiber optic,No,Yes
7590-C3059,37,Two year,Credit card,111.3,4218.96,DSL,Yes,No
7590-C3060,59,Month-to-month,Electronic check,45.63,2594.51,No,No,No
7590-C3061,70,Month-to-month,Electronic check,109.94,7435.25,DSL,Yes,Yes
7590-C3062,22,One year,Electronic check,73.86,1630.72,Fiber optic,No,No
7590-C3063,40,Two year,Mailed check,39.73,1530.57,DSL,Yes,No
7590-C3064,68,Month-to-month,Mailed check,72.39,4863.95,No,Yes,No
7590-C3065,38,One year,Mailed check,98.36,3772.65,No,Yes,No
7590-C3066,36,Two year,Credit card,93.78,3412.4,DSL,Yes,No
7590-C3067,15,Two year,Bank transfer,42.6,644.63,No,No,Yes
7590-C3068,7,Two year,Bank transfer,117.97,850.94,DSL,Yes,No
7590-C3069,15,One year,Electronic check,94.48,1465.32,No,Yes,No
7590-C3070,21,Month-to-month,Credit card,95.03,1973.12,DSL,Yes,Yes
7590-C3071,28,Month-to-month,Electronic check,50.44,1404.12,No,Yes,No
7590-C3072,28,Month-to-month,Credit card,36.21,991.93,DSL,Yes,Yes
7590-C3073,44,One year,Electronic check,66.39,3012.34,DSL,Yes,No
7590-C3074,43,Month-to-month,Mailed check,21.94,918.6,Fiber optic,No,No
7590-C3075,51,Month-to-month,Electronic check,36.78,1964.64,No,No,No
7590-C3076,13,Two year,Mailed check,28.11,361.01,DSL,Yes,No
7590-C3077,9,One year,Mailed check,96.23,896.32,No,No,No
7590-C3078,33,Month-to-month,Bank transfer,39.0,1271.46,DSL,No,Yes
7590-C3079,15,One year,Bank transfer,114.49,,Fiber optic,No,No
7590-C3080,1,Month-to-month,Credit card,77.86,80.72,Fiber optic,Yes,No
7590-C3081,16,Month-to-month,Credit card,75.08,1169.93,DSL,Yes,Yes
7590-C3082,69,Month-to-month,Bank transfer,36.28,2539.27,DSL,Yes,No
7590-C3083,8,Month-to-month,Bank transfer,57.93,455.51,DSL,Yes,No
7590-C3084,44,Month-to-month,Bank transfer,70.25,2954.13,No,Yes,Yes
7590-C3085,54,Month-to-month,Mailed check,53.48,3000.43,No,Yes,Yes
7590-C3086,9,Month-to-month,Credit card,112.25,996.34,No,Yes,No
7590-C3087,8,One year,Credit card,111.29,918.13,No,No,No
7590-C3088,20,Month-to-month,Mailed check,66.08,1272.44,DSL,No,No
7590-C3089,30,One year,Mailed check,94.81,2845.96,DSL,No,No
7590-C3090,30,Two year,Credit card,40.68,1242.13,Fiber optic,Yes,No
7590-C3091,26,Month-to-month,Credit card,100.58,2590.2,Fiber optic,Yes,No
7590-C3092,61,Month-to-month,Bank transfer,23.0,1363.5,DSL,No,No
7590-C3093,9,Two year,Electronic check,56.31,484.23,DSL,No,No
7590-C3094,16,Month-to-month,Credit card,28.53,447.66,DSL,Yes,Yes
7590-C3095,36,One year,Bank transfer,82.31,2984.71,Fiber optic,Yes,No
7590-C3096,48,One year,Electronic check,33.68,1596.87,Fiber optic,No,No
7590-C3097,32,One year,Electronic check,57.94,1773.53,DSL,No,No
7590-C3098,58,Month-to-month,Bank transfer,57.85,3270.11,DSL,No,No
7590-C3099,11,Two year,Bank transfer,110.97,1247.85,DSL,No,No
7590-C3100,49,Month-to-month,Electronic check,68.16,3405.01,No,No,No
7590-C3101,51,Month-to-month,Bank transfer,50.73,2589.49,No,Yes,No
7590-C3102,6,Two year,Bank transfer,84.01,486.94,No,No,No
7590-C3103,69,Month-to-month,Bank transfer,48.68,3207.65,Fiber optic,Yes,No
7590-C3104,31,Month-to-month,Credit card,82.75,2572.21,DSL,No,No
7590-C3105,18,Two year,Electronic check,59.09,1020.01,No,No,No
7590-C3106,55,One year,Electronic check,87.21,4920.98,DSL,No,No
7590-C3107,38,Month-to-month,Electronic check,99.39,3778.68,No,No,No
7590-C3108,42,Month-to-month,Electronic check,82.35,3565.0,Fiber optic,No,Yes
7590-C3109,64,One year,Bank transfer,29.11,1944.76,DSL,No,No
7590-C3110,11,Month-to-month,Electronic check,93.09,1031.06,Fiber optic,No,Yes
7590-C3111,37,Two year,Bank transfer,30.66,1104.69,DSL,No,No
7590-C3112,5,One year,Electronic check,50.76,247.96,No,Yes,No
7590-C3113,4,Two year,Bank transfer,107.6,415.93,DSL,No,No
7590-C3114,47,Month-to-month,Electronic check,35.81,1600.4,No,Yes,Yes
7590-C3115,9,Two year,Credit card,29.57,263.54,Fiber optic,Yes,No
7590-C3116,27,One year,Credit card,48.75,1310.78,DSL,No,No
7590-C3117,5,One year,Mailed check,59.94,298.46,No,Yes,No
7590-C3118,61,Month-to-month,Electronic check,30.11,1806.29,No,No,No
7590-C3119,44,Two year,Mailed check,115.97,5254.96,Fiber optic,No,No
7590-C3120,38,Month-to-month,Mailed check,92.07,3595.29,No,Yes,No
7590-C3121,58,One year,Bank transfer,35.04,1965.51,DSL,Yes,No
7590-C3122,66,Month-to-month,Credit card,37.68,2422.09,DSL,Yes,Yes
7590-C3123,10,One year,Mailed check,102.38,992.66,DSL,No,No
7590-C3124,37,Month-to-month,Mailed check,72.32,2598.67,Fiber optic,No,No
7590-C3125,4,Month-to-month,Credit card,90.73,369.2,DSL,Yes,Yes
7590-C3126,9,One year,Credit card,101.55,917.95,DSL,Yes,No
7590-C3127,63,Month-to-month,Mailed check,60.61,3833.79,DSL,No,No
7590-C3128,71,Month-to-month,Bank transfer,78.12,5511.72,No,No,Yes
7590-C3129,52,One year,Mailed check,67.47,3359.1,DSL,Yes,No
7590-C3130,53,Month-to-month,Bank transfer,42.86,2247.96,DSL,No,No
7590-C3131,38,Month-to-month,Mailed check,46.6,1711.75,Fiber optic,Yes,Yes
7590-C3132,56,One year,Credit card,31.95,1840.29,Fiber optic,No,No
7590-C3133,50,Month-to-month,Bank transfer,97.41,4978.06,No,Yes,No
7590-C3134,37,Two year,Bank transfer,101.02,3704.7,Fiber optic,No,Yes
7590-C3135,8,Month-to-month,Credit card,66.7,523.4,No,Yes,No
7590-C3136,12,One year,Mailed check,82.82,1017.65,DSL,Yes,No
7590-C3137,68,One year,Mailed check,20.33,1402.68,No,Yes,No
7590-C3138,20,Month-to-month,Credit card,70.08,1383.94,DSL,No,No
7590-C3139,53,Month-to-month,Credit card,57.96,3065.2,No,Yes,No
7590-C3140,20,One year,Electronic check,63.94,1269.16,Fiber optic,Yes,No
7590-C3141,71,Month-to-month,Bank transfer,76.79,5224.47,No,Yes,No
7590-C3142,43,Month-to-month,Bank transfer,75.17,3237.58,Fiber optic,Yes,Yes
7590-C3143,48,Month-to-month,Bank transfer,52.38,2637.69,No,Yes,No
7590-C3144,66,One year,Bank transfer,46.95,3031.59,No,Yes,No
7590-C3145,11,One year,Credit card,87.9,986.74,Fiber optic,No,No
7590-C3146,38,One year,Credit card,55.84,2139.86,Fiber optic,No,Yes
7590-C3147,13,Month-to-month,Credit card,37.3,483.87,DSL,No,No
7590-C3148,37,Two year,Electronic check,103.07,3642.83,DSL,No,No
7590-C3149,5,Month-to-month,Electronic check,107.43,557.46,Fiber optic,Yes,No
7590-C3150,17,One year,Mailed check,52.51,917.47,DSL,Yes,No
7590-C3151,31,Month-to-month,Electronic check,101.78,3127.46,No,Yes,Yes
7590-C3152,42,One year,Credit card,51.5,2267.44,Fiber optic,Yes,No
7590-C3153,60,Two year,Electronic check,81.47,5083.33,DSL,No,No
7590-C3154,37,Month-to-month,Electronic check,96.57,3603.12,No,No,Yes
7590-C3155,50,One year,Credit card,21.24,1020.56,DSL,No,No
7590-C3156,45,One year,Mailed check,21.82,1006.9,Fiber optic,Yes,No
7590-C3157,48,Month-to-month,Bank transfer,85.13,4235.53,No,Yes,No
7590-C3158,56,Month-to-month,Mailed check,95.37,5437.65,DSL,Yes,Yes
7590-C3159,3,Two year,Electronic check,43.03,125.28,Fiber optic,No,No
7590-C3160,68,Month-to-month,Mailed check,35.93,2447.06,No,Yes,Yes
7590-C3161,20,Two year,Credit card,109.96,2308.51,DSL,Yes,No
7590-C3162,21,Two year,Bank transfer,29.66,653.66,No,Yes,No
7590-C3163,44,Month-to-month,Credit card,51.95,2260.16,Fiber optic,No,No
7590-C3164,67,Month-to-month,Electronic check,51.04,3357.16,No,No,Yes
7590-C3165,14,Two year,Electronic check,94.36,1379.13,Fiber optic,Yes,No
7590-C3166,58,Two year,Electronic check,30.44,1697.04,DSL,No,No
7590-C3167,36,One year,Credit card,84.77,3169.18,DSL,Yes,No
7590-C3168,40,Month-to-month,Mailed check,23.13,933.24,DSL,No,No
7590-C3169,42,Month-to-month,Electronic check,115.14,4816.51,Fiber optic,No,Yes
7590-C3170,57,One year,Mailed check,59.48,3287.18,No,Yes,No
7590-C3171,36,Month-to-month,Mailed check,55.07,2038.72,Fiber optic,No,Yes
7590-C3172,9,Month-to-month,Mailed check,52.57,488.89,Fiber optic,Yes,Yes
7590-C3173,45,Month-to-month,Electronic check,20.06,945.12,Fiber optic,Yes,Yes
7590-C3174,55,Month-to-month,Credit card,98.31,5598.14,Fiber optic,No,Yes
7590-C3175,55,Two year,Mailed check,31.16,1723.2,DSL,Yes,No
7590-C3176,31,Month-to-month,Credit card,34.45,1117.43,DSL,Yes,No
7590-C3177,65,Month-to-month,Credit card,40.92,2754.24,Fiber optic,Yes,No
7590-C3178,35,One year,Bank transfer,62.73,2288.25,Fiber optic,Yes,No
7590-C3179,64,Month-to-month,Bank transfer,102.01,6785.06,DSL,Yes,Yes
7590-C3180,55,Two year,Bank transfer,85.87,4727.08,No,No,No
7590-C3181,63,One year,Mailed check,80.01,5261.23,DSL,No,No
7590-C3182,3,One year,Credit card,90.42,284.55,No,Yes,No
7590-C3183,20,Month-to-month,Bank transfer,36.31,728.81,Fiber optic,Yes,Yes
7590-C3184,8,Month-to-month,Mailed check,90.54,691.85,Fiber optic,Yes,No
7590-C3185,2,Month-to-month,Electronic check,28.91,58.63,Fiber optic,No,Yes
7590-C3186,8,Two year,Mailed check,32.4,264.85,No,Yes,No
7590-C3187,43,Month-to-month,Mailed check,81.86,3384.15,DSL,Yes,Yes
7590-C3188,51,Month-to-month,Credit card,33.67,1752.08,DSL,No,No
7590-C3189,34,Month-to-month,Bank transfer,64.69,2118.08,DSL,Yes,No
7590-C3190,66,One year,Bank transfer,59.47,4114.08,Fiber optic,No,No
7590-C3191,43,One year,Electronic check,92.29,4085.53,DSL,Yes,No
7590-C3192,6,Month-to-month,Mailed check,27.78,168.0,Fiber optic,Yes,Yes
7590-C3193,46,Month-to-month,Mailed check,103.62,4702.38,No,No,Yes
7590-C3194,53,Month-to-month,Electronic check,116.85,6036.3,Fiber optic,Yes,No
7590-C3195,36,One year,Electronic check,33.74,1256.98,No,No,No
7590-C3196,9,Month-to-month,Mailed check,76.78,718.74,DSL,Yes,Yes
7590-C3197,64,Month-to-month,Credit card,81.82,5482.9,DSL,No,No
7590-C3198,55,Month-to-month,Mailed check,93.55,5313.27,No,Yes,No
7590-C3199,18,Month-to-month,Credit card,117.87,2216.49,No,No,Yes
7590-C3200,45,Two year,Credit card,76.68,3516.88,DSL,No,No
7590-C3201,70,Month-to-month,Mailed check,104.61,6974.81,Fiber optic,No,No
7590-C3202,36,One year,Electronic check,46.52,1621.21,Fiber optic,Yes,No
7590-C3203,33,Month-to-month,Electronic check,116.43,3730.07,No,Yes,No
7590-C3204,40,Month-to-month,Credit card,98.51,3818.83,DSL,No,No
7590-C3205,6,Month-to-month,Credit card,61.51,381.47,Fiber optic,Yes,No
7590-C3206,68,Two year,Mailed check,45.58,3253.49,Fiber optic,No,No
7590-C3207,63,Two year,Bank transfer,109.52,7073.69,No,No,No
7590-C3208,6,One year,Credit card,47.52,279.55,DSL,Yes,No
7590-C3209,51,One year,Bank transfer,89.63,4541.44,DSL,Yes,No
7590-C3210,11,Two year,Bank transfer,48.05,539.24,DSL,No,No
7590-C3211,69,One year,Credit card,52.23,3752.78,No,Yes,No
7590-C3212,50,Month-to-month,Electronic check,22.2,1054.55,Fiber optic,Yes,No
7590-C3213,5,Month-to-month,Credit card,30.43,158.38,DSL,Yes,Yes
7590-C3214,51,Two year,Bank transfer,70.53,3431.15,No,Yes,No
7590-C3215,26,Month-to-month,Credit card,24.24,639.0,Fiber optic,No,No
7590-C3216,44,Month-to-month,Bank transfer,31.29,1415.72,Fiber optic,No,Yes
7590-C3217,11,One year,Electronic check,40.72,442.26,DSL,Yes,No
7590-C3218,44,Month-to-month,Electronic check,25.42,1139.54,No,Yes,No
7590-C3219,14,One year,Mailed check,76.48,1079.7,Fiber optic,Yes,No
7590-C3220,69,Two year,Mailed check,92.74,6260.71,DSL,No,No
7590-C3221,35,Two year,Electronic check,49.07,1643.11,DSL,Yes,No
7590-C3222,20,One year,Bank transfer,43.03,841.28,No,Yes,No
7590-C3223,58,One year,Bank transfer,70.74,3933.26,DSL,No,No
7590-C3224,70,Month-to-month,Credit card,93.13,6343.21,Fiber optic,Yes,No
7590-C3225,36,Month-to-month,Electronic check,117.68,4208.31,DSL,Yes,No
7590-C3226,47,Two year,Bank transfer,45.29,2166.44,DSL,Yes,No
7590-C3227,39,Month-to-month,Electronic check,47.94,1931.04,DSL,Yes,No
7590-C3228,59,Two year,Credit card,44.97,2742.06,Fiber optic,No,No
7590-C3229,67,One year,Credit card,98.11,6258.73,Fiber optic,No,No
7590-C3230,45,Month-to-month,Electronic check,49.3,2190.22,No,No,Yes
7590-C3231,22,Month-to-month,Mailed check,42.36,907.47,No,Yes,Yes
7590-C3232,38,One year,Mailed check,89.62,3471.05,No,Yes,No
7590-C3233,54,One year,Bank transfer,42.32,2210.13,No,Yes,No
7590-C3234,58,Month-to-month,Mailed check,56.18,3321.15,No,Yes,No
7590-C3235,57,Month-to-month,Mailed check,23.99,1382.48,No,Yes,No
7590-C3236,70,One year,Bank transfer,66.48,4523.93,No,Yes,No
7590-C3237,48,Month-to-month,Mailed check,115.46,5491.01,No,Yes,No
7590-C3238,37,Two year,Mailed check,107.89,4171.83,DSL,No,No
7590-C3239,16,Month-to-month,Mailed check,77.15,1234.6,No,No,Yes
7590-C3240,35,One year,Mailed check,109.07,3770.68,No,Yes,No
7590-C3241,57,One year,Electronic check,37.59,2221.82,DSL,No,No
7590-C3242,16,Month-to-month,Credit card,99.8,1530.32,Fiber optic,Yes,No
7590-C3243,11,Month-to-month,Bank transfer,75.75,837.33,Fiber optic,Yes,Yes
7590-C3244,42,One year,Electronic check,24.4,1016.06,DSL,No,No
7590-C3245,49,Two year,Credit card,74.34,3462.04,Fiber optic,No,No
7590-C3246,62,One year,Electronic check,45.9,2793.31,Fiber optic,Yes,No
7590-C3247,47,One year,Credit card,25.21,1181.18,No,Yes,No
7590-C3248,40,Month-to-month,Mailed check,42.68,1675.21,DSL,Yes,Yes
7590-C3249,17,Two year,Electronic check,115.56,1891.81,DSL,Yes,No
7590-C3250,13,One year,Credit card,58.95,729.07,No,Yes,No
7590-C3251,62,Two year,Mailed check,83.98,5427.61,No,No,No
7590-C3252,12,Month-to-month,Bank transfer,29.3,335.29,No,No,Yes
7590-C3253,62,Month-to-month,Electronic check,60.96,3668.04,Fiber optic,No,No
7590-C3254,57,Month-to-month,Bank transfer,92.44,5416.12,No,Yes,Yes
7590-C3255,72,Month-to-month,Electronic check,22.98,1584.11,Fiber optic,No,No
7590-C3256,10,Month-to-month,Credit card,101.72,1065.45,Fiber optic,Yes,No
7590-C3257,36,Month-to-month,Credit card,78.74,2956.62,No,No,No
7590-C3258,72,Month-to-month,Mailed check,96.71,6738.3,DSL,Yes,Yes
7590-C3259,47,One year,Mailed check,32.28,1504.56,DSL,Yes,No
7590-C3260,45,Month-to-month,Bank transfer,81.21,3774.91,Fiber optic,Yes,No
7590-C3261,58,Month-to-month,Electronic check,60.25,3595.29,Fiber optic,No,No
7590-C3262,33,Month-to-month,Electronic check,103.2,3559.05,DSL,No,No
7590-C3263,64,Month-to-month,Credit card,114.94,7600.14,No,Yes,Yes
7590-C3264,69,Month-to-month,Mailed check,83.78,5546.32,DSL,No,Yes
7590-C3265,52,Month-to-month,Credit card,114.51,5828.85,Fiber optic,No,Yes
7590-C3266,49,Two year,Bank transfer,40.5,1967.67,No,No,No
7590-C3267,7,Two year,Credit card,25.83,179.16,No,No,No
7590-C3268,57,Month-to-month,Mailed check,28.04,1618.08,No,Yes,Yes
7590-C3269,45,Month-to-month,Mailed check,78.43,3546.46,Fiber optic,No,No
7590-C3270,62,Month-to-month,Credit card,30.04,1769.81,DSL,Yes,No
7590-C3271,22,Month-to-month,Mailed check,33.99,768.47,Fiber optic,No,No
7590-C3272,17,Two year,Mailed check,21.97,360.57,No,Yes,Yes
7590-C3273,53,One year,Electronic check,52.99,2905.57,Fiber optic,No,No
7590-C3274,66,Two year,Mailed check,106.08,6890.02,Fiber optic,No,No
7590-C3275,18,Month-to-month,Credit card,40.97,709.05,No,No,Yes
7590-C3276,21,One year,Bank transfer,56.28,1231.28,Fiber optic,Yes,No
7590-C3277,15,Month-to-month,Mailed check,99.0,1528.66,DSL,No,Yes
7590-C3278,63,Two year,Mailed check,87.48,5671.93,No,Yes,No
7590-C3279,59,One year,Credit card,94.94,5397.97,DSL,Yes,No
7590-C3280,26,Month-to-month,Mailed check,41.19,1090.73,DSL,Yes,No
7590-C3281,70,Month-to-month,Credit card,84.21,5876.82,No,Yes,No
7590-C3282,42,Month-to-month,Electronic check,45.99,1860.6,No,No,No
7590-C3283,33,Month-to-month,Mailed check,88.76,3046.85,No,No,Yes
7590-C3284,29,Month-to-month,Electronic check,100.94,2884.51,No,No,Yes
7590-C3285,17,Two year,Mailed check,62.22,1061.1,DSL,No,No
7590-C3286,49,Month-to-month,Bank transfer,96.07,4836.91,Fiber optic,Yes,No
7590-C3287,16,Month-to-month,Mailed check,84.38,1382.21,Fiber optic,No,Yes
7590-C3288,31,One year,Credit card,87.36,2823.07,Fiber optic,Yes,No
7590-C3289,22,Month-to-month,Credit card,89.0,1984.07,No,No,No
7590-C3290,63,Month-to-month,Bank transfer,51.99,3304.83,Fiber optic,No,No
7590-C3291,4,One year,Credit card,29.71,124.11,DSL,Yes,Yes
7590-C3292,7,One year,Credit card,70.8,512.32,No,No,No
7590-C3293,26,Month-to-month,Credit card,35.7,955.02,DSL,Yes,Yes
7590-C3294,40,Month-to-month,Electronic check,81.46,3143.78,DSL,No,No
7590-C3295,1,Month-to-month,Credit card,49.46,50.23,Fiber optic,Yes,Yes
7590-C3296,45,One year,Mailed check,61.65,2756.99,No,Yes,No
7590-C3297,66,One year,Bank transfer,85.25,5555.16,DSL,No,No
7590-C3298,47,Month-to-month,Credit card,94.65,4264.11,Fiber optic,No,Yes
7590-C3299,50,One year,Electronic check,96.14,4837.34,No,Yes,No
7590-C3300,27,One year,Credit card,68.5,1830.78,Fiber optic,Yes,No
7590-C3301,38,One year,Credit card,77.79,2868.86,DSL,No,No
7590-C3302,56,Month-to-month,Bank transfer,21.34,1213.23,DSL,Yes,No
7590-C3303,11,Two year,Mailed check,51.83,545.16,Fiber optic,No,No
7590-C3304,22,Month-to-month,Mailed check,100.96,2221.3,No,No,Yes
7590-C3305,66,Two year,Credit card,35.21,2296.08,DSL,Yes,No
7590-C3306,26,Month-to-month,Electronic check,81.56,2211.94,No,No,Yes
7590-C3307,22,Month-to-month,Bank transfer,91.44,2050.17,DSL,Yes,No
7590-C3308,9,One year,Electronic check,57.31,515.26,No,No,No
7590-C3309,13,Two year,Electronic check,47.58,594.46,No,Yes,No
7590-C3310,34,Two year,Electronic check,33.84,1181.99,No,Yes,Yes
7590-C3311,43,Month-to-month,Mailed check,44.8,2015.09,DSL,Yes,No
7590-C3312,1,Two year,Electronic check,49.49,49.45,DSL,No,No
7590-C3313,64,Month-to-month,Bank transfer,88.02,5699.93,No,Yes,No
7590-C3314,58,One year,Mailed check,105.55,6085.22,DSL,Yes,No
7590-C3315,59,Month-to-month,Bank transfer,21.93,1229.41,Fiber optic,Yes,No
7590-C3316,42,Month-to-month,Bank transfer,97.14,4127.37,Fiber optic,No,No
7590-C3317,63,Month-to-month,Mailed check,114.42,7307.52,No,Yes,Yes
7590-C3318,27,Month-to-month,Credit card,86.1,2376.53,DSL,No,No
7590-C3319,23,Month-to-month,Mailed check,37.78,835.86,DSL,No,Yes
7590-C3320,44,Month-to-month,Bank transfer,72.36,3103.19,Fiber optic,No,Yes
7590-C3321,56,Month-to-month,Electronic check,117.16,6738.5,No,No,Yes
7590-C3322,18,Month-to-month,Credit card,93.3,1714.26,No,Yes,Yes
7590-C3323,51,One year,Mailed check,109.54,5773.04,No,Yes,No
7590-C3324,66,One year,Electronic check,81.11,5347.98,DSL,Yes,No
7590-C3325,62,One year,Bank transfer,25.24,1619.26,No,No,No
7590-C3326,34,Month-to-month,Mailed check,38.74,1337.35,Fiber optic,No,Yes
7590-C3327,24,One year,Mailed check,50.79,1224.85,No,Yes,Yes
7590-C3328,28,Month-to-month,Credit card,34.66,933.75,DSL,No,No
7590-C3329,5,Two year,Bank transfer,31.47,156.31,DSL,No,No
7590-C3330,69,One year,Electronic check,24.88,1722.96,No,Yes,No
7590-C3331,12,Two year,Electronic check,101.97,1207.1,No,Yes,Yes
7590-C3332,7,Two year,Electronic check,58.5,421.74,DSL,Yes,No
7590-C3333,63,Month-to-month,Electronic check,60.01,3939.19,DSL,Yes,Yes
7590-C3334,10,Two year,Bank transfer,50.9,516.18,Fiber optic,Yes,No
7590-C3335,32,Month-to-month,Mailed check,51.6,1717.33,No,Yes,Yes
7590-C3336,35,Month-to-month,Bank transfer,84.9,2872.73,No,Yes,Yes
7590-C3337,40,Two year,Electronic check,92.03,3693.96,DSL,No,Yes
7590-C3338,70,Two year,Mailed check,115.23,8040.5,DSL,No,No
7590-C3339,18,Month-to-month,Bank transfer,96.49,1652.03,No,No,Yes
7590-C3340,52,Two year,Electronic check,48.61,2481.24,No,No,No
7590-C3341,43,Month-to-month,Credit card,24.05,1058.34,Fiber optic,Yes,No
7590-C3342,47,One year,Electronic check,69.63,3351.67,No,No,No
7590-C3343,53,One year,Electronic check,27.02,1365.32,Fiber optic,No,No
7590-C3344,27,Month-to-month,Mailed check,62.47,1697.72,Fiber optic,Yes,Yes
7590-C3345,50,Month-to-month,Credit card,48.67,2474.67,DSL,Yes,Yes
7590-C3346,71,Two year,Bank transfer,94.93,6905.65,DSL,Yes,No
7590-C3347,55,Two year,Bank transfer,74.91,3973.53,DSL,Yes,No
7590-C3348,31,One year,Mailed check,48.36,1459.08,DSL,Yes,Yes
7590-C3349,19,One year,Electronic check,74.3,1432.09,Fiber optic,No,Yes
7590-C3350,24,Month-to-month,Mailed check,73.68,1741.18,Fiber optic,Yes,No
7590-C3351,62,Month-to-month,Credit card,90.81,5433.53,DSL,Yes,Yes
7590-C3352,9,Month-to-month,Credit card,31.54,291.28,Fiber optic,Yes,Yes
7590-C3353,29,Month-to-month,Electronic check,102.92,2968.95,Fiber optic,Yes,No
7590-C3354,24,Two year,Electronic check,90.54,2226.91,DSL,No,No
7590-C3355,56,Month-to-month,Electronic check,73.05,3948.08,No,No,No
7590-C3356,6,Month-to-month,Credit card,65.86,410.58,Fiber optic,Yes,Yes
7590-C3357,4,Two year,Bank transfer,77.63,312.43,DSL,Yes,No
7590-C3358,8,Month-to-month,Mailed check,64.76,504.47,DSL,No,No
7590-C3359,62,Month-to-month,Electronic check,67.46,4152.59,No,No,No
7590-C3360,68,Month-to-month,Electronic check,29.21,2023.1,Fiber optic,Yes,No
7590-C3361,16,Two year,Bank transfer,104.98,1723.34,DSL,Yes,No
7590-C3362,52,Month-to-month,Credit card,69.28,3524.65,No,Yes,No
7590-C3363,40,One year,Bank transfer,20.06,768.78,No,Yes,No
7590-C3364,9,Two year,Mailed check,34.3,317.66,No,No,No
7590-C3365,36,Month-to-month,Electronic check,88.3,3082.07,DSL,No,No
7590-C3366,2,Month-to-month,Mailed check,96.46,192.92,DSL,Yes,Yes
7590-C3367,50,Month-to-month,Bank transfer,56.56,2781.08,No,Yes,Yes
7590-C3368,69,Month-to-month,Credit card,97.99,6435.96,DSL,No,No
7590-C3369,26,Month-to-month,Electronic check,89.04,2250.33,Fiber optic,Yes,Yes
7590-C3370,10,Month-to-month,Mailed check,27.34,284.37,Fiber optic,Yes,No
7590-C3371,1,Month-to-month,Mailed check,81.44,78.78,DSL,No,No
7590-C3372,16,Month-to-month,Electronic check,50.31,786.44,Fiber optic,No,No
7590-C3373,72,Two year,Mailed check,64.42,4574.21,No,Yes,No
7590-C3374,33,Month-to-month,Bank transfer,45.04,1560.32,Fiber optic,Yes,Yes
7590-C3375,34,One year,Credit card,61.19,1997.92,Fiber optic,Yes,No
7590-C3376,43,One year,Bank transfer,59.17,2473.43,DSL,No,No
7590-C3377,44,Month-to-month,Mailed check,24.7,1065.17,DSL,No,Yes
7590-C3378,33,Month-to-month,Credit card,50.92,1671.43,No,No,Yes
7590-C3379,56,Month-to-month,Bank transfer,50.59,2716.35,DSL,No,No
7590-C3380,17,Two year,Electronic check,76.18,1351.37,Fiber optic,No,No
7590-C3381,57,Two year,Credit card,35.89,2073.13,DSL,Yes,No
7590-C3382,69,Month-to-month,Electronic check,67.16,4533.0,Fiber optic,Yes,No
7590-C3383,54,Two year,Electronic check,104.79,5904.82,DSL,Yes,No
7590-C3384,23,Month-to-month,Bank transfer,33.3,760.61,No,No,No
7590-C3385,58,Month-to-month,Bank transfer,71.83,4043.71,DSL,No,Yes
7590-C3386,22,Two year,Bank transfer,46.97,1066.1,DSL,No,Yes
7590-C3387,67,One year,Credit card,101.48,6894.77,Fiber optic,Yes,No
7590-C3388,53,Month-to-month,Credit card,116.71,6434.83,Fiber optic,Yes,Yes
7590-C3389,1,One year,Bank transfer,47.26,46.93,DSL,Yes,No
7590-C3390,1,Month-to-month,Electronic check,25.38,24.46,No,No,No
7590-C3391,54,One year,Bank transfer,34.22,1838.21,Fiber optic,No,No
7590-C3392,37,Two year,Credit card,96.04,3630.28,Fiber optic,No,No
7590-C3393,46,Month-to-month,Mailed check,97.67,4532.25,DSL,No,No
7590-C3394,30,Month-to-month,Electronic check,43.14,1308.55,DSL,No,No
7590-C3395,63,One year,Mailed check,114.72,7339.51,Fiber optic,No,No
7590-C3396,54,One year,Mailed check,111.4,5929.71,Fiber optic,No,No
7590-C3397,71,Month-to-month,Credit card,63.59,4362.14,DSL,Yes,No
7590-C3398,55,One year,Bank transfer,22.74,1287.47,DSL,Yes,No
7590-C3399,3,Month-to-month,Mailed check,55.33,163.73,No,No,No
7590-C3400,6,Month-to-month,Mailed check,87.62,524.0,Fiber optic,No,Yes
7590-C3401,28,Month-to-month,Credit card,40.69,1186.57,No,Yes,No
7590-C3402,39,Month-to-month,Mailed check,66.73,2538.22,DSL,No,Yes
7590-C3403,20,Month-to-month,Electronic check,48.43,1004.58,No,Yes,Yes
7590-C3404,50,Month-to-month,Mailed check,40.22,1995.51,No,Yes,Yes
7590-C3405,66,Month-to-month,Credit card,106.23,6662.98,Fiber optic,No,No
7590-C3406,14,Two year,Credit card,50.76,678.87,Fiber optic,No,No
7590-C3407,5,One year,Bank transfer,92.79,472.32,No,No,Yes
7590-C3408,3,One year,Electronic check,78.46,230.5,DSL,Yes,No
7590-C3409,71,One year,Mailed check,36.99,2592.44,No,No,No
7590-C3410,28,Two year,Mailed check,82.31,2223.37,Fiber optic,No,No
7590-C3411,60,One year,Electronic check,52.51,3181.61,DSL,Yes,No
7590-C3412,46,One year,Credit card,84.43,3794.69,DSL,No,No
7590-C3413,47,Month-to-month,Electronic check,80.33,3767.89,Fiber optic,No,Yes
7590-C3414,42,Month-to-month,Electronic check,108.7,4416.11,No,Yes,Yes
7590-C3415,19,Two year,Mailed check,62.36,1165.03,Fiber optic,No,No
7590-C3416,64,Two year,Credit card,83.33,5297.85,No,Yes,No
7590-C3417,55,Month-to-month,Mailed check,77.02,4411.5,Fiber optic,No,No
7590-C3418,43,Month-to-month,Mailed check,100.61,4431.31,Fiber optic,No,No
7590-C3419,19,Month-to-month,Electronic check,110.72,2046.65,DSL,No,Yes
7590-C3420,4,Two year,Electronic check,114.7,458.09,No,Yes,Yes
7590-C3421,54,Two year,Electronic check,68.92,3742.12,No,No,No
7590-C3422,51,One year,Electronic check,49.36,,Fiber optic,No,No
7590-C3423,39,Month-to-month,Electronic check,81.27,3022.79,DSL,No,Yes
7590-C3424,29,Month-to-month,Electronic check,78.49,2214.35,DSL,No,Yes
7590-C3425,16,Month-to-month,Mailed check,92.2,1430.71,DSL,Yes,Yes
7590-C3426,68,Month-to-month,Bank transfer,74.38,5049.94,Fiber optic,Yes,Yes
7590-C3427,30,Month-to-month,Bank transfer,84.35,2617.97,No,Yes,Yes
7590-C3428,12,Month-to-month,Credit card,28.16,330.51,DSL,Yes,No
7590-C3429,72,One year,Mailed check,92.28,6668.59,Fiber optic,Yes,No
7590-C3430,45,Month-to-month,Credit card,73.06,3250.8,Fiber optic,Yes,No
7590-C3431,51,Two year,Bank transfer,65.98,3200.96,DSL,No,No
7590-C3432,11,One year,Credit card,47.21,542.51,Fiber optic,Yes,Yes
7590-C3433,52,Month-to-month,Bank transfer,80.47,4273.22,DSL,No,Yes
7590-C3434,30,Month-to-month,Credit card,78.39,2388.56,No,Yes,No
7590-C3435,55,Two year,Bank transfer,61.95,3429.3,DSL,No,No
7590-C3436,68,Month-to-month,Credit card,92.24,6262.01,No,No,Yes
7590-C3437,35,One year,Credit card,75.82,2755.61,No,No,No
7590-C3438,72,Month-to-month,Bank transfer,101.45,7611.64,DSL,Yes,No
7590-C3439,2,Month-to-month,Bank transfer,40.26,80.6,Fiber optic,No,No
7590-C3440,62,Two year,Bank transfer,105.44,6248.56,No,No,No
7590-C3441,33,Month-to-month,Mailed check,114.57,3946.1,DSL,Yes,No
7590-C3442,3,One year,Mailed check,50.94,153.0,No,Yes,Yes
7590-C3443,27,Month-to-month,Mailed check,44.37,1231.98,No,No,No
7590-C3444,17,One year,Electronic check,99.81,1625.34,No,Yes,No
7590-C3445,69,Month-to-month,Mailed check,110.1,7779.25,DSL,Yes,No
7590-C3446,30,Month-to-month,Credit card,66.61,2082.16,No,No,No
7590-C3447,23,One year,Credit card,22.99,525.15,DSL,No,Yes
7590-C3448,69,Month-to-month,Mailed check,82.38,5408.31,Fiber optic,Yes,No
7590-C3449,37,Month-to-month,Credit card,94.03,3384.66,No,Yes,Yes
7590-C3450,62,Month-to-month,Credit card,60.85,3606.13,DSL,Yes,No
7590-C3451,6,Two year,Bank transfer,87.33,522.61,Fiber optic,Yes,No
7590-C3452,22,Two year,Bank transfer,59.93,1342.88,Fiber optic,Yes,No
7590-C3453,9,Month-to-month,Bank transfer,51.05,480.96,Fiber optic,No,Yes
7590-C3454,69,One year,Credit card,32.01,2218.04,DSL,No,No
7590-C3455,37,Month-to-month,Mailed check,23.9,870.08,Fiber optic,No,Yes
7590-C3456,70,Two year,Credit card,31.11,2207.33,Fiber optic,No,No
7590-C3457,59,Month-to-month,Bank transfer,27.5,1574.09,DSL,Yes,No
7590-C3458,15,Two year,Bank transfer,55.86,847.47,No,No,No
7590-C3459,42,Month-to-month,Credit card,38.05,1543.9,Fiber optic,Yes,No
7590-C3460,43,Month-to-month,Credit card,74.81,3236.79,No,No,Yes
7590-C3461,6,Month-to-month,Bank transfer,67.44,390.44,No,No,Yes
7590-C3462,65,Month-to-month,Credit card,27.97,1730.74,DSL,Yes,No
7590-C3463,30,One year,Mailed check,116.06,3454.26,DSL,No,No
7590-C3464,54,One year,Electronic check,24.36,1262.19,DSL,No,No
7590-C3465,61,Two year,Mailed check,55.25,3370.2,DSL,Yes,No
7590-C3466,25,One year,Electronic check,95.28,2426.7,DSL,Yes,No
7590-C3467,17,One year,Bank transfer,76.52,1327.61,DSL,Yes,No
7590-C3468,54,One year,Bank transfer,49.57,2732.12,No,No,No
7590-C3469,50,Month-to-month,Credit card,64.85,3093.61,DSL,Yes,No
7590-C3470,60,Two year,Bank transfer,90.98,5383.95,DSL,No,No
7590-C3471,14,Month-to-month,Credit card,29.23,428.76,DSL,Yes,Yes
7590-C3472,72,Month-to-month,Electronic check,23.44,1633.52,No,Yes,Yes
7590-C3473,65,Month-to-month,Bank transfer,78.84,5203.72,Fiber optic,No,No
7590-C3474,65,Month-to-month,Bank transfer,106.42,7015.27,DSL,Yes,No
7590-C3475,16,Month-to-month,Credit card,42.48,647.34,No,No,No
7590-C3476,59,One year,Electronic check,42.66,2515.33,No,Yes,No
7590-C3477,60,One year,Mailed check,96.82,5790.21,DSL,Yes,No
7590-C3478,18,One year,Mailed check,24.75,441.24,DSL,No,No
7590-C3479,67,Month-to-month,Electronic check,74.72,5199.27,DSL,Yes,Yes
7590-C3480,64,Month-to-month,Electronic check,36.25,2344.27,Fiber optic,No,No
7590-C3481,72,Month-to-month,Electronic check,77.55,5418.11,DSL,Yes,No
7590-C3482,24,One year,Bank transfer,59.47,1415.93,No,Yes,Yes
7590-C3483,69,One year,Credit card,88.13,6161.04,No,No,No
7590-C3484,49,Two year,Mailed check,111.65,5657.02,Fiber optic,No,No
7590-C3485,21,Month-to-month,Mailed check,22.43,490.63,No,Yes,Yes
7590-C3486,26,Two year,Bank transfer,79.28,2114.05,Fiber optic,Yes,No
7590-C3487,16,One year,Electronic check,40.77,672.03,DSL,No,No
7590-C3488,65,Month-to-month,Mailed check,32.7,2154.3,No,Yes,No
7590-C3489,14,One year,Credit card,111.69,1578.25,DSL,Yes,No
7590-C3490,4,One year,Credit card,109.0,446.42,DSL,Yes,No
7590-C3491,55,Month-to-month,Mailed check,83.36,4646.08,DSL,No,Yes
7590-C3492,46,Month-to-month,Electronic check,35.06,1542.47,No,Yes,Yes
7590-C3493,1,Month-to-month,Credit card,83.27,79.72,Fiber optic,Yes,Yes
7590-C3494,44,One year,Electronic check,99.02,4208.95,DSL,No,No
7590-C3495,65,Month-to-month,Credit card,76.54,5044.95,DSL,No,No
7590-C3496,54,Month-to-month,Bank transfer,65.87,3572.98,Fiber optic,No,Yes
7590-C3497,55,Month-to-month,Electronic check,42.31,2250.53,DSL,Yes,Yes
7590-C3498,42,Month-to-month,Mailed check,82.47,3501.66,Fiber optic,Yes,No
7590-C3499,60,Two year,Mailed check,32.71,1872.52,Fiber optic,Yes,No
7590-C3500,61,One year,Bank transfer,98.94,6026.71,DSL,Yes,No
7590-C3501,72,Month-to-month,Mailed check,104.05,,Fiber optic,Yes,No
7590-C3502,13,Month-to-month,Electronic check,94.61,1188.23,No,No,Yes
7590-C3503,22,One year,Electronic check,52.54,1208.32,DSL,No,No
7590-C3504,46,Month-to-month,Bank transfer,110.51,4909.12,No,Yes,Yes
7590-C3505,61,One year,Credit card,94.95,5956.88,Fiber optic,Yes,No
7590-C3506,44,Month-to-month,Electronic check,30.26,1286.53,DSL,Yes,No
7590-C3507,30,Month-to-month,Bank transfer,91.67,2790.41,No,No,Yes
7590-C3508,60,One year,Credit card,105.23,6596.23,No,Yes,No
7590-C3509,9,Two year,Electronic check,21.89,188.75,No,Yes,No
7590-C3510,26,Month-to-month,Bank transfer,111.58,2941.71,Fiber optic,Yes,No
7590-C3511,16,Two year,Electronic check,68.43,1077.37,DSL,No,No
7590-C3512,17,Month-to-month,Mailed check,29.2,491.02,Fiber optic,No,No
7590-C3513,56,Month-to-month,Bank transfer,48.93,2760.03,No,Yes,No
7590-C3514,57,One year,Bank transfer,73.71,3999.31,Fiber optic,No,No
7590-C3515,14,Month-to-month,Credit card,46.0,669.66,Fiber optic,Yes,No
7590-C3516,13,Month-to-month,Electronic check,90.87,,No,Yes,No
7590-C3517,58,Two year,Electronic check,80.99,4519.31,DSL,No,No
7590-C3518,53,Month-to-month,Electronic check,88.11,4561.17,No,No,Yes
7590-C3519,59,Month-to-month,Credit card,64.27,3868.44,Fiber optic,Yes,Yes
7590-C3520,60,Month-to-month,Bank transfer,52.57,3006.52,DSL,No,No
7590-C3521,70,One year,Electronic check,37.6,2682.86,Fiber optic,No,No
7590-C3522,12,Month-to-month,Credit card,38.01,435.41,No,Yes,Yes
7590-C3523,1,Month-to-month,Credit card,117.64,112.43,DSL,No,No
7590-C3524,6,Month-to-month,Credit card,109.29,670.03,No,Yes,Yes
7590-C3525,11,Month-to-month,Bank transfer,74.83,797.45,DSL,No,Yes
7590-C3526,65,Month-to-month,Electronic check,79.33,5204.03,No,Yes,No
7590-C3527,6,One year,Bank transfer,29.44,171.45,DSL,No,No
7590-C3528,65,One year,Credit card,41.3,2747.73,No,No,No
7590-C3529,20,Month-to-month,Mailed check,101.44,2109.91,No,No,No
7590-C3530,13,One year,Mailed check,92.91,1148.29,Fiber optic,No,No
7590-C3531,57,Month-to-month,Mailed check,44.21,2470.11,DSL,No,Yes
7590-C3532,49,One year,Electronic check,84.57,4210.05,DSL,No,No
7590-C3533,40,Month-to-month,Electronic check,52.75,2166.84,DSL,Yes,Yes
7590-C3534,36,One year,Electronic check,114.86,4244.61,DSL,Yes,No
7590-C3535,23,Month-to-month,Mailed check,80.38,1916.54,Fiber optic,No,Yes
7590-C3536,44,Two year,Credit card,74.0,3374.19,DSL,No,No
7590-C3537,43,Month-to-month,Bank transfer,97.34,4140.68,Fiber optic,Yes,Yes
7590-C3538,2,Month-to-month,Bank transfer,71.75,143.57,DSL,No,Yes
7590-C3539,62,One year,Mailed check,54.48,3518.24,No,Yes,No
7590-C3540,17,Month-to-month,Mailed check,60.03,1048.37,Fiber optic,No,No
7590-C3541,4,Month-to-month,Electronic check,106.6,428.13,Fiber optic,No,Yes
7590-C3542,56,Two year,Mailed check,107.77,5808.25,No,Yes,No
7590-C3543,53,Two year,Electronic check,109.35,5972.54,No,Yes,No
7590-C3544,11,Month-to-month,Bank transfer,116.4,1282.94,DSL,No,No
7590-C3545,36,Month-to-month,Credit card,90.55,3211.31,No,Yes,Yes
7590-C3546,12,One year,Electronic check,93.6,1091.17,DSL,Yes,No
7590-C3547,27,Month-to-month,Mailed check,91.12,2422.58,Fiber optic,No,No
7590-C3548,9,One year,Mailed check,87.74,811.06,Fiber optic,No,No
7590-C3549,33,Month-to-month,Bank transfer,42.57,1371.74,No,No,Yes
7590-C3550,49,Month-to-month,Mailed check,54.98,2713.03,DSL,Yes,Yes
7590-C3551,3,Month-to-month,Credit card,98.82,291.03,DSL,Yes,Yes
7590-C3552,17,Month-to-month,Bank transfer,28.6,470.11,Fiber optic,Yes,Yes
7590-C3553,26,One year,Electronic check,85.53,2300.8,Fiber optic,Yes,No
7590-C3554,30,Month-to-month,Credit card,116.63,3436.59,Fiber optic,No,No
7590-C3555,7,Month-to-month,Mailed check,63.5,466.02,No,No,Yes
7590-C3556,2,One year,Bank transfer,33.4,70.1,Fiber optic,No,No
7590-C3557,68,Two year,Electronic check,26.27,1862.63,No,Yes,No
7590-C3558,36,Two year,Credit card,65.95,2376.41,Fiber optic,No,No
7590-C3559,12,Two year,Electronic check,24.98,297.66,No,No,Yes
7590-C3560,34,One year,Electronic check,117.15,3962.98,No,No,No
7590-C3561,47,Two year,Credit card,107.38,5239.27,Fiber optic,Yes,No
7590-C3562,64,Two year,Credit card,66.12,4157.82,DSL,No,No
7590-C3563,12,Month-to-month,Mailed check,91.29,1067.82,No,No,Yes
7590-C3564,16,Month-to-month,Credit card,105.02,1693.08,Fiber optic,Yes,No
7590-C3565,60,Two year,Mailed check,33.28,1946.22,Fiber optic,No,No
7590-C3566,1,Month-to-month,Bank transfer,50.29,47.84,Fiber optic,No,Yes
7590-C3567,21,Two year,Electronic check,62.98,1339.39,DSL,No,No
7590-C3568,20,Month-to-month,Mailed check,34.63,719.26,No,No,Yes
7590-C3569,64,Month-to-month,Electronic check,39.46,2409.64,No,No,Yes
7590-C3570,51,One year,Mailed check,75.8,3772.89,No,No,No
7590-C3571,13,Two year,Electronic check,117.61,1511.11,DSL,No,No
7590-C3572,37,Month-to-month,Credit card,73.55,2689.69,Fiber optic,No,No
7590-C3573,22,One year,Electronic check,67.46,1447.15,Fiber optic,Yes,No
7590-C3574,39,Month-to-month,Bank transfer,36.68,1436.11,No,No,Yes
7590-C3575,24,Two year,Electronic check,59.95,1392.23,Fiber optic,Yes,No
7590-C3576,22,Two year,Bank transfer,37.43,788.11,DSL,No,No
7590-C3577,62,Month-to-month,Credit card,95.99,5855.07,No,Yes,Yes
7590-C3578,48,Month-to-month,Bank transfer,63.23,2904.52,Fiber optic,Yes,No
7590-C3579,60,Two year,Mailed check,105.31,6253.67,Fiber optic,No,No
7590-C3580,47,One year,Electronic check,51.46,2446.92,DSL,Yes,No
7590-C3581,28,One year,Credit card,20.11,538.91,No,No,No
7590-C3582,30,Two year,Mailed check,47.58,1372.88,DSL,No,No
7590-C3583,3,Month-to-month,Bank transfer,20.53,64.13,No,No,Yes
7590-C3584,22,One year,Mailed check,23.81,546.49,DSL,Yes,No
7590-C3585,22,Month-to-month,Credit card,111.99,2459.96,Fiber optic,No,Yes
7590-C3586,22,One year,Bank transfer,85.09,1898.89,No,No,Yes
7590-C3587,46,Month-to-month,Bank transfer,43.21,2021.63,Fiber optic,No,Yes
7590-C3588,63,Month-to-month,Credit card,110.65,7139.91,No,Yes,No
7590-C3589,14,Month-to-month,Electronic check,50.77,735.01,Fiber optic,No,Yes
7590-C3590,66,Month-to-month,Credit card,40.2,2545.02,No,No,No
7590-C3591,38,Month-to-month,Bank transfer,30.53,1152.94,Fiber optic,Yes,Yes
7590-C3592,47,One year,Mailed check,78.34,3550.66,DSL,No,No
7590-C3593,12,Month-to-month,Mailed check,59.62,731.03,No,Yes,Yes
7590-C3594,1,Month-to-month,Electronic check,31.61,30.42,DSL,No,Yes
7590-C3595,66,Month-to-month,Credit card,76.76,4993.19,DSL,Yes,No
7590-C3596,27,Month-to-month,Credit card,112.47,3025.29,No,No,Yes
7590-C3597,48,One year,Mailed check,72.72,3388.17,Fiber optic,Yes,No
7590-C3598,16,Month-to-month,Bank transfer,23.34,378.34,No,Yes,Yes
7590-C3599,55,Month-to-month,Credit card,67.88,3697.55,Fiber optic,No,No
7590-C3600,16,Month-to-month,Electronic check,97.9,1581.77,Fiber optic,Yes,Yes
7590-C3601,33,Two year,Mailed check,77.38,2531.42,No,No,Yes
7590-C3602,58,Month-to-month,Mailed check,94.69,5668.72,DSL,Yes,Yes
7590-C3603,60,One year,Bank transfer,22.14,1262.39,No,No,No
7590-C3604,66,One year,Credit card,87.06,6006.11,DSL,No,No
7590-C3605,26,Month-to-month,Mailed check,91.78,2478.98,No,Yes,Yes
7590-C3606,1,One year,Mailed check,35.26,35.8,DSL,No,Yes
7590-C3607,49,Month-to-month,Credit card,99.73,4880.1,No,No,No
7590-C3608,61,Two year,Electronic check,65.06,3970.14,Fiber optic,Yes,No
7590-C3609,22,Month-to-month,Bank transfer,110.02,2403.12,No,No,No
7590-C3610,43,One year,Electronic check,90.06,3825.46,DSL,Yes,No
7590-C3611,6,Month-to-month,Electronic check,88.98,517.73,No,Yes,No
7590-C3612,50,One year,Electronic check,53.54,2651.01,No,Yes,No
7590-C3613,43,Month-to-month,Mailed check,22.28,981.86,Fiber optic,No,No
7590-C3614,60,Month-to-month,Credit card,103.95,6220.01,DSL,No,Yes
7590-C3615,10,Two year,Bank transfer,112.09,1114.44,DSL,No,No
7590-C3616,68,Two year,Bank transfer,69.38,4871.15,Fiber optic,No,No
7590-C3617,65,Month-to-month,Mailed check,27.49,1794.98,Fiber optic,No,Yes
7590-C3618,14,One year,Mailed check,77.0,1032.47,No,No,No
7590-C3619,60,Two year,Mailed check,108.27,6171.66,DSL,No,No
7590-C3620,9,Two year,Mailed check,44.53,386.8,DSL,No,No
7590-C3621,13,Month-to-month,Mailed check,53.49,662.31,DSL,Yes,Yes
7590-C3622,46,Month-to-month,Bank transfer,92.96,4211.48,No,Yes,No
7590-C3623,55,Month-to-month,Bank transfer,110.16,5919.76,Fiber optic,No,No
7590-C3624,54,Month-to-month,Electronic check,61.14,3448.42,Fiber optic,No,No
7590-C3625,5,One year,Electronic check,92.44,461.48,Fiber optic,Yes,No
7590-C3626,65,One year,Credit card,97.05,6015.51,Fiber optic,No,No
7590-C3627,35,One year,Bank transfer,25.36,884.04,DSL,No,Yes
7590-C3628,24,Month-to-month,Mailed check,84.7,2062.05,No,Yes,Yes
7590-C3629,13,Month-to-month,Mailed check,69.26,887.26,DSL,Yes,Yes
7590-C3630,28,Month-to-month,Electronic check,77.08,2140.74,No,Yes,Yes
7590-C3631,68,Month-to-month,Credit card,34.34,2305.88,No,No,Yes
7590-C3632,2,Month-to-month,Bank transfer,31.29,61.21,No,No,Yes
7590-C3633,45,Two year,Credit card,79.86,3714.64,No,No,No
7590-C3634,24,Month-to-month,Bank transfer,51.63,1288.11,DSL,No,Yes
7590-C3635,4,One year,Electronic check,78.69,303.37,No,No,Yes
7590-C3636,72,Two year,Bank transfer,24.3,1765.6,Fiber optic,Yes,No
7590-C3637,57,Month-to-month,Electronic check,51.96,2891.33,Fiber optic,Yes,Yes
7590-C3638,66,One year,Bank transfer,70.05,4668.65,No,No,No
7590-C3639,61,Month-to-month,Bank transfer,93.6,5935.36,No,No,Yes
7590-C3640,49,One year,Bank transfer,95.57,4707.88,Fiber optic,No,No
7590-C3641,58,Two year,Electronic check,47.7,2639.93,DSL,No,No
7590-C3642,34,Month-to-month,Bank transfer,54.39,1815.28,No,Yes,No
7590-C3643,3,Month-to-month,Electronic check,55.14,165.19,DSL,Yes,Yes
7590-C3644,13,One year,Mailed check,42.78,543.09,Fiber optic,Yes,Yes
7590-C3645,11,Two year,Electronic check,110.78,1189.83,Fiber optic,Yes,Yes
7590-C3646,22,Two year,Electronic check,27.27,579.86,Fiber optic,No,Yes
7590-C3647,14,One year,Credit card,73.26,1002.04,DSL,No,Yes
7590-C3648,47,One year,Bank transfer,82.77,3806.74,No,No,No
7590-C3649,49,Month-to-month,Credit card,25.15,1253.71,DSL,No,No
7590-C3650,1,Month-to-month,Bank transfer,26.68,27.79,Fiber optic,Yes,Yes
7590-C3651,53,One year,Credit card,59.26,3148.64,No,Yes,No
7590-C3652,6,Month-to-month,Bank transfer,85.02,514.66,Fiber optic,No,Yes
7590-C3653,72,One year,Electronic check,91.31,6507.86,DSL,No,No
7590-C3654,47,One year,Bank transfer,115.96,5546.52,DSL,Yes,No
7590-C3655,62,One year,Electronic check,44.36,2681.3,DSL,Yes,No
7590-C3656,64,Month-to-month,Mailed check,38.25,2470.91,DSL,No,Yes
7590-C3657,31,Month-to-month,Mailed check,78.69,2467.87,No,Yes,No
7590-C3658,8,Two year,Mailed check,84.3,665.18,No,Yes,No
7590-C3659,52,Two year,Mailed check,117.9,6156.05,DSL,Yes,No
7590-C3660,13,Month-to-month,Electronic check,35.81,449.37,No,Yes,No
7590-C3661,40,One year,Credit card,29.1,1153.85,No,Yes,No
7590-C3662,68,Month-to-month,Credit card,91.27,6113.62,No,No,Yes
7590-C3663,25,Month-to-month,Mailed check,20.66,515.03,Fiber optic,Yes,No
7590-C3664,49,Month-to-month,Electronic check,104.35,5099.61,DSL,Yes,No
7590-C3665,23,One year,Bank transfer,78.96,1745.06,No,No,No
7590-C3666,45,Two year,Electronic check,27.84,1286.82,DSL,Yes,No
7590-C3667,61,One year,Credit card,117.58,7127.74,No,Yes,No
7590-C3668,58,Month-to-month,Electronic check,50.83,3011.42,DSL,Yes,No
7590-C3669,15,One year,Credit card,110.16,1664.6,No,Yes,No
7590-C3670,60,Month-to-month,Electronic check,22.34,1298.54,Fiber optic,No,No
7590-C3671,59,Two year,Bank transfer,60.02,3421.75,No,Yes,No
7590-C3672,21,Month-to-month,Credit card,39.87,877.76,Fiber optic,No,No
7590-C3673,47,One year,Bank transfer,47.62,2168.22,Fiber optic,Yes,No
7590-C3674,44,Two year,Mailed check,43.61,1911.2,No,No,No
7590-C3675,19,Two year,Mailed check,49.83,958.93,DSL,Yes,No
7590-C3676,6,Two year,Bank transfer,65.14,385.55,DSL,Yes,Yes
7590-C3677,59,Month-to-month,Credit card,77.88,4786.0,Fiber optic,Yes,No
7590-C3678,41,Two year,Mailed check,61.66,2551.45,No,Yes,No
7590-C3679,43,Month-to-month,Electronic check,111.12,4906.76,Fiber optic,Yes,No
7590-C3680,53,One year,Bank transfer,76.82,4253.5,DSL,No,No
7590-C3681,31,Month-to-month,Electronic check,97.35,2909.68,Fiber optic,Yes,Yes
7590-C3682,25,Month-to-month,Electronic check,40.07,1015.46,No,No,Yes
7590-C3683,47,Month-to-month,Electronic check,50.17,2411.62,DSL,No,Yes
7590-C3684,39,Month-to-month,Bank transfer,26.01,1033.77,Fiber optic,No,Yes
7590-C3685,62,One year,Bank transfer,65.01,4028.82,DSL,Yes,No
7590-C3686,7,Month-to-month,Mailed check,60.37,431.77,No,Yes,Yes
7590-C3687,53,Two year,Electronic check,101.73,5584.28,DSL,No,No
7590-C3688,50,Month-to-month,Mailed check,42.45,2163.0,Fiber optic,Yes,No
7590-C3689,14,Month-to-month,Electronic check,44.56,595.72,No,Yes,Yes
7590-C3690,53,Two year,Mailed check,105.44,5327.93,DSL,Yes,No
7590-C3691,23,Month-to-month,Bank transfer,30.8,681.38,Fiber optic,No,No
7590-C3692,21,Month-to-month,Credit card,43.31,944.51,Fiber optic,No,No
7590-C3693,11,Two year,Mailed check,62.58,685.86,Fiber optic,No,No
7590-C3694,47,Month-to-month,Credit card,49.68,2440.0,DSL,Yes,Yes
7590-C3695,34,Month-to-month,Mailed check,85.58,2854.45,Fiber optic,Yes,No
7590-C3696,6,Month-to-month,Mailed check,23.85,149.33,Fiber optic,Yes,Yes
7590-C3697,48,Two year,Electronic check,103.99,4961.32,Fiber optic,Yes,No
7590-C3698,4,Month-to-month,Electronic check,49.36,195.29,No,Yes,Yes
7590-C3699,6,Month-to-month,Credit card,94.22,541.11,No,No,No
7590-C3700,27,Month-to-month,Electronic check,39.01,1012.82,Fiber optic,Yes,No
7590-C3701,72,Month-to-month,Mailed check,68.17,4845.78,Fiber optic,No,Yes
7590-C3702,55,Month-to-month,Electronic check,37.48,2144.34,Fiber optic,No,No
7590-C3703,70,Month-to-month,Electronic check,28.1,1894.47,DSL,Yes,Yes
7590-C3704,58,Month-to-month,Credit card,54.54,3056.09,No,Yes,No
7590-C3705,68,Month-to-month,Credit card,108.92,7486.92,No,No,No
7590-C3706,43,Two year,Bank transfer,103.65,4545.77,Fiber optic,Yes,No
7590-C3707,39,Month-to-month,Credit card,102.16,3966.73,No,Yes,No
7590-C3708,46,Month-to-month,Electronic check,52.87,2529.05,No,Yes,No
7590-C3709,66,Month-to-month,Credit card,117.02,8035.65,DSL,Yes,No
7590-C3710,48,Month-to-month,Electronic check,77.99,3778.67,No,Yes,Yes
7590-C3711,33,Two year,Bank transfer,73.96,2467.81,DSL,Yes,No
7590-C3712,72,Month-to-month,Mailed check,115.49,8048.45,No,No,Yes
7590-C3713,67,Month-to-month,Bank transfer,48.48,3266.84,Fiber optic,No,Yes
7590-C3714,65,Month-to-month,Bank transfer,65.27,4186.87,DSL,No,Yes
7590-C3715,50,Month-to-month,Credit card,87.87,4523.67,No,Yes,Yes
7590-C3716,44,One year,Bank transfer,58.28,2455.15,DSL,No,No
7590-C3717,18,Two year,Electronic check,48.89,893.5,No,No,No
7590-C3718,56,Month-to-month,Bank transfer,75.93,4398.28,No,No,No
7590-C3719,50,Month-to-month,Electronic check,113.37,5918.76,DSL,Yes,No
7590-C3720,62,Two year,Bank transfer,110.3,6682.71,DSL,Yes,No
7590-C3721,43,Two year,Mailed check,109.56,4676.12,DSL,Yes,No
7590-C3722,66,Month-to-month,Electronic check,114.93,7604.04,Fiber optic,No,No
7590-C3723,62,One year,Bank transfer,25.61,1640.88,DSL,Yes,No
7590-C3724,40,Month-to-month,Electronic check,70.59,2781.05,Fiber optic,No,No
7590-C3725,47,Month-to-month,Bank transfer,37.81,1773.41,No,No,Yes
7590-C3726,44,Two year,Credit card,84.24,3797.8,Fiber optic,Yes,No
7590-C3727,7,Two year,Credit card,83.64,567.55,Fiber optic,No,No
7590-C3728,5,One year,Electronic check,40.16,205.53,DSL,No,No
7590-C3729,28,Month-to-month,Credit card,24.12,645.91,Fiber optic,Yes,No
7590-C3730,33,Two year,Mailed check,21.03,698.56,DSL,Yes,No
7590-C3731,11,Two year,Electronic check,51.57,553.62,DSL,Yes,No
7590-C3732,11,Two year,Credit card,25.36,292.38,No,Yes,No
7590-C3733,20,Month-to-month,Credit card,63.25,1227.48,Fiber optic,No,Yes
7590-C3734,28,Month-to-month,Mailed check,100.88,2912.1,Fiber optic,Yes,Yes
7590-C3735,22,Month-to-month,Electronic check,41.79,928.82,No,No,No
7590-C3736,7,One year,Mailed check,38.83,275.42,No,Yes,No
7590-C3737,28,Month-to-month,Bank transfer,20.29,580.22,Fiber optic,Yes,No
7590-C3738,68,Month-to-month,Credit card,30.2,2011.4,Fiber optic,Yes,Yes
7590-C3739,39,One year,Electronic check,36.56,1463.02,No,Yes,No
7590-C3740,48,Two year,Mailed check,98.49,4839.86,No,No,No
7590-C3741,60,Month-to-month,Bank transfer,84.8,5066.33,Fiber optic,No,Yes
7590-C3742,34,Two year,Bank transfer,98.21,3249.38,Fiber optic,Yes,No
7590-C3743,17,One year,Bank transfer,92.39,1601.0,No,Yes,No
7590-C3744,60,Month-to-month,Mailed check,69.67,4357.69,No,Yes,No
7590-C3745,12,Month-to-month,Bank transfer,106.66,1318.69,Fiber optic,No,Yes
7590-C3746,9,Two year,Electronic check,59.31,538.58,No,Yes,Yes
7590-C3747,45,One year,Credit card,89.67,3909.07,No,Yes,No
7590-C3748,9,One year,Credit card,34.7,297.58,No,Yes,No
7590-C3749,62,One year,Credit card,95.69,5661.14,DSL,Yes,No
7590-C3750,25,Month-to-month,Electronic check,35.26,873.41,Fiber optic,Yes,No
7590-C3751,67,Month-to-month,Mailed check,85.28,5584.5,DSL,Yes,Yes
7590-C3752,12,Two year,Bank transfer,63.49,797.09,DSL,Yes,No
7590-C3753,47,Month-to-month,Bank transfer,103.51,4893.04,DSL,No,Yes
7590-C3754,59,Month-to-month,Mailed check,83.56,5135.3,Fiber optic,No,No
7590-C3755,5,Two year,Bank transfer,49.68,255.88,DSL,No,No
7590-C3756,59,One year,Credit card,28.57,1642.75,DSL,Yes,No
7590-C3757,48,Month-to-month,Mailed check,25.43,1258.71,DSL,No,No
7590-C3758,61,Month-to-month,Credit card,98.77,6104.73,Fiber optic,No,No
7590-C3759,26,Month-to-month,Credit card,91.72,2300.12,No,Yes,Yes
7590-C3760,60,Month-to-month,Mailed check,84.13,5061.93,DSL,Yes,No
7590-C3761,52,Month-to-month,Mailed check,78.56,4268.67,No,Yes,No
7590-C3762,38,Two year,Bank transfer,47.47,1734.1,No,No,No
7590-C3763,3,Two year,Mailed check,49.07,150.23,DSL,No,No
7590-C3764,53,One year,Credit card,92.48,5040.0,DSL,Yes,No
7590-C3765,57,Month-to-month,Mailed check,76.49,4534.2,Fiber optic,No,Yes
7590-C3766,4,One year,Credit card,84.92,338.76,DSL,No,Yes
7590-C3767,41,One year,Mailed check,47.02,1855.22,Fiber optic,No,No
7590-C3768,65,Two year,Bank transfer,24.73,1567.86,Fiber optic,No,No
7590-C3769,6,Two year,Credit card,81.75,496.52,DSL,No,No
7590-C3770,52,Month-to-month,Mailed check,67.76,3634.42,No,Yes,No
7590-C3771,32,Month-to-month,Credit card,110.57,3614.32,No,No,Yes
7590-C3772,33,Month-to-month,Credit card,57.3,1943.94,Fiber optic,Yes,Yes
7590-C3773,9,Month-to-month,Mailed check,58.1,529.39,DSL,Yes,No
7590-C3774,65,One year,Mailed check,115.96,7449.24,DSL,Yes,No
7590-C3775,22,Month-to-month,Mailed check,39.63,876.44,Fiber optic,No,Yes
7590-C3776,40,One year,Credit card,110.6,4501.13,No,Yes,No
7590-C3777,57,Month-to-month,Bank transfer,50.19,2942.65,Fiber optic,Yes,Yes
7590-C3778,10,One year,Mailed check,44.07,446.58,Fiber optic,Yes,No
7590-C3779,9,Month-to-month,Mailed check,64.84,609.92,DSL,Yes,Yes
7590-C3780,35,Month-to-month,Credit card,68.23,2428.56,DSL,No,No
7590-C3781,18,One year,Mailed check,31.11,,DSL,No,No
7590-C3782,26,Two year,Mailed check,48.28,1288.08,No,No,No
7590-C3783,7,Month-to-month,Mailed check,87.71,636.93,DSL,Yes,Yes
7590-C3784,15,Two year,Credit card,30.42,465.61,Fiber optic,No,No
7590-C3785,19,One year,Electronic check,94.97,1749.79,No,Yes,No
7590-C3786,36,Month-to-month,Mailed check,67.16,2470.44,No,No,Yes
7590-C3787,26,Month-to-month,Credit card,104.93,2615.65,Fiber optic,No,No
7590-C3788,30,Two year,Credit card,93.83,2702.32,No,Yes,No
7590-C3789,12,One year,Bank transfer,74.73,898.77,No,Yes,No
7590-C3790,28,Month-to-month,Mailed check,46.04,1297.63,Fiber optic,No,No
7590-C3791,66,Month-to-month,Mailed check,31.75,2119.93,DSL,Yes,Yes
7590-C3792,69,Two year,Credit card,110.11,,Fiber optic,Yes,No
7590-C3793,44,Month-to-month,Mailed check,68.44,3016.38,Fiber optic,Yes,No
7590-C3794,56,One year,Credit card,105.78,6203.71,Fiber optic,No,No
7590-C3795,26,One year,Credit card,82.42,2092.68,Fiber optic,No,Yes
7590-C3796,23,Month-to-month,Bank transfer,101.62,2441.26,DSL,Yes,No
7590-C3797,59,Month-to-month,Electronic check,21.75,1224.46,DSL,No,Yes
7590-C3798,10,One year,Bank transfer,76.95,758.61,Fiber optic,No,No
7590-C3799,31,Month-to-month,Electronic check,52.54,1576.73,DSL,Yes,Yes
7590-C3800,28,Month-to-month,Electronic check,51.03,1457.42,Fiber optic,No,Yes
7590-C3801,9,Month-to-month,Electronic check,89.51,834.54,No,Yes,No
7590-C3802,29,Month-to-month,Electronic check,91.88,2728.02,No,No,Yes
7590-C3803,69,Month-to-month,Mailed check,108.51,7306.16,DSL,No,Yes
7590-C3804,13,Month-to-month,Mailed check,90.85,1161.07,DSL,No,Yes
7590-C3805,38,Month-to-month,Credit card,98.46,3619.32,Fiber optic,Yes,No
7590-C3806,72,Month-to-month,Credit card,67.37,4704.27,Fiber optic,No,No
7590-C3807,61,Two year,Credit card,44.68,2727.37,DSL,Yes,No
7590-C3808,50,One year,Credit card,93.67,4567.26,Fiber optic,Yes,No
7590-C3809,4,Month-to-month,Credit card,101.53,388.65,Fiber optic,No,Yes
7590-C3810,17,Month-to-month,Mailed check,45.52,811.06,No,Yes,Yes
7590-C3811,47,One year,Mailed check,79.47,3666.8,DSL,Yes,No
7590-C3812,28,Two year,Electronic check,56.95,1625.42,No,No,No
7590-C3813,53,Two year,Credit card,111.88,6183.16,No,Yes,No
7590-C3814,72,Month-to-month,Credit card,53.54,4047.31,DSL,No,Yes
7590-C3815,4,One year,Bank transfer,32.03,131.21,Fiber optic,Yes,No
7590-C3816,46,Month-to-month,Mailed check,51.88,2436.06,No,Yes,No
7590-C3817,1,One year,Credit card,43.52,44.05,Fiber optic,Yes,No
7590-C3818,33,Month-to-month,Electronic check,51.09,1754.89,Fiber optic,No,No
7590-C3819,23,Month-to-month,Credit card,87.06,2073.76,DSL,No,Yes
7590-C3820,65,One year,Electronic check,58.82,3827.85,No,No,No
7590-C3821,62,Month-to-month,Mailed check,42.77,2641.37,Fiber optic,No,No
7590-C3822,4,One year,Credit card,114.94,443.99,DSL,Yes,No
7590-C3823,34,One year,Credit card,23.54,793.95,Fiber optic,Yes,No
7590-C3824,26,Month-to-month,Mailed check,23.29,596.86,DSL,No,Yes
7590-C3825,42,Month-to-month,Credit card,73.34,2964.34,DSL,Yes,Yes
7590-C3826,24,Month-to-month,Bank transfer,60.55,1497.19,Fiber optic,No,No
7590-C3827,72,Month-to-month,Credit card,77.68,5736.91,No,No,No
7590-C3828,60,Month-to-month,Mailed check,73.08,4446.42,DSL,Yes,Yes
7590-C3829,64,Month-to-month,Mailed check,79.66,5070.05,DSL,Yes,No
7590-C3830,57,Month-to-month,Bank transfer,38.39,2117.07,No,Yes,Yes
7590-C3831,29,Month-to-month,Credit card,108.57,3095.83,DSL,Yes,Yes
7590-C3832,44,Month-to-month,Mailed check,48.08,2059.21,No,Yes,No
7590-C3833,61,One year,Mailed check,75.62,4819.32,Fiber optic,Yes,No
7590-C3834,38,Two year,Electronic check,43.12,1683.2,No,No,No
7590-C3835,7,Month-to-month,Bank transfer,82.62,569.72,Fiber optic,No,No
7590-C3836,49,Two year,Mailed check,39.24,1835.08,Fiber optic,No,No
7590-C3837,45,Month-to-month,Mailed check,30.39,1304.39,Fiber optic,No,Yes
7590-C3838,33,One year,Mailed check,57.33,1915.43,No,Yes,Yes
7590-C3839,69,Month-to-month,Bank transfer,113.73,8168.66,No,No,No
7590-C3840,35,Month-to-month,Bank transfer,97.04,3491.2,DSL,No,No
7590-C3841,69,Month-to-month,Mailed check,34.92,2292.15,Fiber optic,No,No
7590-C3842,5,Month-to-month,Electronic check,94.05,454.57,Fiber optic,Yes,Yes
7590-C3843,37,Month-to-month,Electronic check,38.18,1389.09,DSL,Yes,Yes
7590-C3844,22,One year,Credit card,69.35,1555.52,No,No,No
7590-C3845,66,One year,Credit card,68.85,4447.5,No,Yes,No
7590-C3846,41,Month-to-month,Bank transfer,114.59,4724.53,DSL,Yes,Yes
7590-C3847,32,One year,Bank transfer,60.64,1967.5,No,Yes,No
7590-C3848,26,Month-to-month,Electronic check,83.72,2210.46,No,No,Yes
7590-C3849,16,Month-to-month,Mailed check,66.08,1049.22,DSL,Yes,Yes
7590-C3850,38,Two year,Bank transfer,111.29,4227.28,DSL,Yes,Yes
7590-C3851,18,Month-to-month,Credit card,48.47,828.92,DSL,Yes,No
7590-C3852,4,Month-to-month,Mailed check,44.45,177.47,No,Yes,Yes
7590-C3853,34,Two year,Mailed check,97.7,3171.54,No,No,No
7590-C3854,62,Two year,Credit card,45.33,2830.7,DSL,No,No
7590-C3855,71,One year,Electronic check,94.98,6549.18,No,No,No
7590-C3856,34,Month-to-month,Electronic check,20.57,712.44,Fiber optic,Yes,No
7590-C3857,55,Month-to-month,Electronic check,37.22,2133.47,No,Yes,No
7590-C3858,11,Month-to-month,Bank transfer,75.69,797.13,No,Yes,Yes
7590-C3859,40,Month-to-month,Credit card,84.81,3356.54,Fiber optic,No,Yes
7590-C3860,14,One year,Mailed check,72.13,1057.33,Fiber optic,Yes,No
7590-C3861,15,One year,Credit card,98.93,1428.5,Fiber optic,No,No
7590-C3862,60,One year,Bank transfer,109.35,6352.04,Fiber optic,Yes,No
7590-C3863,22,Month-to-month,Credit card,111.45,2518.29,Fiber optic,No,Yes
7590-C3864,44,Month-to-month,Mailed check,61.7,2715.09,DSL,No,Yes
7590-C3865,54,Two year,Mailed check,47.39,2573.4,No,No,No
7590-C3866,51,One year,Credit card,22.41,1091.22,No,Yes,No
7590-C3867,13,Month-to-month,Electronic check,116.24,1470.5,DSL,Yes,No
7590-C3868,29,Month-to-month,Credit card,37.38,1104.37,DSL,Yes,Yes
7590-C3869,55,One year,Mailed check,52.29,2819.08,DSL,Yes,No
7590-C3870,72,One year,Electronic check,37.86,2685.87,Fiber optic,No,No
7590-C3871,39,One year,Mailed check,37.57,1429.55,Fiber optic,Yes,No
7590-C3872,55,Month-to-month,Mailed check,110.37,6321.52,Fiber optic,No,No
7590-C3873,4,Month-to-month,Credit card,94.18,366.47,DSL,No,Yes
7590-C3874,16,One year,Electronic check,109.9,1715.15,No,No,No
7590-C3875,30,Two year,Electronic check,63.36,1860.24,Fiber optic,No,Yes
7590-C3876,8,One year,Mailed check,44.03,357.3,No,No,No
7590-C3877,11,Month-to-month,Mailed check,26.19,281.88,DSL,Yes,No
7590-C3878,13,Month-to-month,Bank transfer,108.18,1375.57,Fiber optic,No,Yes
7590-C3879,17,One year,Bank transfer,78.32,1283.39,DSL,Yes,No
7590-C3880,5,Month-to-month,Electronic check,41.35,206.69,No,Yes,Yes
7590-C3881,29,Month-to-month,Credit card,59.1,1641.42,No,Yes,No
7590-C3882,34,One year,Electronic check,75.38,2481.52,No,No,No
7590-C3883,11,Two year,Electronic check,114.12,1232.38,No,Yes,No
7590-C3884,65,Month-to-month,Mailed check,20.76,1294.62,Fiber optic,No,No
7590-C3885,61,One year,Mailed check,55.59,3491.19,No,No,No
7590-C3886,10,One year,Mailed check,94.88,959.21,DSL,No,No
7590-C3887,12,Month-to-month,Electronic check,117.55,1363.41,No,Yes,No
7590-C3888,37,Month-to-month,Electronic check,97.67,3706.52,Fiber optic,Yes,No
7590-C3889,14,Month-to-month,Electronic check,58.38,804.0,No,Yes,Yes
7590-C3890,28,Month-to-month,Bank transfer,113.39,3056.96,Fiber optic,Yes,No
7590-C3891,67,Month-to-month,Bank transfer,94.32,6135.79,Fiber optic,Yes,No
7590-C3892,3,Month-to-month,Mailed check,95.22,286.69,No,Yes,No
7590-C3893,29,Month-to-month,Electronic check,111.25,3143.48,DSL,No,No
7590-C3894,40,Two year,Electronic check,27.1,1097.06,No,Yes,No
7590-C3895,15,Two year,Credit card,95.52,1474.33,No,Yes,No
7590-C3896,24,Month-to-month,Mailed check,75.49,1728.34,DSL,No,No
7590-C3897,13,Month-to-month,Electronic check,85.03,1144.73,DSL,Yes,Yes
7590-C3898,13,Two year,Electronic check,86.05,1171.77,Fiber optic,Yes,No
7590-C3899,30,Two year,Credit card,43.57,1317.43,DSL,No,No
7590-C3900,15,One year,Credit card,48.21,730.86,Fiber optic,Yes,No
7590-C3901,57,One year,Electronic check,38.43,2189.18,Fiber optic,Yes,No
7590-C3902,61,Month-to-month,Electronic check,21.83,1365.13,No,No,No
7590-C3903,57,Month-to-month,Bank transfer,107.4,5909.63,No,No,Yes
7590-C3904,56,One year,Bank transfer,75.96,4352.36,DSL,Yes,No
7590-C3905,38,One year,Credit card,38.33,1440.74,DSL,No,No
7590-C3906,51,Month-to-month,Bank transfer,31.81,1550.53,No,No,No
7590-C3907,33,Month-to-month,Bank transfer,61.72,2120.3,No,No,Yes
7590-C3908,21,Month-to-month,Electronic check,109.18,2346.1,DSL,Yes,No
7590-C3909,67,Month-to-month,Electronic check,38.93,2699.89,Fiber optic,No,No
7590-C3910,63,Month-to-month,Mailed check,109.21,6541.82,Fiber optic,No,No
7590-C3911,53,Month-to-month,Electronic check,106.82,5415.31,Fiber optic,No,No
7590-C3912,35,Two year,Bank transfer,96.36,3252.75,No,No,No
7590-C3913,72,Month-to-month,Mailed check,53.05,3700.34,DSL,No,No
7590-C3914,21,One year,Mailed check,87.85,1913.64,No,No,No
7590-C3915,57,Month-to-month,Electronic check,27.02,1528.84,DSL,Yes,No
7590-C3916,28,Month-to-month,Electronic check,35.31,1032.25,Fiber optic,No,Yes
7590-C3917,6,Month-to-month,Mailed check,99.8,588.45,DSL,Yes,No
7590-C3918,1,Month-to-month,Electronic check,100.47,99.7,Fiber optic,No,No
7590-C3919,27,Month-to-month,Mailed check,54.37,1479.11,DSL,No,Yes
7590-C3920,59,Two year,Mailed check,75.33,4350.64,No,Yes,No
7590-C3921,32,Month-to-month,Bank transfer,82.38,2552.54,DSL,Yes,No
7590-C3922,50,Month-to-month,Bank transfer,62.23,3044.86,No,Yes,No
7590-C3923,29,Month-to-month,Bank transfer,97.71,2859.88,Fiber optic,No,Yes
7590-C3924,4,Month-to-month,Mailed check,48.73,191.26,DSL,No,Yes
7590-C3925,56,Month-to-month,Mailed check,67.67,3727.15,No,Yes,No
7590-C3926,1,One year,Mailed check,26.32,25.21,DSL,Yes,Yes
7590-C3927,6,One year,Bank transfer,44.57,279.98,Fiber optic,No,No
7590-C3928,70,Month-to-month,Credit card,68.69,4711.13,DSL,No,Yes
7590-C3929,61,One year,Credit card,61.21,3705.82,No,No,No
7590-C3930,40,Month-to-month,Mailed check,33.07,1388.56,No,No,Yes
7590-C3931,2,Two year,Electronic check,102.35,206.66,Fiber optic,Yes,Yes
7590-C3932,44,Month-to-month,Electronic check,93.26,4105.68,No,Yes,No
7590-C3933,50,Month-to-month,Credit card,57.03,2933.61,Fiber optic,No,No
7590-C3934,70,Two year,Electronic check,96.98,7083.09,DSL,Yes,No
7590-C3935,1,Month-to-month,Bank transfer,96.12,95.39,Fiber optic,No,Yes
7590-C3936,28,Two year,Mailed check,83.28,2354.76,DSL,Yes,No
7590-C3937,44,Month-to-month,Credit card,71.84,3299.05,DSL,No,No
7590-C3938,52,One year,Bank transfer,27.24,1404.73,No,No,No
7590-C3939,4,Month-to-month,Credit card,73.04,295.74,DSL,No,Yes
7590-C3940,24,Month-to-month,Credit card,36.01,850.39,Fiber optic,Yes,No
7590-C3941,37,Month-to-month,Credit card,58.2,2104.21,DSL,No,Yes
7590-C3942,69,Month-to-month,Bank transfer,113.33,7449.71,No,No,No
7590-C3943,33,One year,Credit card,103.32,3400.01,DSL,No,No
7590-C3944,39,Month-to-month,Credit card,84.18,3224.85,DSL,Yes,Yes
7590-C3945,42,Month-to-month,Electronic check,21.59,889.42,No,No,No
7590-C3946,71,One year,Bank transfer,75.24,5277.38,No,Yes,No
7590-C3947,55,One year,Electronic check,90.92,4753.44,No,No,No
7590-C3948,59,Two year,Electronic check,65.39,3784.07,DSL,Yes,No
7590-C3949,41,Two year,Mailed check,98.24,3939.28,Fiber optic,No,No
7590-C3950,39,One year,Mailed check,43.17,1740.81,No,Yes,No
7590-C3951,66,Month-to-month,Credit card,42.78,2942.21,Fiber optic,No,No
7590-C3952,35,Month-to-month,Bank transfer,86.1,3031.8,DSL,No,Yes
7590-C3953,8,One year,Mailed check,21.52,180.7,Fiber optic,No,No
7590-C3954,2,Month-to-month,Credit card,71.79,138.18,Fiber optic,Yes,No
7590-C3955,48,One year,Electronic check,46.45,2290.73,DSL,Yes,No
7590-C3956,28,Month-to-month,Mailed check,92.75,2581.27,DSL,Yes,No
7590-C3957,44,Month-to-month,Electronic check,58.57,2558.9,DSL,Yes,No
7590-C3958,32,Month-to-month,Mailed check,98.93,3212.71,Fiber optic,Yes,No
7590-C3959,21,One year,Bank transfer,84.53,1753.84,DSL,No,No
7590-C3960,28,Month-to-month,Mailed check,117.46,3239.26,No,Yes,No
7590-C3961,37,One year,Credit card,114.88,4225.72,No,No,No
7590-C3962,43,Month-to-month,Bank transfer,43.17,1821.97,DSL,Yes,No
7590-C3963,37,Month-to-month,Credit card,48.55,1884.17,DSL,No,No
7590-C3964,43,Month-to-month,Bank transfer,51.27,2106.67,Fiber optic,Yes,No
7590-C3965,47,One year,Bank transfer,24.61,1176.15,Fiber optic,No,No
7590-C3966,20,Two year,Bank transfer,89.83,1723.52,DSL,No,No
7590-C3967,56,Month-to-month,Electronic check,77.07,4475.68,No,Yes,Yes
7590-C3968,19,One year,Electronic check,106.23,2083.04,Fiber optic,Yes,No
7590-C3969,51,Two year,Mailed check,88.77,4622.87,Fiber optic,No,No
7590-C3970,15,One year,Credit card,60.47,934.08,Fiber optic,Yes,Yes
7590-C3971,9,Month-to-month,Credit card,114.32,1002.5,DSL,No,Yes
7590-C3972,2,One year,Bank transfer,29.36,56.72,Fiber optic,Yes,No
7590-C3973,62,One year,Credit card,72.45,4501.78,DSL,No,No
7590-C3974,64,Month-to-month,Bank transfer,84.18,5533.96,No,Yes,Yes
7590-C3975,32,Month-to-month,Electronic check,101.66,3238.52,Fiber optic,Yes,Yes
7590-C3976,53,Month-to-month,Credit card,75.17,4182.12,Fiber optic,Yes,Yes
7590-C3977,7,Month-to-month,Credit card,113.69,758.04,No,No,Yes
7590-C3978,33,Month-to-month,Bank transfer,116.73,3969.64,Fiber optic,Yes,Yes
7590-C3979,22,Month-to-month,Electronic check,48.78,1104.15,DSL,Yes,Yes
7590-C3980,43,Month-to-month,Credit card,71.48,3112.83,Fiber optic,Yes,No
7590-C3981,51,One year,Electronic check,90.89,4568.58,Fiber optic,Yes,No
7590-C3982,11,Month-to-month,Bank transfer,41.3,466.39,No,No,No
7590-C3983,33,One year,Credit card,95.53,3237.43,DSL,No,No
7590-C3984,50,Two year,Mailed check,43.07,2238.39,DSL,Yes,No
7590-C3985,37,Month-to-month,Credit card,86.72,3351.76,DSL,No,Yes
7590-C3986,70,Two year,Mailed check,70.78,4751.07,No,Yes,No
7590-C3987,58,Month-to-month,Bank transfer,117.59,7067.84,Fiber optic,No,No
7590-C3988,54,Two year,Bank transfer,106.23,5535.87,Fiber optic,Yes,No
7590-C3989,16,Month-to-month,Mailed check,47.11,729.51,DSL,Yes,Yes
7590-C3990,19,Two year,Credit card,64.07,1211.16,No,No,Yes
7590-C3991,53,One year,Credit card,91.18,4658.06,Fiber optic,Yes,No
7590-C3992,19,Month-to-month,Bank transfer,47.16,919.26,Fiber optic,No,Yes
7590-C3993,72,One year,Credit card,102.61,7231.58,No,No,No
7590-C3994,5,Month-to-month,Credit card,50.52,252.46,Fiber optic,Yes,No
7590-C3995,42,Two year,Bank transfer,82.05,3427.78,DSL,No,No
7590-C3996,22,Month-to-month,Electronic check,87.86,1840.65,Fiber optic,Yes,Yes
7590-C3997,10,Month-to-month,Bank transfer,92.97,883.45,DSL,Yes,No
7590-C3998,22,Two year,Bank transfer,70.01,1520.69,Fiber optic,No,No
7590-C3999,57,Month-to-month,Credit card,113.72,6647.55,Fiber optic,No,Yes
7590-C4000,66,Two year,Mailed check,75.24,5132.56,No,No,No
7590-C4001,71,Month-to-month,Credit card,66.87,4618.85,DSL,No,No
7590-C4002,35,Two year,Bank transfer,56.58,2056.0,Fiber optic,No,No
7590-C4003,12,Month-to-month,Electronic check,65.12,795.0,DSL,Yes,Yes
7590-C4004,22,Two year,Credit card,27.19,586.56,Fiber optic,No,No
7590-C4005,53,Two year,Electronic check,95.65,4968.29,No,Yes,No
7590-C4006,23,Month-to-month,Credit card,113.02,2638.91,No,No,No
7590-C4007,30,Month-to-month,Mailed check,112.62,3482.96,No,Yes,No
7590-C4008,65,Month-to-month,Mailed check,88.88,5892.15,No,No,No
7590-C4009,6,One year,Credit card,76.35,439.02,Fiber optic,Yes,No
7590-C4010,38,One year,Electronic check,55.49,2153.05,No,No,No
7590-C4011,25,One year,Electronic check,43.1,1030.71,DSL,No,No
7590-C4012,28,Month-to-month,Bank transfer,94.18,2566.77,DSL,No,Yes
7590-C4013,32,One year,Bank transfer,57.09,1761.45,DSL,Yes,Yes
7590-C4014,45,Month-to-month,Credit card,87.08,4053.3,DSL,No,Yes
7590-C4015,32,One year,Electronic check,23.35,759.84,No,Yes,No
7590-C4016,51,Month-to-month,Bank transfer,57.56,2968.29,No,Yes,No
7590-C4017,6,Month-to-month,Electronic check,32.67,195.63,Fiber optic,No,No
7590-C4018,33,Month-to-month,Bank transfer,79.35,2568.93,Fiber optic,No,No
7590-C4019,29,One year,Electronic check,45.46,1312.39,No,Yes,No
7590-C4020,1,Month-to-month,Bank transfer,52.06,54.17,Fiber optic,No,Yes
7590-C4021,49,Two year,Mailed check,63.24,3221.57,No,Yes,No
7590-C4022,66,Month-to-month,Mailed check,52.69,3642.99,No,No,No
7590-C4023,32,Two year,Mailed check,49.1,1518.19,No,No,No
7590-C4024,10,One year,Electronic check,79.16,792.71,Fiber optic,No,No
7590-C4025,10,Month-to-month,Credit card,102.38,1019.52,Fiber optic,Yes,Yes
7590-C4026,49,Month-to-month,Mailed check,66.36,3272.13,DSL,No,No
7590-C4027,39,One year,Bank transfer,20.88,851.04,No,No,No
7590-C4028,56,One year,Bank transfer,48.37,2795.67,DSL,Yes,No
7590-C4029,67,Month-to-month,Credit card,54.91,3735.14,DSL,No,No
7590-C4030,6,One year,Credit card,20.85,125.06,Fiber optic,Yes,Yes
7590-C4031,40,One year,Electronic check,95.24,3746.35,No,Yes,No
7590-C4032,39,One year,Credit card,54.96,2042.2,No,Yes,No
7590-C4033,15,Month-to-month,Mailed check,100.52,1576.02,Fiber optic,No,Yes
7590-C4034,31,Month-to-month,Bank transfer,66.37,2024.58,DSL,No,Yes
7590-C4035,43,One year,Credit card,106.66,4788.9,DSL,No,No
7590-C4036,47,Month-to-month,Electronic check,74.44,3506.46,No,Yes,Yes
7590-C4037,12,One year,Mailed check,68.32,838.69,Fiber optic,Yes,No
7590-C4038,42,Two year,Electronic check,20.52,825.37,Fiber optic,Yes,No
7590-C4039,41,One year,Electronic check,94.7,3878.55,Fiber optic,No,No
7590-C4040,48,Month-to-month,Bank transfer,97.02,4748.75,DSL,No,Yes
7590-C4041,40,One year,Credit card,62.16,,Fiber optic,Yes,No
7590-C4042,66,Two year,Bank transfer,49.25,3217.34,No,Yes,No
7590-C4043,15,Two year,Mailed check,92.3,1383.2,No,Yes,No
7590-C4044,67,Two year,Credit card,102.66,6626.36,DSL,No,No
7590-C4045,3,One year,Electronic check,22.2,64.18,Fiber optic,Yes,Yes
7590-C4046,23,One year,Credit card,33.57,757.05,Fiber optic,No,No
7590-C4047,29,Month-to-month,Credit card,33.19,1007.32,DSL,Yes,No
7590-C4048,21,Two year,Mailed check,79.42,1640.5,Fiber optic,No,No
7590-C4049,57,Two year,Credit card,44.23,2508.45,Fiber optic,Yes,No
7590-C4050,7,Two year,Credit card,79.55,554.8,DSL,No,No
7590-C4051,4,Two year,Bank transfer,20.31,78.99,DSL,Yes,Yes
7590-C4052,68,Month-to-month,Electronic check,65.61,4444.98,DSL,Yes,Yes
7590-C4053,30,Month-to-month,Credit card,113.57,3503.62,No,No,Yes
7590-C4054,47,Month-to-month,Credit card,42.55,1969.77,No,Yes,No
7590-C4055,69,One year,Credit card,91.59,6212.79,No,No,No
7590-C4056,13,Month-to-month,Credit card,34.71,457.78,DSL,Yes,No
7590-C4057,54,One year,Mailed check,54.7,3037.24,DSL,No,No
7590-C4058,51,One year,Electronic check,28.23,1452.69,No,No,No
7590-C4059,58,One year,Mailed check,54.7,3150.19,DSL,Yes,No
7590-C4060,17,Month-to-month,Mailed check,34.82,565.35,Fiber optic,No,Yes
7590-C4061,56,Two year,Bank transfer,95.44,5571.57,DSL,Yes,No
7590-C4062,10,Two year,Mailed check,103.8,1075.5,DSL,No,No
7590-C4063,3,Two year,Mailed check,23.62,70.13,No,No,Yes
7590-C4064,40,Month-to-month,Mailed check,83.3,3182.17,Fiber optic,No,Yes
7590-C4065,70,Month-to-month,Electronic check,66.67,4683.43,DSL,No,No
7590-C4066,12,One year,Bank transfer,37.25,447.55,No,Yes,No
7590-C4067,50,Month-to-month,Bank transfer,101.82,4847.69,Fiber optic,Yes,No
7590-C4068,32,Month-to-month,Bank transfer,89.41,2718.81,DSL,Yes,No
7590-C4069,35,Two year,Electronic check,79.49,2646.86,No,Yes,Yes
7590-C4070,13,Month-to-month,Credit card,66.47,896.52,DSL,No,Yes
7590-C4071,68,Month-to-month,Credit card,63.79,4383.48,No,No,No
7590-C4072,60,Month-to-month,Bank transfer,48.9,2969.04,DSL,No,No
7590-C4073,24,Month-to-month,Credit card,74.88,1710.85,No,Yes,Yes
7590-C4074,34,Month-to-month,Credit card,64.35,2262.92,No,No,Yes
7590-C4075,56,Two year,Electronic check,92.27,5294.34,No,No,No
7590-C4076,61,Month-to-month,Bank transfer,40.22,2371.68,No,Yes,No
7590-C4077,38,Month-to-month,Bank transfer,73.84,2850.33,Fiber optic,No,Yes
7590-C4078,67,Month-to-month,Credit card,67.73,4351.43,DSL,Yes,Yes
7590-C4079,56,Month-to-month,Mailed check,29.55,1723.67,Fiber optic,Yes,No
7590-C4080,5,Month-to-month,Bank transfer,25.34,127.49,DSL,No,Yes
7590-C4081,62,Two year,Mailed check,54.52,3349.02,DSL,No,No
7590-C4082,2,Two year,Mailed check,107.07,207.83,No,Yes,Yes
7590-C4083,5,One year,Electronic check,33.68,173.45,DSL,No,No
7590-C4084,27,Month-to-month,Bank transfer,117.6,3113.65,No,Yes,No
7590-C4085,15,Month-to-month,Mailed check,79.21,1172.35,Fiber optic,No,No
7590-C4086,58,One year,Bank transfer,71.28,4123.25,DSL,No,No
7590-C4087,50,Two year,Mailed check,58.37,2824.56,No,No,No
7590-C4088,25,Month-to-month,Bank transfer,106.01,2645.21,DSL,No,Yes
7590-C4089,2,Month-to-month,Mailed check,97.06,203.65,No,Yes,Yes
7590-C4090,18,Two year,Credit card,54.77,958.4,DSL,Yes,No
7590-C4091,23,Two year,Credit card,92.17,,DSL,Yes,No
7590-C4092,24,Two year,Electronic check,32.58,815.69,No,Yes,No
7590-C4093,19,Month-to-month,Mailed check,68.85,1253.32,No,Yes,Yes
7590-C4094,64,Two year,Bank transfer,94.07,5929.45,DSL,No,No
7590-C4095,61,Two year,Electronic check,102.43,6410.25,DSL,Yes,No
7590-C4096,46,One year,Mailed check,109.47,4937.93,DSL,Yes,No
7590-C4097,48,Month-to-month,Mailed check,79.39,3960.28,No,Yes,No
7590-C4098,43,Two year,Credit card,74.14,3268.06,No,Yes,No
7590-C4099,28,Month-to-month,Bank transfer,20.53,566.71,No,Yes,Yes
7590-C4100,16,One year,Credit card,25.18,404.9,No,No,No
7590-C4101,51,Two year,Mailed check,29.14,1457.86,No,Yes,No
7590-C4102,17,Month-to-month,Credit card,74.97,1265.83,Fiber optic,Yes,No
7590-C4103,64,Two year,Credit card,72.7,4645.31,DSL,No,No
7590-C4104,12,Two year,Credit card,62.24,749.12,No,No,No
7590-C4105,6,Two year,Mailed check,42.18,246.2,No,No,No
7590-C4106,7,Two year,Bank transfer,94.2,640.89,No,No,No
7590-C4107,17,Month-to-month,Mailed check,27.0,465.51,No,Yes,Yes
7590-C4108,68,Month-to-month,Electronic check,76.4,4942.33,Fiber optic,Yes,No
7590-C4109,32,One year,Electronic check,44.39,1490.09,No,No,No
7590-C4110,26,Month-to-month,Electronic check,40.1,993.03,DSL,No,No
7590-C4111,46,Month-to-month,Bank transfer,63.22,2965.16,Fiber optic,No,No
7590-C4112,56,Two year,Mailed check,37.88,2206.18,Fiber optic,Yes,No
7590-C4113,17,Month-to-month,Credit card,45.92,745.07,Fiber optic,Yes,Yes
7590-C4114,34,Month-to-month,Mailed check,34.33,1210.58,DSL,Yes,Yes
7590-C4115,72,Month-to-month,Bank transfer,59.71,4289.59,No,Yes,No
7590-C4116,21,Two year,Mailed check,86.3,1822.41,DSL,Yes,No
7590-C4117,52,Month-to-month,Mailed check,22.73,1235.77,DSL,No,Yes
7590-C4118,68,Month-to-month,Electronic check,93.7,6316.82,No,No,No
7590-C4119,30,One year,Mailed check,42.72,1229.24,No,Yes,No
7590-C4120,10,Two year,Bank transfer,24.85,253.54,DSL,No,No
7590-C4121,47,One year,Mailed check,56.34,2681.62,DSL,No,No
7590-C4122,40,Month-to-month,Bank transfer,22.44,863.99,DSL,No,No
7590-C4123,9,Two year,Bank transfer,48.21,425.94,No,No,No
7590-C4124,29,Month-to-month,Bank transfer,56.85,1618.45,Fiber optic,No,No
7590-C4125,4,Two year,Bank transfer,94.5,396.65,DSL,No,No
7590-C4126,38,One year,Mailed check,73.75,2828.61,Fiber optic,Yes,Yes
7590-C4127,40,Month-to-month,Credit card,62.17,2472.72,Fiber optic,Yes,No
7590-C4128,22,Two year,Electronic check,31.48,724.49,Fiber optic,Yes,No
7590-C4129,27,Month-to-month,Mailed check,38.86,1060.61,No,Yes,Yes
7590-C4130,47,One year,Bank transfer,23.13,1071.27,DSL,No,No
7590-C4131,13,Two year,Credit card,46.69,623.6,Fiber optic,Yes,Yes
7590-C4132,25,Month-to-month,Electronic check,35.34,902.1,Fiber optic,Yes,Yes
7590-C4133,11,Month-to-month,Mailed check,68.99,790.17,DSL,Yes,No
7590-C4134,40,Month-to-month,Credit card,57.36,2202.68,DSL,Yes,No
7590-C4135,59,Month-to-month,Electronic check,63.42,3651.43,DSL,Yes,No
7590-C4136,51,Month-to-month,Electronic check,56.33,2844.14,Fiber optic,No,No
7590-C4137,64,Month-to-month,Electronic check,84.66,5620.2,Fiber optic,Yes,Yes
7590-C4138,49,Month-to-month,Credit card,45.94,2324.08,DSL,No,Yes
7590-C4139,21,Month-to-month,Credit card,85.71,1725.79,Fiber optic,No,Yes
7590-C4140,55,Month-to-month,Bank transfer,27.46,1538.65,DSL,Yes,No
7590-C4141,1,Month-to-month,Credit card,66.53,64.55,Fiber optic,Yes,Yes
7590-C4142,27,Month-to-month,Mailed check,53.53,1467.31,Fiber optic,Yes,No
7590-C4143,18,Two year,Credit card,100.55,1845.99,Fiber optic,Yes,No
7590-C4144,16,One year,Mailed check,108.01,1798.73,Fiber optic,Yes,No
7590-C4145,10,One year,Mailed check,94.49,934.86,DSL,Yes,No
7590-C4146,24,Month-to-month,Bank transfer,38.93,959.2,Fiber optic,Yes,Yes
7590-C4147,45,Month-to-month,Bank transfer,77.02,3578.33,DSL,Yes,No
7590-C4148,47,Month-to-month,Electronic check,116.37,5412.8,DSL,No,Yes
7590-C4149,4,One year,Credit card,47.04,192.89,Fiber optic,No,Yes
7590-C4150,11,Month-to-month,Mailed check,104.27,1091.41,No,No,No
7590-C4151,24,Month-to-month,Electronic check,62.28,1565.68,DSL,Yes,No
7590-C4152,58,Month-to-month,Electronic check,56.56,3443.33,Fiber optic,Yes,No
7590-C4153,9,One year,Electronic check,25.0,216.61,Fiber optic,Yes,No
7590-C4154,37,Month-to-month,Electronic check,113.05,4205.08,No,Yes,No
7590-C4155,71,Month-to-month,Bank transfer,26.88,1875.71,No,Yes,No
7590-C4156,60,Two year,Mailed check,87.48,5091.71,No,No,No
7590-C4157,67,Month-to-month,Electronic check,65.45,4230.18,DSL,No,No
7590-C4158,56,One year,Electronic check,68.17,3920.22,DSL,Yes,No
7590-C4159,32,One year,Bank transfer,29.76,938.6,Fiber optic,No,No
7590-C4160,31,Month-to-month,Electronic check,49.19,1466.97,Fiber optic,Yes,No
7590-C4161,21,One year,Mailed check,23.28,482.42,No,No,No
7590-C4162,64,Month-to-month,Bank transfer,41.4,2618.71,DSL,Yes,Yes
7590-C4163,10,Month-to-month,Mailed check,45.89,478.97,Fiber optic,No,Yes
7590-C4164,72,Two year,Credit card,52.3,3724.44,DSL,Yes,No
7590-C4165,6,Month-to-month,Bank transfer,69.34,404.76,DSL,Yes,Yes
7590-C4166,37,Month-to-month,Electronic check,61.68,2258.29,Fiber optic,No,Yes
7590-C4167,56,Month-to-month,Electronic check,85.32,4652.18,DSL,Yes,No
7590-C4168,17,One year,Bank transfer,63.12,1098.45,No,Yes,No
7590-C4169,64,Two year,Credit card,61.55,3894.45,DSL,Yes,No
7590-C4170,31,Month-to-month,Electronic check,81.15,2446.01,No,No,No
7590-C4171,39,Two year,Electronic check,97.96,3797.47,No,No,No
7590-C4172,49,Month-to-month,Credit card,68.18,3443.41,DSL,No,No
7590-C4173,54,Month-to-month,Credit card,50.42,2795.89,DSL,Yes,No
7590-C4174,28,Month-to-month,Credit card,88.62,2426.0,DSL,Yes,Yes
7590-C4175,70,Two year,Credit card,100.85,7372.11,No,Yes,No
7590-C4176,33,Month-to-month,Electronic check,84.81,2808.22,Fiber optic,No,Yes
7590-C4177,49,Month-to-month,Bank transfer,98.72,4849.27,No,Yes,Yes
7590-C4178,71,Two year,Mailed check,75.3,5357.5,Fiber optic,No,No
7590-C4179,68,Month-to-month,Electronic check,42.55,3035.56,DSL,Yes,No
7590-C4180,61,One year,Electronic check,89.93,5542.44,No,No,No
7590-C4181,36,Month-to-month,Credit card,56.82,2124.8,No,No,No
7590-C4182,32,Two year,Mailed check,99.36,3042.79,Fiber optic,Yes,No
7590-C4183,9,Two year,Credit card,86.04,775.49,Fiber optic,Yes,No
7590-C4184,7,Two year,Electronic check,47.8,335.64,Fiber optic,No,No
7590-C4185,41,One year,Credit card,61.52,2586.86,No,No,No
7590-C4186,60,Month-to-month,Electronic check,50.47,3127.15,Fiber optic,Yes,Yes
7590-C4187,61,Month-to-month,Bank transfer,34.84,2075.2,DSL,No,No
7590-C4188,53,One year,Electronic check,98.59,5250.58,DSL,No,No
7590-C4189,18,Month-to-month,Credit card,98.49,1710.65,DSL,No,No
7590-C4190,43,Month-to-month,Bank transfer,115.81,5191.25,DSL,No,No
7590-C4191,62,Month-to-month,Credit card,100.94,6130.98,Fiber optic,No,No
7590-C4192,1,Month-to-month,Credit card,94.69,94.3,No,No,No
7590-C4193,19,Month-to-month,Credit card,75.16,1494.67,Fiber optic,No,No
7590-C4194,47,Two year,Mailed check,84.53,3954.48,No,Yes,No
7590-C4195,23,One year,Mailed check,46.36,1111.42,No,Yes,Yes
7590-C4196,43,Two year,Mailed check,55.88,2377.48,Fiber optic,Yes,No
7590-C4197,27,Month-to-month,Mailed check,56.47,1460.56,DSL,No,No
7590-C4198,55,Month-to-month,Mailed check,39.42,2060.57,Fiber optic,Yes,No
7590-C4199,64,Two year,Bank transfer,33.21,2075.6,Fiber optic,No,No
7590-C4200,61,Month-to-month,Credit card,53.78,3126.36,No,No,No
7590-C4201,41,Two year,Mailed check,44.45,1900.69,DSL,No,No
7590-C4202,18,One year,Electronic check,51.42,945.39,DSL,No,No
7590-C4203,24,Month-to-month,Bank transfer,78.83,1896.18,DSL,No,No
7590-C4204,13,Month-to-month,Bank transfer,73.03,935.97,No,Yes,No
7590-C4205,6,One year,Credit card,24.04,148.94,No,Yes,No
7590-C4206,28,Month-to-month,Credit card,22.26,611.67,Fiber optic,No,Yes
7590-C4207,55,Month-to-month,Electronic check,92.4,5060.76,Fiber optic,Yes,No
7590-C4208,66,One year,Bank transfer,85.22,5493.21,No,No,No
7590-C4209,22,One year,Electronic check,77.05,1680.22,No,Yes,No
7590-C4210,10,Month-to-month,Mailed check,61.5,597.12,No,Yes,Yes
7590-C4211,14,One year,Bank transfer,44.21,591.9,Fiber optic,No,No
7590-C4212,44,Month-to-month,Mailed check,41.36,1743.86,DSL,No,Yes
7590-C4213,6,One year,Credit card,47.87,280.9,No,Yes,No
7590-C4214,69,Month-to-month,Bank transfer,115.85,8170.43,No,Yes,No
7590-C4215,20,Two year,Mailed check,77.51,1518.66,Fiber optic,Yes,No
7590-C4216,1,Month-to-month,Mailed check,91.58,90.33,DSL,No,Yes
7590-C4217,29,Month-to-month,Mailed check,93.22,2741.77,No,Yes,No
7590-C4218,30,One year,Credit card,59.37,1785.53,No,No,No
7590-C4219,17,One year,Bank transfer,57.3,976.16,DSL,No,No
7590-C4220,64,Month-to-month,Bank transfer,58.23,3707.9,Fiber optic,Yes,Yes
7590-C4221,72,Month-to-month,Credit card,54.43,3800.69,Fiber optic,No,Yes
7590-C4222,20,Month-to-month,Electronic check,53.23,1088.83,No,No,No
7590-C4223,24,Month-to-month,Bank transfer,103.91,2488.19,Fiber optic,Yes,Yes
7590-C4224,3,One year,Bank transfer,116.36,361.23,DSL,Yes,No
7590-C4225,41,Month-to-month,Mailed check,92.95,3821.02,No,No,No
7590-C4226,9,Month-to-month,Mailed check,23.89,208.21,Fiber optic,Yes,Yes
7590-C4227,16,Month-to-month,Bank transfer,42.09,647.76,DSL,Yes,Yes
7590-C4228,20,Month-to-month,Electronic check,72.86,1514.28,Fiber optic,No,No
7590-C4229,53,Two year,Electronic check,107.99,5681.02,DSL,No,No
7590-C4230,52,Month-to-month,Electronic check,37.23,2012.88,Fiber optic,No,No
7590-C4231,26,Month-to-month,Mailed check,38.15,1030.35,DSL,Yes,Yes
7590-C4232,56,Month-to-month,Mailed check,56.28,3200.37,DSL,No,Yes
7590-C4233,39,One year,Credit card,86.43,3455.89,Fiber optic,Yes,No
7590-C4234,42,One year,Electronic check,80.61,3337.66,DSL,No,No
7590-C4235,15,Month-to-month,Mailed check,33.04,520.06,No,Yes,No
7590-C4236,13,Month-to-month,Electronic check,65.55,882.19,DSL,Yes,Yes
7590-C4237,26,Two year,Electronic check,111.43,2798.04,DSL,No,No
7590-C4238,21,Month-to-month,Credit card,81.08,1706.17,DSL,Yes,No
7590-C4239,9,One year,Electronic check,85.0,790.64,Fiber optic,No,No
7590-C4240,50,Month-to-month,Mailed check,88.3,4252.68,DSL,No,No
7590-C4241,68,Month-to-month,Credit card,81.08,5271.49,Fiber optic,No,No
7590-C4242,35,Month-to-month,Bank transfer,77.91,2694.0,No,Yes,No
7590-C4243,69,Month-to-month,Credit card,55.96,3970.43,DSL,Yes,Yes
7590-C4244,12,Month-to-month,Electronic check,98.27,1145.95,DSL,No,Yes
7590-C4245,25,Two year,Credit card,89.33,2271.69,DSL,Yes,No
7590-C4246,17,Two year,Credit card,105.88,1841.93,Fiber optic,No,No
7590-C4247,19,One year,Bank transfer,37.39,,No,Yes,No
7590-C4248,50,Two year,Mailed check,54.51,2752.1,DSL,Yes,No
7590-C4249,70,One year,Electronic check,20.33,1480.6,Fiber optic,Yes,No
7590-C4250,4,One year,Electronic check,109.9,439.49,No,Yes,Yes
7590-C4251,13,Month-to-month,Mailed check,81.62,1038.88,No,No,Yes
7590-C4252,58,Two year,Bank transfer,52.6,3054.72,Fiber optic,No,No
7590-C4253,28,One year,Bank transfer,73.54,1970.51,Fiber optic,Yes,Yes
7590-C4254,47,Two year,Mailed check,62.66,2965.41,Fiber optic,Yes,No
7590-C4255,28,Month-to-month,Mailed check,24.83,706.31,Fiber optic,No,No
7590-C4256,46,Two year,Mailed check,66.47,3089.49,Fiber optic,Yes,No
7590-C4257,55,One year,Bank transfer,23.0,1271.85,No,No,No
7590-C4258,3,Two year,Credit card,39.44,114.99,Fiber optic,Yes,No
7590-C4259,52,Two year,Bank transfer,73.49,3926.94,DSL,Yes,No
7590-C4260,59,Two year,Electronic check,31.42,1824.22,Fiber optic,Yes,No
7590-C4261,2,One year,Bank transfer,108.24,223.35,DSL,No,No
7590-C4262,29,Two year,Electronic check,63.12,1814.54,No,No,No
7590-C4263,23,Month-to-month,Mailed check,58.45,1316.39,Fiber optic,No,Yes
7590-C4264,65,One year,Credit card,38.19,2548.53,DSL,No,No
7590-C4265,7,Month-to-month,Credit card,97.44,672.32,DSL,Yes,No
7590-C4266,7,Month-to-month,Electronic check,88.53,622.1,DSL,Yes,Yes
7590-C4267,53,Month-to-month,Credit card,57.56,2919.6,No,No,No
7590-C4268,5,Month-to-month,Credit card,116.21,554.85,Fiber optic,No,Yes
7590-C4269,45,Month-to-month,Credit card,99.35,4359.24,No,No,No
7590-C4270,56,Two year,Mailed check,67.19,3917.67,Fiber optic,No,No
7590-C4271,52,One year,Electronic check,75.68,3860.18,DSL,Yes,No
7590-C4272,46,One year,Mailed check,57.62,,No,Yes,No
7590-C4273,28,Two year,Bank transfer,27.21,735.07,DSL,Yes,No
7590-C4274,31,Month-to-month,Mailed check,80.94,2435.31,No,Yes,Yes
7590-C4275,13,Month-to-month,Credit card,77.68,984.57,DSL,Yes,No
7590-C4276,54,Two year,Bank transfer,71.93,3816.07,No,No,No
7590-C4277,56,Two year,Mailed check,31.08,1771.62,DSL,No,No
7590-C4278,31,Two year,Credit card,66.44,1968.8,DSL,No,No
7590-C4279,41,Month-to-month,Mailed check,39.57,1542.46,Fiber optic,Yes,No
7590-C4280,39,Month-to-month,Electronic check,40.76,1650.91,DSL,No,Yes
7590-C4281,62,One year,Credit card,76.61,4934.19,No,No,No
7590-C4282,43,Two year,Electronic check,79.15,3488.12,DSL,No,No
7590-C4283,33,Month-to-month,Credit card,98.27,3114.71,DSL,No,Yes
7590-C4284,2,One year,Electronic check,61.92,126.11,DSL,Yes,No
7590-C4285,38,Two year,Credit card,28.71,1082.56,DSL,No,No
7590-C4286,25,Month-to-month,Bank transfer,23.87,624.25,DSL,No,Yes
7590-C4287,40,One year,Credit card,34.66,1356.95,Fiber optic,No,No
7590-C4288,68,Month-to-month,Electronic check,42.31,2825.45,Fiber optic,Yes,Yes
7590-C4289,39,Month-to-month,Mailed check,51.5,1972.62,No,Yes,No
7590-C4290,17,One year,Bank transfer,64.13,1075.17,Fiber optic,No,No
7590-C4291,25,One year,Bank transfer,55.52,1450.49,Fiber optic,No,Yes
7590-C4292,70,Two year,Credit card,65.24,4448.46,No,Yes,No
7590-C4293,25,One year,Credit card,86.67,2081.93,Fiber optic,Yes,No
7590-C4294,44,Two year,Bank transfer,55.04,2488.25,DSL,No,No
7590-C4295,60,One year,Mailed check,106.29,6295.79,DSL,Yes,No
7590-C4296,30,One year,Bank transfer,68.66,1965.75,Fiber optic,Yes,No
7590-C4297,6,One year,Credit card,69.61,404.36,DSL,No,No
7590-C4298,7,Month-to-month,Electronic check,88.31,625.43,No,Yes,No
7590-C4299,26,Two year,Electronic check,82.69,2168.13,No,Yes,No
7590-C4300,38,Month-to-month,Mailed check,95.63,3502.08,No,No,Yes
7590-C4301,15,Two year,Bank transfer,69.08,999.24,Fiber optic,No,Yes
7590-C4302,18,Month-to-month,Bank transfer,78.83,1425.68,Fiber optic,Yes,Yes
7590-C4303,45,Month-to-month,Electronic check,104.54,4698.95,DSL,No,No
7590-C4304,69,Month-to-month,Electronic check,87.6,5810.61,No,No,No
7590-C4305,68,One year,Credit card,56.27,3871.89,Fiber optic,No,No
7590-C4306,8,Two year,Electronic check,47.51,391.93,No,Yes,No
7590-C4307,26,Two year,Credit card,42.64,1078.98,Fiber optic,Yes,No
7590-C4308,38,Month-to-month,Mailed check,117.27,4326.1,DSL,Yes,No
7590-C4309,52,Two year,Credit card,27.2,1395.63,No,No,No
7590-C4310,44,Month-to-month,Bank transfer,55.18,2396.43,Fiber optic,Yes,No
7590-C4311,31,Month-to-month,Mailed check,58.93,1875.63,DSL,No,Yes
7590-C4312,41,Month-to-month,Mailed check,36.4,1434.86,Fiber optic,Yes,No
7590-C4313,65,Two year,Mailed check,113.82,7399.14,No,No,No
7590-C4314,54,One year,Mailed check,103.3,5469.57,No,Yes,No
7590-C4315,13,Two year,Electronic check,62.93,836.86,No,Yes,No
7590-C4316,46,One year,Electronic check,114.83,5121.55,Fiber optic,Yes,No
7590-C4317,57,One year,Electronic check,22.31,1212.31,Fiber optic,Yes,No
7590-C4318,35,Two year,Electronic check,63.78,2277.84,Fiber optic,Yes,No
7590-C4319,12,Month-to-month,Mailed check,54.68,675.76,DSL,No,Yes
7590-C4320,22,Two year,Bank transfer,77.27,1686.57,Fiber optic,Yes,No
7590-C4321,62,Month-to-month,Credit card,97.76,5950.73,Fiber optic,No,No
7590-C4322,63,One year,Credit card,42.05,2669.35,DSL,Yes,No
7590-C4323,52,Month-to-month,Credit card,100.29,5187.38,DSL,No,No
7590-C4324,35,One year,Mailed check,28.09,987.04,Fiber optic,No,No
7590-C4325,57,One year,Bank transfer,110.84,6086.54,No,No,No
7590-C4326,6,Month-to-month,Electronic check,108.04,665.43,No,Yes,No
7590-C4327,32,Month-to-month,Credit card,40.62,1277.05,No,Yes,Yes
7590-C4328,41,Two year,Mailed check,41.65,1752.61,Fiber optic,No,No
7590-C4329,27,Month-to-month,Bank transfer,26.95,752.47,No,No,Yes
7590-C4330,14,One year,Mailed check,40.86,561.99,No,Yes,No
7590-C4331,27,Two year,Electronic check,23.72,631.03,DSL,No,No
7590-C4332,30,One year,Bank transfer,45.48,1297.08,No,Yes,No
7590-C4333,61,One year,Credit card,46.66,2880.89,DSL,No,No
7590-C4334,66,Month-to-month,Mailed check,53.8,3425.65,DSL,No,No
7590-C4335,22,Month-to-month,Electronic check,102.79,2371.76,Fiber optic,Yes,No
7590-C4336,2,Two year,Credit card,105.07,207.92,DSL,No,No
7590-C4337,57,Month-to-month,Credit card,93.16,5335.79,Fiber optic,Yes,No
7590-C4338,16,Month-to-month,Electronic check,62.55,1021.88,No,Yes,No
7590-C4339,33,Two year,Bank transfer,62.69,2064.49,No,Yes,No
7590-C4340,30,Month-to-month,Credit card,117.07,3584.81,Fiber optic,No,No
7590-C4341,5,One year,Mailed check,47.64,226.57,Fiber optic,No,Yes
7590-C4342,6,Month-to-month,Electronic check,115.74,668.24,DSL,No,No
7590-C4343,4,Month-to-month,Bank transfer,42.26,167.8,Fiber optic,Yes,No
7590-C4344,43,Two year,Bank transfer,58.01,2473.7,Fiber optic,Yes,No
7590-C4345,53,Month-to-month,Mailed check,105.79,5868.97,No,Yes,No
7590-C4346,14,Month-to-month,Electronic check,76.1,1090.35,No,Yes,No
7590-C4347,6,One year,Credit card,56.75,327.41,Fiber optic,No,No
7590-C4348,50,Month-to-month,Credit card,89.24,4653.01,No,No,Yes
7590-C4349,46,Month-to-month,Mailed check,86.89,3798.85,No,No,No
7590-C4350,1,Two year,Mailed check,28.65,29.63,No,No,No
7590-C4351,3,Month-to-month,Mailed check,117.03,361.97,No,No,Yes
7590-C4352,24,One year,Credit card,87.15,2029.75,DSL,No,No
7590-C4353,4,Month-to-month,Credit card,101.07,390.8,Fiber optic,Yes,Yes
7590-C4354,68,Month-to-month,Credit card,38.58,2546.56,No,Yes,No
7590-C4355,16,Month-to-month,Credit card,23.45,377.32,DSL,No,No
7590-C4356,62,Month-to-month,Bank transfer,60.26,3815.9,No,No,No
7590-C4357,59,One year,Bank transfer,117.02,7212.55,No,Yes,No
7590-C4358,55,One year,Mailed check,93.75,4935.09,Fiber optic,No,No
7590-C4359,18,Month-to-month,Credit card,82.32,1492.95,No,No,Yes
7590-C4360,60,Month-to-month,Electronic check,104.75,6324.49,No,Yes,Yes
7590-C4361,45,Month-to-month,Bank transfer,67.19,3154.35,Fiber optic,No,No
7590-C4362,13,Two year,Bank transfer,116.67,1541.09,No,Yes,No
7590-C4363,45,Month-to-month,Mailed check,47.05,2061.99,DSL,No,No
7590-C4364,57,Month-to-month,Bank transfer,43.85,2453.74,Fiber optic,Yes,No
7590-C4365,16,One year,Credit card,26.83,413.83,DSL,Yes,Yes
7590-C4366,67,Month-to-month,Credit card,116.23,8072.86,No,No,No
7590-C4367,39,Month-to-month,Electronic check,114.48,4364.04,DSL,Yes,No
7590-C4368,68,Month-to-month,Credit card,110.55,7871.25,Fiber optic,No,Yes
7590-C4369,26,Month-to-month,Mailed check,21.54,534.27,No,Yes,Yes
7590-C4370,7,Month-to-month,Credit card,90.28,646.32,Fiber optic,No,Yes
7590-C4371,8,Month-to-month,Bank transfer,102.42,,Fiber optic,No,Yes
7590-C4372,62,One year,Mailed check,107.41,6855.75,No,Yes,No
7590-C4373,23,Month-to-month,Mailed check,85.92,2006.62,DSL,Yes,No
7590-C4374,16,Month-to-month,Bank transfer,60.91,1015.93,Fiber optic,No,Yes
7590-C4375,48,Month-to-month,Electronic check,64.42,3080.42,DSL,No,No
7590-C4376,38,One year,Bank transfer,116.54,4421.38,DSL,Yes,No
7590-C4377,25,Month-to-month,Bank transfer,116.15,2780.07,DSL,No,No
7590-C4378,40,Month-to-month,Bank transfer,116.42,4621.62,Fiber optic,Yes,No
7590-C4379,1,Month-to-month,Mailed check,84.12,82.11,DSL,No,Yes
7590-C4380,66,One year,Electronic check,53.35,3458.67,Fiber optic,Yes,No
7590-C4381,47,Month-to-month,Electronic check,90.42,4430.61,Fiber optic,Yes,No
7590-C4382,58,Month-to-month,Bank transfer,38.24,2322.2,No,Yes,Yes
7590-C4383,38,Month-to-month,Bank transfer,45.16,1791.46,DSL,Yes,Yes
7590-C4384,15,Month-to-month,Electronic check,92.72,1372.44,Fiber optic,Yes,Yes
7590-C4385,18,Month-to-month,Bank transfer,104.85,1902.27,No,No,Yes
7590-C4386,44,Month-to-month,Electronic check,99.71,4591.47,Fiber optic,No,Yes
7590-C4387,1,Month-to-month,Electronic check,31.46,31.66,Fiber optic,No,Yes
7590-C4388,37,One year,Credit card,75.38,2880.53,No,No,No
7590-C4389,13,Month-to-month,Credit card,39.19,534.39,Fiber optic,Yes,No
7590-C4390,69,Month-to-month,Credit card,37.66,2613.79,Fiber optic,Yes,No
7590-C4391,47,Month-to-month,Credit card,61.41,2785.71,DSL,No,No
7590-C4392,33,Month-to-month,Bank transfer,28.73,947.51,Fiber optic,Yes,Yes
7590-C4393,12,Two year,Electronic check,75.64,911.03,No,Yes,No
7590-C4394,68,Month-to-month,Credit card,89.2,5938.69,DSL,Yes,No
7590-C4395,30,One year,Mailed check,105.87,3063.17,Fiber optic,No,Yes
7590-C4396,48,Month-to-month,Electronic check,37.02,1720.88,DSL,Yes,Yes
7590-C4397,24,Two year,Mailed check,22.17,512.35,No,Yes,No
7590-C4398,63,Month-to-month,Electronic check,102.26,6444.62,DSL,Yes,Yes
7590-C4399,61,One year,Mailed check,21.38,1331.42,Fiber optic,Yes,No
7590-C4400,17,One year,Electronic check,113.6,1837.46,Fiber optic,No,No
7590-C4401,19,One year,Credit card,115.53,2133.59,Fiber optic,Yes,No
7590-C4402,16,Month-to-month,Mailed check,23.05,365.15,Fiber optic,No,Yes
7590-C4403,13,Month-to-month,Electronic check,57.12,742.87,Fiber optic,Yes,No
7590-C4404,3,Month-to-month,Credit card,84.55,245.78,DSL,Yes,Yes
7590-C4405,63,Month-to-month,Electronic check,32.84,2023.07,Fiber optic,No,Yes
7590-C4406,51,One year,Mailed check,48.53,2461.41,No,Yes,No
7590-C4407,25,Month-to-month,Bank transfer,117.09,3005.79,No,Yes,No
7590-C4408,44,One year,Mailed check,104.43,4672.7,Fiber optic,No,No
7590-C4409,59,Two year,Credit card,48.28,2869.09,DSL,No,No
7590-C4410,50,Month-to-month,Bank transfer,113.77,5466.94,DSL,Yes,No
7590-C4411,30,One year,Bank transfer,48.11,1392.88,No,Yes,No
7590-C4412,17,Two year,Credit card,115.66,2063.45,Fiber optic,No,No
7590-C4413,35,Two year,Credit card,56.41,2061.92,Fiber optic,No,No
7590-C4414,68,Month-to-month,Bank transfer,36.98,2445.48,DSL,No,No
7590-C4415,10,Month-to-month,Electronic check,72.25,705.92,No,Yes,Yes
7590-C4416,54,Month-to-month,Electronic check,111.42,6231.61,Fiber optic,No,No
7590-C4417,51,Month-to-month,Bank transfer,113.9,5788.54,Fiber optic,Yes,No
7590-C4418,40,Month-to-month,Electronic check,108.16,4472.61,No,No,No
7590-C4419,9,Two year,Mailed check,110.74,1034.17,Fiber optic,Yes,No
7590-C4420,51,One year,Credit card,62.85,3128.2,No,No,No
7590-C4421,43,One year,Bank transfer,108.56,4807.95,No,No,No
7590-C4422,69,Month-to-month,Credit card,117.39,7853.44,No,Yes,No
7590-C4423,45,Two year,Bank transfer,36.15,1564.14,Fiber optic,Yes,No
7590-C4424,1,Month-to-month,Bank transfer,87.09,86.29,DSL,No,Yes
7590-C4425,22,Month-to-month,Electronic check,82.8,1803.0,No,No,Yes
7590-C4426,7,One year,Credit card,70.66,517.12,No,Yes,No
7590-C4427,9,Two year,Credit card,32.25,297.93,No,No,No
7590-C4428,46,Two year,Mailed check,113.07,5446.99,No,Yes,No
7590-C4429,68,Month-to-month,Electronic check,82.8,5547.64,Fiber optic,No,No
7590-C4430,54,Month-to-month,Bank transfer,96.72,5437.61,No,Yes,No
7590-C4431,12,Two year,Bank transfer,32.45,388.5,No,No,No
7590-C4432,67,Month-to-month,Bank transfer,34.38,2208.73,No,No,Yes
7590-C4433,38,Month-to-month,Bank transfer,97.04,3507.29,Fiber optic,Yes,Yes
7590-C4434,62,Month-to-month,Mailed check,76.37,4822.73,DSL,No,No
7590-C4435,43,Month-to-month,Bank transfer,46.12,2012.6,No,Yes,No
7590-C4436,59,Month-to-month,Electronic check,25.85,1470.69,No,No,No
7590-C4437,13,One year,Mailed check,84.88,1106.89,Fiber optic,Yes,No
7590-C4438,55,Month-to-month,Electronic check,100.67,5454.66,DSL,No,No
7590-C4439,22,Month-to-month,Mailed check,48.69,1021.72,No,Yes,Yes
7590-C4440,65,Month-to-month,Electronic check,36.26,2332.67,DSL,Yes,No
7590-C4441,68,One year,Electronic check,109.15,7725.22,Fiber optic,No,No
7590-C4442,58,Month-to-month,Bank transfer,39.16,2186.7,No,Yes,No
7590-C4443,17,One year,Bank transfer,35.4,599.06,DSL,Yes,No
7590-C4444,56,One year,Mailed check,36.6,2062.57,No,Yes,No
7590-C4445,1,One year,Mailed check,67.42,70.73,No,Yes,Yes
7590-C4446,38,Month-to-month,Bank transfer,31.56,1229.64,DSL,No,Yes
7590-C4447,6,Month-to-month,Electronic check,115.26,711.5,DSL,No,Yes
7590-C4448,3,Two year,Credit card,102.79,299.15,Fiber optic,Yes,Yes
7590-C4449,45,Two year,Electronic check,113.99,4942.05,DSL,No,No
7590-C4450,72,Two year,Bank transfer,63.91,4543.59,Fiber optic,Yes,No
7590-C4451,71,Month-to-month,Credit card,98.32,6752.49,Fiber optic,No,Yes
7590-C4452,24,One year,Mailed check,46.69,1142.01,No,No,No
7590-C4453,14,One year,Electronic check,38.95,569.98,No,Yes,No
7590-C4454,57,One year,Mailed check,31.58,1875.85,No,Yes,No
7590-C4455,30,Month-to-month,Credit card,66.29,2018.51,DSL,Yes,Yes
7590-C4456,59,Month-to-month,Credit card,103.09,6216.03,No,No,Yes
7590-C4457,48,Month-to-month,Electronic check,101.22,4660.56,DSL,Yes,Yes
7590-C4458,32,Month-to-month,Mailed check,27.64,888.63,No,Yes,No
7590-C4459,64,Month-to-month,Electronic check,85.51,5636.57,DSL,Yes,Yes
7590-C4460,25,Two year,Credit card,32.38,774.85,No,Yes,No
7590-C4461,35,Month-to-month,Mailed check,45.23,1555.53,Fiber optic,Yes,Yes
7590-C4462,14,Month-to-month,Credit card,86.63,1196.54,No,No,Yes
7590-C4463,54,One year,Credit card,82.12,4483.59,DSL,No,No
7590-C4464,31,Month-to-month,Mailed check,115.07,3608.46,DSL,No,Yes
7590-C4465,31,One year,Credit card,27.11,878.65,No,No,No
7590-C4466,38,Month-to-month,Electronic check,87.52,3227.15,DSL,Yes,No
7590-C4467,38,Month-to-month,Bank transfer,58.98,2184.7,No,Yes,Yes
7590-C4468,26,One year,Electronic check,85.89,2260.06,Fiber optic,Yes,No
7590-C4469,28,Two year,Credit card,108.48,3055.3,No,Yes,Yes
7590-C4470,57,Two year,Credit card,60.1,3395.09,DSL,No,No
7590-C4471,61,One year,Mailed check,26.84,1710.55,No,No,No
7590-C4472,67,One year,Mailed check,109.7,7712.09,No,Yes,No
7590-C4473,10,Two year,Bank transfer,27.4,276.3,Fiber optic,No,No
7590-C4474,6,Month-to-month,Credit card,33.99,209.54,No,Yes,No
7590-C4475,29,Month-to-month,Electronic check,48.83,1404.66,DSL,Yes,No
7590-C4476,30,Two year,Mailed check,88.13,2633.45,DSL,Yes,No
7590-C4477,18,Month-to-month,Credit card,58.64,1038.81,No,No,No
7590-C4478,47,Month-to-month,Mailed check,117.07,5325.18,DSL,No,No
7590-C4479,49,Month-to-month,Electronic check,37.29,1822.47,DSL,Yes,No
7590-C4480,52,Month-to-month,Credit card,22.98,1153.54,DSL,Yes,No
7590-C4481,7,Two year,Mailed check,87.48,613.96,DSL,No,No
7590-C4482,29,Month-to-month,Credit card,64.35,1778.8,No,No,Yes
7590-C4483,50,Month-to-month,Credit card,82.41,3928.03,DSL,Yes,No
7590-C4484,31,Month-to-month,Electronic check,56.02,1662.98,Fiber optic,Yes,Yes
7590-C4485,8,Month-to-month,Electronic check,31.91,247.17,Fiber optic,No,Yes
7590-C4486,26,Two year,Electronic check,59.92,1600.31,No,Yes,Yes
7590-C4487,3,Two year,Credit card,21.01,61.06,No,No,No
7590-C4488,38,Two year,Credit card,75.32,2984.2,DSL,No,No
7590-C4489,6,Month-to-month,Bank transfer,40.35,253.97,DSL,Yes,No
7590-C4490,39,One year,Bank transfer,75.87,2820.25,DSL,No,No
7590-C4491,62,Month-to-month,Bank transfer,48.34,3001.41,DSL,No,No
7590-C4492,36,One year,Credit card,43.13,1475.92,DSL,No,No
7590-C4493,55,Month-to-month,Electronic check,116.35,6287.99,DSL,No,No
7590-C4494,45,One year,Bank transfer,21.66,971.47,DSL,Yes,No
7590-C4495,8,Two year,Credit card,106.17,853.98,DSL,No,No
7590-C4496,2,Month-to-month,Credit card,55.95,112.05,Fiber optic,No,No
7590-C4497,9,Month-to-month,Electronic check,41.62,363.16,Fiber optic,Yes,No
7590-C4498,60,Month-to-month,Credit card,75.49,4548.63,No,Yes,No
7590-C4499,36,One year,Electronic check,101.14,3687.36,Fiber optic,No,No
7590-C4500,2,Month-to-month,Bank transfer,68.88,135.85,DSL,No,Yes
7590-C4501,21,Month-to-month,Credit card,85.48,1881.99,DSL,Yes,No
7590-C4502,13,Month-to-month,Electronic check,98.11,1275.8,No,No,Yes
7590-C4503,62,One year,Electronic check,73.73,4462.31,No,Yes,No
7590-C4504,70,Two year,Bank transfer,91.53,6492.05,No,Yes,No
7590-C4505,72,Month-to-month,Credit card,36.44,2593.85,Fiber optic,No,No
7590-C4506,42,Month-to-month,Electronic check,76.98,3319.57,DSL,Yes,No
7590-C4507,25,Month-to-month,Electronic check,87.98,2283.6,Fiber optic,No,Yes
7590-C4508,59,Two year,Electronic check,79.44,4900.97,DSL,No,No
7590-C4509,26,Month-to-month,Bank transfer,76.74,2070.55,Fiber optic,Yes,No
7590-C4510,58,Month-to-month,Bank transfer,79.38,4819.2,No,Yes,Yes
7590-C4511,72,Month-to-month,Credit card,60.13,4541.1,Fiber optic,Yes,Yes
7590-C4512,37,Month-to-month,Mailed check,40.12,1439.35,No,No,No
7590-C4513,72,Month-to-month,Electronic check,106.85,7812.53,No,Yes,No
7590-C4514,44,Two year,Electronic check,33.44,1518.12,No,Yes,No
7590-C4515,17,One year,Credit card,40.89,706.46,Fiber optic,No,No
7590-C4516,49,One year,Mailed check,42.21,1971.54,DSL,No,No
7590-C4517,17,Month-to-month,Electronic check,30.08,535.1,Fiber optic,No,Yes
7590-C4518,24,Month-to-month,Mailed check,57.56,1346.06,No,Yes,No
7590-C4519,28,Month-to-month,Electronic check,75.97,2164.72,Fiber optic,No,Yes
7590-C4520,22,Two year,Bank transfer,47.66,1037.5,DSL,No,No
7590-C4521,63,Month-to-month,Mailed check,72.7,4509.38,DSL,No,Yes
7590-C4522,24,Month-to-month,Bank transfer,57.01,1309.39,Fiber optic,Yes,No
7590-C4523,69,One year,Credit card,114.43,7872.39,No,Yes,No
7590-C4524,61,Two year,Bank transfer,38.09,2231.69,DSL,Yes,No
7590-C4525,56,Two year,Electronic check,78.82,4486.1,No,Yes,No
7590-C4526,12,Month-to-month,Credit card,65.87,824.67,No,No,Yes
7590-C4527,39,Month-to-month,Mailed check,95.14,3747.69,DSL,Yes,Yes
7590-C4528,23,Month-to-month,Bank transfer,44.06,1014.09,No,Yes,Yes
7590-C4529,34,Two year,Credit card,96.89,3365.6,Fiber optic,No,No
7590-C4530,32,Month-to-month,Electronic check,74.13,2334.79,Fiber optic,No,Yes
7590-C4531,54,Month-to-month,Bank transfer,39.85,2101.04,Fiber optic,Yes,No
7590-C4532,21,One year,Electronic check,73.24,1545.65,Fiber optic,No,No
7590-C4533,31,One year,Mailed check,90.79,2725.14,Fiber optic,Yes,No
7590-C4534,40,Two year,Bank transfer,50.82,1936.17,No,Yes,Yes
7590-C4535,9,Two year,Credit card,79.19,705.81,No,No,No
7590-C4536,35,One year,Mailed check,43.7,1556.81,DSL,No,No
7590-C4537,12,One year,Credit card,110.81,1306.07,DSL,No,No
7590-C4538,37,Two year,Credit card,37.39,1438.18,Fiber optic,No,No
7590-C4539,68,Month-to-month,Mailed check,72.95,4735.13,DSL,No,Yes
7590-C4540,37,Month-to-month,Mailed check,103.47,3834.12,Fiber optic,No,No
7590-C4541,10,Month-to-month,Electronic check,55.45,572.47,DSL,No,No
7590-C4542,9,Month-to-month,Electronic check,115.95,1034.88,Fiber optic,Yes,Yes
7590-C4543,16,One year,Mailed check,29.85,491.43,No,Yes,Yes
7590-C4544,67,One year,Bank transfer,39.66,2682.31,Fiber optic,No,No
7590-C4545,17,Month-to-month,Credit card,29.6,478.64,DSL,Yes,Yes
7590-C4546,7,Two year,Bank transfer,48.16,327.28,No,Yes,No
7590-C4547,38,Month-to-month,Mailed check,61.43,2330.22,DSL,No,Yes
7590-C4548,4,Month-to-month,Mailed check,116.27,480.18,DSL,No,Yes
7590-C4549,16,Two year,Credit card,62.77,997.15,DSL,Yes,No
7590-C4550,6,One year,Bank transfer,48.92,280.89,DSL,Yes,No
7590-C4551,30,Month-to-month,Credit card,28.9,858.59,DSL,No,Yes
7590-C4552,37,Two year,Mailed check,113.49,4100.57,Fiber optic,Yes,No
7590-C4553,30,One year,Bank transfer,97.16,2930.45,No,Yes,No
7590-C4554,45,One year,Credit card,44.94,2032.57,Fiber optic,Yes,No
7590-C4555,38,Month-to-month,Bank transfer,74.5,2789.71,DSL,Yes,Yes
7590-C4556,51,One year,Bank transfer,84.72,4176.14,Fiber optic,No,No
7590-C4557,70,Two year,Mailed check,67.67,4802.31,DSL,Yes,No
7590-C4558,11,Two year,Mailed check,93.42,1033.84,DSL,No,No
7590-C4559,49,Month-to-month,Bank transfer,41.04,1952.39,DSL,No,Yes
7590-C4560,40,Two year,Bank transfer,97.29,3903.52,DSL,Yes,No
7590-C4561,54,Two year,Electronic check,111.58,5992.61,No,Yes,No
7590-C4562,32,Two year,Credit card,62.04,,No,Yes,No
7590-C4563,46,Month-to-month,Electronic check,56.03,2607.05,No,Yes,No
7590-C4564,49,Month-to-month,Bank transfer,21.41,1097.99,Fiber optic,Yes,No
7590-C4565,60,One year,Credit card,79.69,4923.13,Fiber optic,Yes,No
7590-C4566,7,Month-to-month,Electronic check,111.36,775.09,Fiber optic,No,Yes
7590-C4567,29,Month-to-month,Electronic check,49.89,1439.34,No,Yes,Yes
7590-C4568,42,Two year,Credit card,29.32,1201.78,DSL,No,No
7590-C4569,58,One year,Mailed check,41.37,2348.89,Fiber optic,Yes,No
7590-C4570,27,Two year,Credit card,33.52,897.01,Fiber optic,Yes,No
7590-C4571,24,Two year,Electronic check,32.18,809.64,DSL,Yes,Yes
7590-C4572,47,Month-to-month,Electronic check,26.46,1299.78,Fiber optic,Yes,Yes
7590-C4573,24,One year,Mailed check,54.83,1263.14,Fiber optic,No,No
7590-C4574,39,One year,Electronic check,89.44,3461.66,DSL,No,Yes
7590-C4575,56,Month-to-month,Mailed check,24.25,1294.35,Fiber optic,No,Yes
7590-C4576,71,One year,Mailed check,44.97,3149.84,Fiber optic,No,No
7590-C4577,7,Month-to-month,Bank transfer,43.84,316.01,DSL,No,No
7590-C4578,65,One year,Electronic check,88.32,5930.57,Fiber optic,Yes,No
7590-C4579,63,Month-to-month,Credit card,47.79,3122.16,Fiber optic,Yes,No
7590-C4580,3,Month-to-month,Bank transfer,25.21,79.15,Fiber optic,No,No
7590-C4581,26,Month-to-month,Bank transfer,75.26,1863.55,No,No,No
7590-C4582,22,One year,Electronic check,111.39,2342.71,DSL,Yes,No
7590-C4583,69,Month-to-month,Bank transfer,89.01,6157.14,Fiber optic,Yes,No
7590-C4584,9,One year,Bank transfer,67.78,584.68,DSL,No,No
7590-C4585,19,Month-to-month,Bank transfer,105.07,1945.86,DSL,Yes,No
7590-C4586,49,Two year,Mailed check,43.93,2049.27,DSL,No,No
7590-C4587,36,Month-to-month,Credit card,63.21,2369.32,Fiber optic,Yes,No
7590-C4588,52,Month-to-month,Bank transfer,81.75,4209.05,DSL,No,No
7590-C4589,28,One year,Bank transfer,77.02,2088.84,No,Yes,No
7590-C4590,72,Month-to-month,Bank transfer,104.15,7494.33,No,No,No
7590-C4591,27,Month-to-month,Bank transfer,53.8,1419.19,Fiber optic,Yes,Yes
7590-C4592,69,Month-to-month,Mailed check,56.98,3815.83,DSL,No,No
7590-C4593,11,Two year,Electronic check,83.26,930.29,Fiber optic,Yes,No
7590-C4594,7,One year,Credit card,41.98,289.4,DSL,No,Yes
7590-C4595,35,Month-to-month,Electronic check,81.96,2784.09,DSL,Yes,No
7590-C4596,52,Two year,Bank transfer,45.66,2448.75,Fiber optic,Yes,No
7590-C4597,35,Month-to-month,Mailed check,114.09,4085.09,DSL,No,No
7590-C4598,54,Month-to-month,Bank transfer,116.02,6011.78,DSL,Yes,No
7590-C4599,18,Month-to-month,Credit card,38.33,656.57,DSL,No,No
7590-C4600,18,Month-to-month,Credit card,47.37,894.79,No,No,Yes
7590-C4601,11,Month-to-month,Credit card,113.11,1218.22,Fiber optic,Yes,Yes
7590-C4602,26,Month-to-month,Credit card,73.75,2004.52,DSL,No,No
7590-C4603,37,One year,Mailed check,106.51,4105.92,Fiber optic,No,No
7590-C4604,47,Month-to-month,Credit card,105.07,5003.7,DSL,Yes,No
7590-C4605,46,Month-to-month,Mailed check,46.15,2017.93,No,Yes,Yes
7590-C4606,55,Month-to-month,Credit card,63.98,3533.23,Fiber optic,Yes,No
7590-C4607,17,Month-to-month,Electronic check,55.4,972.48,DSL,Yes,Yes
7590-C4608,17,Month-to-month,Mailed check,109.73,1843.73,Fiber optic,No,No
7590-C4609,68,Two year,Credit card,113.04,7789.38,No,Yes,No
7590-C4610,63,One year,Mailed check,95.9,5804.27,Fiber optic,Yes,No
7590-C4611,59,Month-to-month,Credit card,39.65,2268.46,Fiber optic,No,Yes
7590-C4612,45,Month-to-month,Electronic check,84.28,3897.86,Fiber optic,No,Yes
7590-C4613,24,Month-to-month,Credit card,22.58,529.52,DSL,Yes,Yes
7590-C4614,42,Month-to-month,Credit card,116.18,4724.42,No,No,No
7590-C4615,29,One year,Bank transfer,74.69,2269.42,Fiber optic,No,No
7590-C4616,9,Two year,Mailed check,72.4,673.94,No,Yes,No
7590-C4617,59,Two year,Credit card,61.29,3504.46,DSL,No,No
7590-C4618,41,Month-to-month,Credit card,115.49,4866.77,Fiber optic,Yes,No
7590-C4619,36,Month-to-month,Electronic check,78.25,2757.84,Fiber optic,No,No
7590-C4620,13,Two year,Mailed check,59.01,734.14,DSL,Yes,No
7590-C4621,1,Month-to-month,Mailed check,84.72,85.65,No,Yes,Yes
7590-C4622,20,Two year,Mailed check,75.75,1511.18,DSL,No,No
7590-C4623,21,Month-to-month,Bank transfer,101.4,2143.09,Fiber optic,No,No
7590-C4624,44,One year,Bank transfer,90.33,3966.72,No,Yes,No
7590-C4625,53,One year,Credit card,94.61,4802.49,DSL,No,No
7590-C4626,50,Two year,Electronic check,116.29,5658.81,Fiber optic,No,No
7590-C4627,60,Month-to-month,Electronic check,90.37,5452.84,DSL,No,No
7590-C4628,47,One year,Mailed check,34.09,1584.85,No,Yes,No
7590-C4629,69,Month-to-month,Mailed check,31.13,2233.91,DSL,Yes,Yes
7590-C4630,72,One year,Credit card,107.35,7671.71,DSL,No,No
7590-C4631,10,Month-to-month,Mailed check,97.66,939.69,DSL,Yes,Yes
7590-C4632,2,Month-to-month,Bank transfer,40.47,77.05,No,Yes,Yes
7590-C4633,42,Month-to-month,Credit card,115.05,5069.34,DSL,Yes,No
7590-C4634,38,One year,Credit card,25.96,944.22,Fiber optic,No,No
7590-C4635,22,Two year,Credit card,45.28,979.64,No,Yes,Yes
7590-C4636,25,One year,Credit card,40.97,1033.46,Fiber optic,No,No
7590-C4637,25,Two year,Electronic check,83.46,2020.69,No,No,No
7590-C4638,51,One year,Bank transfer,43.63,2257.92,DSL,Yes,No
7590-C4639,59,Two year,Credit card,46.05,2587.51,DSL,No,No
7590-C4640,20,Month-to-month,Electronic check,28.95,598.4,DSL,Yes,Yes
7590-C4641,27,Two year,Mailed check,68.5,1843.73,Fiber optic,Yes,No
7590-C4642,51,One year,Credit card,59.73,3053.39,DSL,Yes,No
7590-C4643,43,Month-to-month,Bank transfer,35.51,1537.87,DSL,Yes,No
7590-C4644,32,Month-to-month,Electronic check,96.63,3099.01,Fiber optic,No,No
7590-C4645,20,Month-to-month,Electronic check,72.83,1523.41,Fiber optic,No,Yes
7590-C4646,47,Two year,Bank transfer,113.15,5215.89,Fiber optic,No,No
7590-C4647,68,Month-to-month,Electronic check,32.87,2168.49,Fiber optic,Yes,No
7590-C4648,14,Month-to-month,Credit card,96.0,1289.54,DSL,No,Yes
7590-C4649,37,Two year,Bank transfer,49.05,1741.04,DSL,Yes,No
7590-C4650,48,Two year,Bank transfer,48.38,2235.21,DSL,Yes,No
7590-C4651,72,Month-to-month,Mailed check,58.26,4084.98,No,Yes,No
7590-C4652,29,Month-to-month,Bank transfer,62.99,1748.78,DSL,No,Yes
7590-C4653,49,Two year,Mailed check,96.67,4694.3,Fiber optic,Yes,No
7590-C4654,16,Month-to-month,Electronic check,37.68,587.08,No,No,Yes
7590-C4655,51,Two year,Bank transfer,94.69,4754.69,DSL,Yes,No
7590-C4656,2,One year,Bank transfer,43.26,84.85,Fiber optic,Yes,No
7590-C4657,31,Month-to-month,Bank transfer,55.75,1715.56,Fiber optic,No,Yes
7590-C4658,12,One year,Credit card,92.36,1114.35,DSL,Yes,No
7590-C4659,7,Month-to-month,Mailed check,94.05,676.03,Fiber optic,No,Yes
7590-C4660,18,Month-to-month,Bank transfer,29.09,509.92,Fiber optic,Yes,No
7590-C4661,4,Month-to-month,Credit card,99.29,409.7,DSL,Yes,Yes
7590-C4662,6,Month-to-month,Electronic check,20.02,124.81,No,No,No
7590-C4663,22,One year,Mailed check,95.61,2120.26,No,Yes,No
7590-C4664,23,One year,Credit card,60.63,1449.82,Fiber optic,No,No
7590-C4665,22,Month-to-month,Bank transfer,31.18,694.61,No,No,No
7590-C4666,19,Two year,Mailed check,102.68,1959.44,No,No,No
7590-C4667,60,One year,Bank transfer,82.85,4996.82,DSL,No,No
7590-C4668,47,One year,Bank transfer,75.09,3422.4,DSL,No,No
7590-C4669,7,Month-to-month,Credit card,105.65,730.34,Fiber optic,Yes,No
7590-C4670,72,Two year,Mailed check,92.4,6874.44,No,No,No
7590-C4671,8,One year,Electronic check,113.64,922.85,Fiber optic,Yes,No
7590-C4672,33,Month-to-month,Credit card,106.63,3684.81,DSL,Yes,No
7590-C4673,16,Two year,Mailed check,30.91,483.71,Fiber optic,No,No
7590-C4674,12,Month-to-month,Credit card,65.09,786.28,Fiber optic,No,Yes
7590-C4675,30,Two year,Bank transfer,71.27,2068.58,DSL,No,No
7590-C4676,40,Month-to-month,Mailed check,21.61,904.96,DSL,No,No
7590-C4677,26,One year,Credit card,108.8,2700.94,Fiber optic,No,No
7590-C4678,59,Month-to-month,Credit card,72.06,4259.51,DSL,No,Yes
7590-C4679,5,One year,Mailed check,85.89,448.57,Fiber optic,Yes,No
7590-C4680,22,Month-to-month,Mailed check,59.89,1345.41,Fiber optic,No,Yes
7590-C4681,71,Month-to-month,Electronic check,108.52,7345.95,DSL,Yes,No
7590-C4682,52,Two year,Electronic check,62.77,3288.42,DSL,No,No
7590-C4683,61,One year,Electronic check,63.93,4049.09,No,Yes,No
7590-C4684,35,One year,Electronic check,107.1,3895.12,Fiber optic,No,No
7590-C4685,10,Month-to-month,Electronic check,32.46,317.58,DSL,No,Yes
7590-C4686,40,One year,Electronic check,94.69,3736.21,No,Yes,No
7590-C4687,11,One year,Mailed check,35.39,397.56,No,Yes,No
7590-C4688,57,One year,Electronic check,63.97,3810.53,Fiber optic,No,No
7590-C4689,61,One year,Bank transfer,97.16,5721.01,No,No,No
7590-C4690,20,Month-to-month,Electronic check,23.95,479.58,DSL,No,No
7590-C4691,17,Two year,Credit card,110.52,1788.9,DSL,Yes,No
7590-C4692,53,Month-to-month,Mailed check,82.0,4189.35,DSL,No,No
7590-C4693,16,One year,Credit card,28.87,449.27,Fiber optic,Yes,No
7590-C4694,17,Month-to-month,Credit card,78.96,1357.45,DSL,No,No
7590-C4695,17,Month-to-month,Credit card,50.5,879.31,No,Yes,Yes
7590-C4696,52,One year,Credit card,25.97,1306.18,No,Yes,No
7590-C4697,4,Month-to-month,Mailed check,42.52,162.92,Fiber optic,Yes,Yes
7590-C4698,5,One year,Electronic check,113.79,559.44,Fiber optic,Yes,No
7590-C4699,8,Month-to-month,Bank transfer,30.07,250.54,No,No,Yes
7590-C4700,47,Month-to-month,Credit card,42.23,1957.63,Fiber optic,No,Yes
7590-C4701,35,One year,Bank transfer,26.56,919.96,DSL,Yes,No
7590-C4702,20,Two year,Mailed check,49.61,954.91,No,No,No
7590-C4703,62,One year,Electronic check,101.26,6459.36,Fiber optic,Yes,No
7590-C4704,56,Month-to-month,Credit card,101.1,5437.45,DSL,No,No
7590-C4705,14,Month-to-month,Electronic check,59.81,873.23,DSL,No,Yes
7590-C4706,46,One year,Mailed check,44.03,1934.44,No,Yes,No
7590-C4707,44,Month-to-month,Bank transfer,31.05,1368.31,No,No,Yes
7590-C4708,47,Month-to-month,Electronic check,103.26,5087.1,No,No,Yes
7590-C4709,59,Month-to-month,Credit card,38.14,2279.93,DSL,No,No
7590-C4710,53,Two year,Credit card,52.66,2826.84,DSL,No,No
7590-C4711,47,Month-to-month,Credit card,55.85,2722.61,DSL,No,No
7590-C4712,32,Month-to-month,Credit card,27.47,868.16,DSL,No,No
7590-C4713,72,Month-to-month,Credit card,36.61,2603.55,DSL,No,No
7590-C4714,44,Month-to-month,Electronic check,108.7,4587.1,DSL,Yes,No
7590-C4715,9,Month-to-month,Bank transfer,25.92,222.36,DSL,No,Yes
7590-C4716,54,One year,Electronic check,59.29,3349.54,No,No,No
7590-C4717,43,Month-to-month,Electronic check,55.17,2478.89,Fiber optic,No,No
7590-C4718,44,Month-to-month,Credit card,104.02,4504.53,DSL,No,No
7590-C4719,58,Month-to-month,Mailed check,96.67,5505.68,DSL,No,Yes
7590-C4720,7,Month-to-month,Bank transfer,47.66,345.8,DSL,No,No
7590-C4721,41,Two year,Bank transfer,21.92,922.62,DSL,No,No
7590-C4722,54,One year,Credit card,51.75,2702.16,Fiber optic,No,No
7590-C4723,64,Month-to-month,Mailed check,22.38,1389.57,DSL,No,No
7590-C4724,3,Month-to-month,Credit card,84.76,252.74,No,Yes,Yes
7590-C4725,46,One year,Electronic check,20.36,919.69,Fiber optic,Yes,No
7590-C4726,42,Two year,Mailed check,38.87,1587.96,Fiber optic,Yes,No
7590-C4727,53,Month-to-month,Mailed check,91.1,5039.07,No,No,Yes
7590-C4728,1,Month-to-month,Mailed check,60.43,61.55,No,No,Yes
7590-C4729,8,Two year,Credit card,69.85,538.28,DSL,No,No
7590-C4730,12,Month-to-month,Mailed check,91.79,1107.6,No,Yes,No
7590-C4731,1,Month-to-month,Credit card,90.3,90.42,DSL,Yes,Yes
7590-C4732,36,Month-to-month,Bank transfer,40.18,1511.34,DSL,No,No
7590-C4733,18,Month-to-month,Bank transfer,35.49,615.7,DSL,Yes,No
7590-C4734,37,Two year,Bank transfer,20.44,746.65,Fiber optic,No,Yes
7590-C4735,21,One year,Mailed check,63.43,1300.33,DSL,Yes,Yes
7590-C4736,44,One year,Bank transfer,99.34,4315.39,Fiber optic,Yes,No
7590-C4737,3,One year,Electronic check,76.62,236.17,DSL,No,No
7590-C4738,11,Month-to-month,Electronic check,21.0,228.77,DSL,Yes,No
7590-C4739,49,Month-to-month,Credit card,73.31,3564.85,No,Yes,No
7590-C4740,65,One year,Electronic check,80.56,5312.73,DSL,No,No
7590-C4741,69,Month-to-month,Credit card,58.04,3996.68,Fiber optic,Yes,Yes
7590-C4742,8,Month-to-month,Bank transfer,23.34,180.64,No,Yes,Yes
7590-C4743,69,Month-to-month,Electronic check,112.38,8059.84,Fiber optic,No,No
7590-C4744,64,Month-to-month,Bank transfer,61.07,3806.74,No,Yes,Yes
7590-C4745,28,Month-to-month,Credit card,113.43,3282.57,No,No,Yes
7590-C4746,44,One year,Bank transfer,47.67,2158.82,Fiber optic,No,No
7590-C4747,19,Two year,Mailed check,35.91,679.9,Fiber optic,Yes,No
7590-C4748,50,One year,Electronic check,116.45,5733.7,Fiber optic,Yes,No
7590-C4749,54,Month-to-month,Mailed check,60.12,3166.11,Fiber optic,No,Yes
7590-C4750,48,One year,Bank transfer,113.08,5444.35,Fiber optic,No,No
7590-C4751,72,Month-to-month,Credit card,64.42,4713.24,Fiber optic,No,No
7590-C4752,21,Month-to-month,Electronic check,53.59,1162.84,Fiber optic,No,Yes
7590-C4753,20,One year,Electronic check,66.4,1299.42,No,No,No
7590-C4754,56,Two year,Bank transfer,106.82,5954.74,DSL,Yes,No
7590-C4755,57,Month-to-month,Mailed check,64.74,3843.66,DSL,Yes,Yes
7590-C4756,11,Month-to-month,Bank transfer,59.76,632.47,No,Yes,Yes
7590-C4757,42,Month-to-month,Credit card,113.18,4683.94,DSL,No,Yes
7590-C4758,44,Two year,Electronic check,78.67,3312.18,DSL,No,No
7590-C4759,2,One year,Credit card,28.15,56.84,Fiber optic,No,No
7590-C4760,41,Month-to-month,Electronic check,107.13,4511.67,DSL,Yes,No
7590-C4761,64,Month-to-month,Credit card,95.75,6194.41,No,Yes,No
7590-C4762,15,One year,Bank transfer,97.06,1399.66,Fiber optic,Yes,Yes
7590-C4763,55,Month-to-month,Credit card,94.06,5175.18,DSL,No,Yes
7590-C4764,31,Month-to-month,Electronic check,91.13,2805.65,DSL,Yes,Yes
7590-C4765,33,Two year,Credit card,64.03,2196.67,DSL,Yes,Yes
7590-C4766,13,Two year,Mailed check,86.62,1092.33,No,Yes,No
7590-C4767,56,One year,Bank transfer,100.59,5491.41,Fiber optic,Yes,No
7590-C4768,47,Month-to-month,Bank transfer,77.38,3571.48,No,Yes,Yes
7590-C4769,51,Month-to-month,Bank transfer,28.17,1385.53,DSL,No,No
7590-C4770,62,Month-to-month,Electronic check,75.94,4534.61,No,No,Yes
7590-C4771,19,Month-to-month,Bank transfer,43.23,793.68,No,No,Yes
7590-C4772,35,Month-to-month,Bank transfer,48.5,1717.69,Fiber optic,No,Yes
7590-C4773,45,Month-to-month,Mailed check,117.82,5098.23,No,No,No
7590-C4774,64,Month-to-month,Electronic check,43.26,2782.55,Fiber optic,No,Yes
7590-C4775,70,Month-to-month,Credit card,113.86,8136.25,No,Yes,No
7590-C4776,68,Month-to-month,Bank transfer,77.98,5552.08,DSL,No,Yes
7590-C4777,41,Month-to-month,Credit card,67.55,2829.76,Fiber optic,Yes,Yes
7590-C4778,14,Month-to-month,Credit card,32.77,436.57,Fiber optic,Yes,No
7590-C4779,48,Month-to-month,Bank transfer,44.85,2197.35,DSL,Yes,Yes
7590-C4780,42,Two year,Credit card,47.28,2058.66,No,Yes,No
7590-C4781,31,Two year,Mailed check,36.06,1164.56,DSL,No,No
7590-C4782,5,Month-to-month,Credit card,42.05,216.52,Fiber optic,Yes,Yes
7590-C4783,46,Month-to-month,Electronic check,23.91,1146.05,No,No,No
7590-C4784,49,Month-to-month,Bank transfer,93.98,4661.4,DSL,No,No
7590-C4785,36,One year,Mailed check,89.2,3369.17,Fiber optic,Yes,No
7590-C4786,70,One year,Credit card,64.16,4639.71,DSL,No,No
7590-C4787,58,One year,Mailed check,92.34,5537.12,No,Yes,No
7590-C4788,42,Month-to-month,Bank transfer,76.14,3183.74,Fiber optic,Yes,No
7590-C4789,27,Month-to-month,Electronic check,32.54,842.34,No,No,Yes
7590-C4790,67,Month-to-month,Credit card,71.67,4575.04,No,No,Yes
7590-C4791,14,Month-to-month,Electronic check,37.97,526.17,No,No,Yes
7590-C4792,63,Month-to-month,Electronic check,79.64,4918.6,DSL,Yes,No
7590-C4793,8,Two year,Bank transfer,47.83,365.54,DSL,Yes,No
7590-C4794,59,One year,Credit card,104.54,5970.6,No,No,No
7590-C4795,46,One year,Bank transfer,87.5,4160.45,Fiber optic,No,No
7590-C4796,38,Two year,Bank transfer,51.5,1923.28,Fiber optic,Yes,No
7590-C4797,43,One year,Mailed check,111.89,4954.82,No,No,No
7590-C4798,28,Month-to-month,Bank transfer,107.16,,Fiber optic,Yes,No
7590-C4799,14,Month-to-month,Credit card,103.38,1519.38,DSL,No,Yes
7590-C4800,59,Two year,Electronic check,112.09,6864.07,Fiber optic,Yes,No
7590-C4801,10,Month-to-month,Mailed check,109.89,1152.67,No,Yes,No
7590-C4802,31,One year,Mailed check,28.26,891.44,No,No,No
7590-C4803,15,Two year,Mailed check,36.62,565.67,No,No,No
7590-C4804,52,Month-to-month,Mailed check,60.05,3258.66,No,Yes,No
7590-C4805,27,One year,Credit card,107.96,2987.61,No,Yes,No
7590-C4806,14,One year,Mailed check,25.11,358.91,No,No,No
7590-C4807,55,Month-to-month,Electronic check,96.97,5373.73,DSL,No,No
7590-C4808,3,One year,Bank transfer,45.76,135.02,DSL,Yes,Yes
7590-C4809,65,One year,Bank transfer,56.21,3664.83,No,Yes,No
7590-C4810,11,Month-to-month,Credit card,55.3,610.04,Fiber optic,Yes,No
7590-C4811,17,Month-to-month,Credit card,55.73,905.86,DSL,Yes,No
7590-C4812,18,One year,Bank transfer,113.66,2072.86,No,Yes,No
7590-C4813,24,One year,Bank transfer,39.86,932.26,Fiber optic,Yes,No
7590-C4814,34,One year,Electronic check,27.48,980.7,Fiber optic,No,No
7590-C4815,56,One year,Bank transfer,46.54,2517.28,DSL,Yes,No
7590-C4816,42,Month-to-month,Mailed check,71.39,2989.95,Fiber optic,Yes,Yes
7590-C4817,21,One year,Mailed check,109.04,2210.39,No,No,No
7590-C4818,47,Two year,Bank transfer,110.31,4960.55,Fiber optic,Yes,No
7590-C4819,47,Month-to-month,Mailed check,41.73,1864.97,DSL,Yes,No
7590-C4820,23,Month-to-month,Credit card,94.4,2133.96,No,No,Yes
7590-C4821,24,Two year,Mailed check,39.42,913.4,DSL,No,No
7590-C4822,9,Month-to-month,Electronic check,32.62,305.84,Fiber optic,Yes,Yes
7590-C4823,40,One year,Credit card,56.8,2311.97,DSL,Yes,No
7590-C4824,55,Month-to-month,Credit card,74.69,4238.35,No,Yes,No
7590-C4825,51,Two year,Bank transfer,90.55,4734.64,DSL,Yes,No
7590-C4826,49,One year,Electronic check,93.66,4712.56,DSL,Yes,No
7590-C4827,21,One year,Bank transfer,111.56,2348.35,Fiber optic,Yes,Yes
7590-C4828,69,Two year,Credit card,109.24,7475.97,No,Yes,No
7590-C4829,15,One year,Mailed check,27.22,392.61,No,No,No
7590-C4830,26,Month-to-month,Credit card,57.32,1507.55,DSL,No,No
7590-C4831,71,Two year,Credit card,60.55,4085.76,DSL,Yes,No
7590-C4832,37,Two year,Mailed check,91.22,3290.87,DSL,No,No
7590-C4833,49,Month-to-month,Bank transfer,48.31,2310.88,No,Yes,No
7590-C4834,51,Two year,Electronic check,103.36,5057.09,No,Yes,No
7590-C4835,68,One year,Mailed check,114.91,,No,Yes,No
7590-C4836,15,Month-to-month,Credit card,116.95,1794.08,No,No,Yes
7590-C4837,20,Two year,Bank transfer,47.91,976.79,DSL,Yes,No
7590-C4838,29,Two year,Electronic check,74.95,2183.37,DSL,Yes,No
7590-C4839,52,Month-to-month,Mailed check,41.02,2230.3,Fiber optic,Yes,No
7590-C4840,50,Month-to-month,Credit card,74.0,3540.59,DSL,No,No
7590-C4841,5,Month-to-month,Electronic check,33.69,173.76,No,No,Yes
7590-C4842,27,Month-to-month,Electronic check,116.31,3110.11,DSL,No,Yes
7590-C4843,54,Month-to-month,Credit card,25.35,1355.06,DSL,No,Yes
7590-C4844,3,Month-to-month,Electronic check,75.69,234.7,No,Yes,Yes
7590-C4845,58,One year,Bank transfer,76.41,4307.24,DSL,Yes,No
7590-C4846,60,Month-to-month,Credit card,105.57,6040.22,No,No,Yes
7590-C4847,64,Month-to-month,Electronic check,24.78,1655.5,Fiber optic,No,Yes
7590-C4848,33,Two year,Mailed check,59.8,1936.04,Fiber optic,Yes,No
7590-C4849,11,One year,Credit card,80.02,847.83,No,No,No
7590-C4850,12,One year,Credit card,31.01,378.47,Fiber optic,No,No
7590-C4851,39,Month-to-month,Mailed check,39.16,1459.15,No,No,Yes
7590-C4852,3,One year,Electronic check,99.13,310.83,DSL,No,Yes
7590-C4853,28,Two year,Mailed check,82.39,2203.02,No,Yes,No
7590-C4854,27,Two year,Credit card,50.67,1406.12,No,No,No
7590-C4855,52,Two year,Bank transfer,48.03,2617.68,No,No,No
7590-C4856,19,One year,Bank transfer,36.56,677.07,No,No,No
7590-C4857,32,One year,Electronic check,47.05,1529.77,DSL,Yes,No
7590-C4858,17,Month-to-month,Mailed check,85.16,1481.65,No,No,Yes
7590-C4859,21,Month-to-month,Bank transfer,105.67,2115.12,Fiber optic,No,Yes
7590-C4860,11,Month-to-month,Bank transfer,102.23,1166.41,DSL,No,No
7590-C4861,59,Month-to-month,Bank transfer,115.41,7061.64,Fiber optic,Yes,No
7590-C4862,50,Month-to-month,Electronic check,98.32,5148.72,Fiber optic,Yes,No
7590-C4863,52,Month-to-month,Bank transfer,69.71,3510.02,DSL,Yes,Yes
7590-C4864,1,Month-to-month,Electronic check,87.64,86.11,DSL,Yes,No
7590-C4865,21,Two year,Mailed check,72.01,1470.26,No,Yes,No
7590-C4866,39,Two year,Credit card,85.24,3448.97,No,Yes,No
7590-C4867,56,Month-to-month,Mailed check,77.11,4427.16,No,Yes,Yes
7590-C4868,68,Two year,Credit card,112.31,7325.24,Fiber optic,Yes,No
7590-C4869,6,Month-to-month,Electronic check,46.45,272.06,DSL,No,No
7590-C4870,5,One year,Bank transfer,102.17,520.46,No,No,No
7590-C4871,44,Month-to-month,Electronic check,77.98,3433.95,DSL,Yes,No
7590-C4872,19,Two year,Mailed check,117.01,2275.13,Fiber optic,No,No
7590-C4873,37,One year,Electronic check,112.43,4258.53,DSL,Yes,No
7590-C4874,29,Month-to-month,Bank transfer,29.46,821.07,Fiber optic,No,Yes
7590-C4875,50,Month-to-month,Bank transfer,74.46,3577.78,No,Yes,No
7590-C4876,57,One year,Mailed check,99.35,5939.06,Fiber optic,Yes,No
7590-C4877,64,Two year,Credit card,31.95,2119.42,Fiber optic,Yes,No
7590-C4878,67,Month-to-month,Electronic check,95.67,6687.98,No,No,No
7590-C4879,25,Month-to-month,Mailed check,67.95,1654.69,No,No,No
7590-C4880,70,Month-to-month,Credit card,110.84,7606.52,DSL,No,No
7590-C4881,63,Two year,Credit card,33.44,2145.92,No,Yes,No
7590-C4882,51,Two year,Credit card,65.46,3366.65,Fiber optic,Yes,No
7590-C4883,8,Month-to-month,Electronic check,70.44,568.49,Fiber optic,No,No
7590-C4884,47,Month-to-month,Electronic check,39.6,1887.31,Fiber optic,No,No
7590-C4885,70,Month-to-month,Bank transfer,21.81,1594.06,Fiber optic,No,No
7590-C4886,28,Two year,Mailed check,88.91,2366.96,DSL,Yes,No
7590-C4887,35,Month-to-month,Credit card,109.77,3833.16,DSL,Yes,Yes
7590-C4888,31,Month-to-month,Credit card,64.14,2003.22,Fiber optic,Yes,Yes
7590-C4889,46,Month-to-month,Electronic check,69.21,3296.47,DSL,No,No
7590-C4890,3,Two year,Credit card,42.4,121.59,No,Yes,No
7590-C4891,72,Month-to-month,Electronic check,56.42,4218.06,Fiber optic,Yes,No
7590-C4892,38,Month-to-month,Credit card,100.75,3995.16,DSL,Yes,Yes
7590-C4893,22,One year,Mailed check,68.32,1433.53,DSL,No,No
7590-C4894,13,Month-to-month,Electronic check,100.94,1289.4,DSL,No,No
7590-C4895,21,Month-to-month,Electronic check,92.73,1904.37,No,Yes,Yes
7590-C4896,21,One year,Electronic check,82.07,1713.81,DSL,Yes,No
7590-C4897,52,Month-to-month,Electronic check,101.4,5054.11,DSL,No,No
7590-C4898,49,Two year,Credit card,88.69,4467.45,DSL,Yes,No
7590-C4899,26,Month-to-month,Electronic check,71.52,1855.24,Fiber optic,No,No
7590-C4900,36,One year,Credit card,73.61,2698.68,DSL,No,No
7590-C4901,43,Month-to-month,Credit card,33.75,1391.75,DSL,No,No
7590-C4902,7,Month-to-month,Credit card,114.53,780.9,Fiber optic,No,Yes
7590-C4903,55,Month-to-month,Bank transfer,86.22,4610.81,No,Yes,No
7590-C4904,5,Month-to-month,Mailed check,46.37,236.63,No,Yes,Yes
7590-C4905,17,Month-to-month,Credit card,27.01,450.54,No,No,No
7590-C4906,67,Month-to-month,Mailed check,27.65,1834.8,No,No,No
7590-C4907,12,Month-to-month,Mailed check,67.13,772.75,Fiber optic,No,No
7590-C4908,45,Month-to-month,Credit card,50.99,2251.54,Fiber optic,No,Yes
7590-C4909,26,Month-to-month,Credit card,108.74,2774.02,Fiber optic,No,Yes
7590-C4910,66,Month-to-month,Mailed check,61.81,4268.41,DSL,No,Yes
7590-C4911,21,One year,Electronic check,110.54,2282.92,No,Yes,No
7590-C4912,13,Month-to-month,Electronic check,94.7,1240.86,No,No,No
7590-C4913,49,One year,Credit card,22.35,1097.42,Fiber optic,Yes,No
7590-C4914,4,Month-to-month,Mailed check,31.42,130.59,DSL,No,No
7590-C4915,36,Month-to-month,Bank transfer,67.65,2396.07,DSL,No,No
7590-C4916,37,Month-to-month,Bank transfer,100.73,3851.83,DSL,No,Yes
7590-C4917,10,One year,Electronic check,49.64,500.68,DSL,No,No
7590-C4918,14,One year,Credit card,105.32,1521.31,DSL,Yes,No
7590-C4919,36,Month-to-month,Bank transfer,22.55,799.66,Fiber optic,Yes,No
7590-C4920,47,Month-to-month,Mailed check,62.48,2854.21,No,No,No
7590-C4921,70,Month-to-month,Electronic check,50.31,3419.77,No,Yes,No
7590-C4922,10,Month-to-month,Credit card,80.6,784.14,DSL,No,No
7590-C4923,47,Two year,Electronic check,98.12,4652.4,No,Yes,No
7590-C4924,8,Two year,Bank transfer,69.67,531.66,DSL,No,No
7590-C4925,14,Two year,Electronic check,23.21,323.3,No,Yes,No
7590-C4926,46,Two year,Bank transfer,40.66,1863.9,No,No,No
7590-C4927,24,Month-to-month,Mailed check,22.25,528.68,DSL,Yes,Yes
7590-C4928,69,Month-to-month,Bank transfer,98.43,7059.73,DSL,No,Yes
7590-C4929,52,Month-to-month,Bank transfer,36.16,1831.41,No,Yes,No
7590-C4930,55,Month-to-month,Mailed check,31.27,1747.55,Fiber optic,Yes,Yes
7590-C4931,27,Month-to-month,Credit card,54.78,1424.29,DSL,No,No
7590-C4932,41,Two year,Credit card,66.64,2824.54,DSL,Yes,No
7590-C4933,61,Month-to-month,Credit card,69.45,4206.44,No,No,Yes
7590-C4934,33,Month-to-month,Credit card,28.19,,DSL,No,No
7590-C4935,24,One year,Mailed check,81.01,1897.76,Fiber optic,Yes,No
7590-C4936,1,Two year,Mailed check,22.55,22.78,Fiber optic,No,No
7590-C4937,59,Month-to-month,Mailed check,69.73,4108.86,Fiber optic,No,No
7590-C4938,44,Month-to-month,Electronic check,56.82,2561.55,No,No,No
7590-C4939,5,Two year,Electronic check,40.39,199.85,DSL,No,No
7590-C4940,58,Month-to-month,Electronic check,116.51,6571.95,DSL,Yes,No
7590-C4941,54,Month-to-month,Bank transfer,52.01,2799.85,DSL,No,Yes
7590-C4942,20,One year,Electronic check,76.24,1515.71,DSL,Yes,No
7590-C4943,53,Month-to-month,Bank transfer,58.01,2922.55,Fiber optic,No,No
7590-C4944,4,One year,Bank transfer,76.03,301.11,No,No,No
7590-C4945,43,Month-to-month,Electronic check,35.1,1580.55,Fiber optic,Yes,Yes
7590-C4946,26,Month-to-month,Electronic check,98.08,2468.08,Fiber optic,No,Yes
7590-C4947,39,Month-to-month,Mailed check,76.8,3064.3,DSL,Yes,Yes
7590-C4948,67,One year,Bank transfer,105.12,7019.77,Fiber optic,No,No
7590-C4949,49,Month-to-month,Electronic check,29.12,1446.16,No,No,Yes
7590-C4950,15,Month-to-month,Electronic check,33.6,496.47,DSL,Yes,Yes
7590-C4951,13,Month-to-month,Mailed check,89.27,1174.25,DSL,No,Yes
7590-C4952,32,Two year,Electronic check,105.44,3337.92,DSL,No,No
7590-C4953,15,Month-to-month,Bank transfer,40.76,581.65,No,Yes,No
7590-C4954,34,One year,Electronic check,51.03,1715.51,No,Yes,No
7590-C4955,71,Two year,Mailed check,75.23,5458.97,DSL,No,No
7590-C4956,49,One year,Electronic check,29.66,1419.12,Fiber optic,No,No
7590-C4957,58,Month-to-month,Electronic check,105.53,6124.61,No,No,No
7590-C4958,10,Two year,Mailed check,115.54,1209.39,No,No,Yes
7590-C4959,7,Month-to-month,Bank transfer,34.4,244.36,No,No,Yes
7590-C4960,27,Two year,Mailed check,55.43,1517.1,No,Yes,No
7590-C4961,69,Two year,Electronic check,26.29,1862.23,No,No,No
7590-C4962,60,Month-to-month,Mailed check,38.52,2297.98,DSL,No,Yes
7590-C4963,49,Month-to-month,Credit card,34.84,1754.04,DSL,No,No
7590-C4964,39,One year,Bank transfer,115.42,4396.64,DSL,Yes,No
7590-C4965,64,Two year,Bank transfer,49.28,3147.42,No,No,No
7590-C4966,22,Two year,Bank transfer,92.37,1941.53,Fiber optic,No,No
7590-C4967,56,Two year,Bank transfer,26.99,1509.97,DSL,No,No
7590-C4968,5,Month-to-month,Credit card,46.45,226.17,DSL,Yes,Yes
7590-C4969,47,Two year,Bank transfer,79.25,3732.24,Fiber optic,No,No
7590-C4970,12,Month-to-month,Electronic check,111.56,1278.08,Fiber optic,Yes,Yes
7590-C4971,17,Month-to-month,Credit card,93.65,1590.33,DSL,Yes,Yes
7590-C4972,49,Month-to-month,Credit card,74.09,3545.31,DSL,No,Yes
7590-C4973,65,Two year,Electronic check,95.79,6210.5,Fiber optic,No,No
7590-C4974,1,Month-to-month,Electronic check,70.72,70.22,Fiber optic,No,Yes
7590-C4975,31,Two year,Electronic check,42.64,1287.33,No,No,Yes
7590-C4976,48,Two year,Electronic check,64.83,3097.76,Fiber optic,Yes,No
7590-C4977,55,Month-to-month,Bank transfer,50.41,2754.52,Fiber optic,No,Yes
7590-C4978,67,Month-to-month,Mailed check,78.79,5274.4,Fiber optic,Yes,No
7590-C4979,31,Month-to-month,Credit card,72.89,2365.87,Fiber optic,Yes,No
7590-C4980,48,Month-to-month,Bank transfer,60.63,2878.91,DSL,No,No
7590-C4981,28,Month-to-month,Mailed check,28.31,759.29,Fiber optic,No,Yes
7590-C4982,44,One year,Mailed check,93.74,4097.94,Fiber optic,No,No
7590-C4983,12,Two year,Electronic check,23.5,281.2,DSL,No,No
7590-C4984,48,Month-to-month,Credit card,22.45,1099.31,No,No,Yes
7590-C4985,72,Month-to-month,Bank transfer,95.08,7034.2,DSL,Yes,Yes
7590-C4986,31,Month-to-month,Electronic check,45.85,1454.66,No,No,Yes
7590-C4987,12,Month-to-month,Electronic check,105.31,1245.37,No,Yes,No
7590-C4988,21,Month-to-month,Credit card,61.77,1340.77,Fiber optic,No,No
7590-C4989,11,Month-to-month,Bank transfer,75.31,860.23,No,No,No
7590-C4990,21,Month-to-month,Mailed check,55.84,1126.51,DSL,Yes,Yes
7590-C4991,42,One year,Credit card,94.52,3946.45,Fiber optic,Yes,No
7590-C4992,55,Month-to-month,Electronic check,103.28,5804.29,Fiber optic,No,No
7590-C4993,53,One year,Electronic check,21.82,1184.2,No,Yes,No
7590-C4994,28,Month-to-month,Mailed check,26.87,717.81,DSL,Yes,Yes
7590-C4995,30,Month-to-month,Bank transfer,47.57,1365.64,DSL,Yes,Yes
7590-C4996,67,One year,Credit card,88.01,6154.75,DSL,Yes,No
7590-C4997,17,Month-to-month,Mailed check,98.55,1690.43,Fiber optic,Yes,No
7590-C4998,44,One year,Mailed check,65.42,2938.67,DSL,Yes,No
7590-C4999,13,One year,Credit card,52.48,669.71,Fiber optic,Yes,No
7590-C5000,41,Month-to-month,Bank transfer,104.42,4339.97,Fiber optic,Yes,Yes
