Date,Campaign,Channel,Impressions,Clicks,Spend,Conversions,Revenue,ROI
2023-03-23,Black Friday,Social Media,73896,4510,15724.77,274,28252.95,0.797
2023-01-01,Back to School,Influencer,100256,2267,1452.46,75,11689.46,7.048
2023-12-09,Spring Launch,Social Media,28397,956,3349.19,26,3625.61,0.083
2023-09-26,Summer Promo,Influencer,44342,2652,2936.26,257,41512.7,13.138
2023-12-03,Black Friday,Search Ads,11443,177,383.89,18,3042.8,6.926
2023-11-22,Holiday Extravaganza,Social Media,29988,1188,844.93,45,5219.11,5.177
2023-06-14,Back to School,Display,96235,6876,24597.29,395,63603.93,1.586
2023-05-02,Back to School,Influencer,101876,3612,2116.17,124,15880.25,6.504
2023-05-29,Black Friday,Social Media,106689,6251,2878.62,266,13561.96,3.711
2023-05-29,Black Friday,Search Ads,53090,1020,3409.5,68,2418.03,-0.291
2023-03-11,Holiday Extravaganza,Search Ads,139107,7869,19046.73,278,42201.14,1.216
2023-03-14,Summer Promo,Social Media,113140,2487,3010.71,221,27586.9,8.163
2023-08-18,Back to School,Social Media,109758,8111,8415.98,759,96955.74,10.52
2023-10-22,Spring Launch,Social Media,9392,353,469.26,25,3934.65,7.385
2023-09-29,Back to School,Social Media,68038,1202,4035.84,138,11770.86,1.917
2023-04-13,Back to School,Influencer,82120,1572,5763.58,148,12601.26,1.186
2023-10-03,Holiday Extravaganza,Display,124101,3387,6911.37,328,48812.8,6.063
2023-03-16,Black Friday,Email,48896,2006,2107.73,140,22153.59,9.511
2023-03-06,Summer Promo,Social Media,20951,858,2931.74,63,4332.75,0.478
2023-07-24,Summer Promo,Email,66629,4364,16104.68,106,10599.78,-0.342
2023-04-19,Back to School,Search Ads,83480,4223,14817.59,120,9593.12,-0.353
2023-02-24,Holiday Extravaganza,Display,136466,5930,19568.88,291,39620.71,1.025
2023-11-01,Back to School,Influencer,112505,7742,28745.28,432,18244.9,-0.365
2023-03-29,Holiday Extravaganza,Email,148574,3689,8121.36,436,38467.92,3.737
2023-11-19,Black Friday,Influencer,146881,6154,15703.39,284,36726.65,1.339
2023-06-02,Black Friday,Social Media,38145,703,1469.96,64,8247.03,4.61
2023-02-23,Back to School,Email,12829,376,896.21,9,1593.02,0.778
2023-05-16,Spring Launch,Search Ads,115487,3024,10791.94,118,10929.24,0.013
2023-08-09,Spring Launch,Influencer,110725,8285,18896.46,293,46151.63,1.442
2023-11-13,Holiday Extravaganza,Display,101279,6650,12357.77,674,109128.29,7.831
2023-11-20,Black Friday,Social Media,146412,10277,16201.6,340,19429.15,0.199
2023-11-02,Back to School,Display,127016,3414,8016.73,127,18559.46,1.315
2023-11-03,Holiday Extravaganza,Email,36795,535,1549.6,34,3076.65,0.985
2023-11-17,Spring Launch,Email,48830,3343,12034.7,257,19352.48,0.608
2023-12-08,Holiday Extravaganza,Display,89037,2899,6256.24,324,53807.59,7.601
2023-12-20,Spring Launch,Search Ads,37090,1599,1998.46,180,16510.31,7.262
2023-09-13,Holiday Extravaganza,Display,86588,1760,5748.82,68,6880.9,0.197
2023-04-07,Summer Promo,Email,148899,10476,23032.62,1189,140149.72,5.085
2023-01-14,Summer Promo,Search Ads,117808,7556,3893.81,408,66767.11,16.147
2023-03-07,Summer Promo,Email,12999,636,1808.3,26,1028.43,-0.431
2023-02-19,Summer Promo,Influencer,121527,8994,22656.81,898,85303.0,2.765
2023-03-30,Holiday Extravaganza,Display,104795,1477,3890.56,82,3859.65,-0.008
2023-07-21,Holiday Extravaganza,Influencer,114864,6794,16598.79,469,50934.79,2.069
2023-05-29,Back to School,Influencer,48235,2597,8665.43,207,28084.08,2.241
2023-11-30,Summer Promo,Social Media,31914,1402,606.53,44,6994.31,10.532
2023-12-10,Black Friday,Email,23831,605,2151.45,22,2834.1,0.317
2023-09-05,Summer Promo,Search Ads,149308,9731,35405.25,819,142670.71,3.03
2023-09-05,Summer Promo,Influencer,30174,753,2479.83,59,4113.07,0.659
2023-07-08,Black Friday,Email,132760,2581,8075.42,119,18871.2,1.337
2023-06-01,Back to School,Search Ads,83694,1587,862.52,134,17527.4,19.321
2023-10-07,Black Friday,Search Ads,19395,1213,4287.29,83,6654.75,0.552
2023-05-03,Black Friday,Search Ads,99661,1220,3921.69,110,19736.75,4.033
2023-08-24,Summer Promo,Search Ads,139396,4040,11736.9,111,14228.42,0.212
2023-02-26,Back to School,Search Ads,34134,1089,458.36,36,1866.78,3.073
2023-07-04,Back to School,Email,49454,3275,5207.2,272,9786.46,0.879
2023-05-21,Back to School,Influencer,147669,2692,5008.65,106,4704.84,-0.061
2023-12-26,Summer Promo,Search Ads,28263,1886,4726.15,87,7527.95,0.593
2023-03-18,Holiday Extravaganza,Email,67100,1421,4775.51,32,5625.14,0.178
2023-12-15,Black Friday,Search Ads,7967,472,629.41,52,2123.59,2.374
2023-11-23,Black Friday,Search Ads,147492,10270,18704.59,276,38031.72,1.033
2023-02-13,Summer Promo,Influencer,88696,3309,8258.5,244,13101.38,0.586
2023-10-22,Summer Promo,Social Media,128934,5417,18726.64,355,55353.41,1.956
2023-06-16,Holiday Extravaganza,Influencer,31329,2202,4128.55,56,7028.48,0.702
2023-02-07,Summer Promo,Email,49052,1443,3693.38,44,2168.97,-0.413
2023-04-06,Back to School,Influencer,19873,746,1117.48,75,3988.98,2.57
2023-06-13,Summer Promo,Display,37657,2155,7400.09,224,35266.57,3.766
2023-12-01,Spring Launch,Social Media,65856,1094,2250.41,86,14546.33,5.464
2023-10-13,Back to School,Social Media,23384,650,1944.48,53,8722.14,3.486
2023-01-17,Summer Promo,Influencer,93560,6861,24969.77,560,27291.3,0.093
2023-02-03,Spring Launch,Influencer,50380,3422,2233.82,325,32421.63,13.514
2023-08-01,Summer Promo,Influencer,91471,2639,3577.86,218,13848.98,2.871
2023-04-10,Back to School,Display,10368,609,828.88,55,7525.97,8.08
2023-08-14,Back to School,Display,44740,839,898.73,83,12981.0,13.444
2023-07-13,Spring Launch,Influencer,140497,3744,9390.94,258,19801.66,1.109
2023-09-05,Spring Launch,Search Ads,139616,9936,19665.77,655,94440.59,3.802
2023-05-04,Spring Launch,Search Ads,16725,1161,2202.54,24,2013.3,-0.086
2023-09-21,Summer Promo,Search Ads,112897,5170,18732.3,227,27576.92,0.472
2023-04-25,Black Friday,Influencer,100913,1217,3067.75,77,4994.94,0.628
2023-06-12,Spring Launch,Social Media,146116,9911,19150.39,305,45219.03,1.361
2023-11-24,Summer Promo,Email,74890,4078,11022.5,419,36463.38,2.308
2023-03-18,Black Friday,Email,137646,3682,4258.64,132,8346.25,0.96
2023-10-04,Holiday Extravaganza,Email,30980,1396,3658.26,148,8213.45,1.245
2023-06-02,Black Friday,Email,43977,1704,2056.2,178,8489.7,3.129
2023-02-13,Summer Promo,Influencer,34476,1611,1605.07,62,10988.16,5.846
2023-02-05,Black Friday,Influencer,47950,2980,4629.74,283,47937.16,9.354
2023-12-22,Holiday Extravaganza,Display,57521,3163,9967.0,122,12008.49,0.205
2023-01-29,Holiday Extravaganza,Influencer,115671,2112,4113.31,96,8075.16,0.963
2023-03-22,Holiday Extravaganza,Social Media,118640,6156,13120.04,611,72387.1,4.517
2023-08-03,Spring Launch,Social Media,144550,2720,5870.08,247,26996.74,3.599
2023-05-31,Spring Launch,Social Media,66175,4900,10624.09,485,38461.07,2.62
2023-07-29,Spring Launch,Social Media,92302,1132,834.13,130,8753.56,9.494
2023-05-27,Black Friday,Influencer,95911,7101,26426.68,547,62212.38,1.354
2023-11-02,Holiday Extravaganza,Email,140680,2897,4743.07,202,30490.99,5.429
2023-08-12,Summer Promo,Display,24743,1239,4265.4,39,4979.71,0.167
2023-05-18,Holiday Extravaganza,Social Media,106419,1583,4750.9,78,2838.05,-0.403
2023-02-06,Summer Promo,Display,27151,1591,4854.88,178,18085.28,2.725
2023-09-09,Summer Promo,Email,122353,2618,2485.77,307,27726.9,10.154
2023-12-08,Black Friday,Display,106758,6498,3522.55,448,77742.46,21.07
2023-01-08,Black Friday,Influencer,93748,4023,14251.83,163,9045.54,-0.365
2023-02-18,Summer Promo,Display,148265,3094,1385.0,305,44662.95,31.248
2023-01-04,Summer Promo,Influencer,26746,607,1409.44,19,3267.11,1.318
2023-08-04,Back to School,Display,138796,8439,31016.08,982,171491.18,4.529
2023-02-08,Spring Launch,Email,29871,1540,1653.28,183,28984.83,16.532
2023-06-05,Holiday Extravaganza,Display,28363,1697,1383.37,151,10983.81,6.94
2023-01-02,Spring Launch,Email,55208,2768,7075.3,206,26757.95,2.782
2023-11-23,Black Friday,Social Media,12619,890,1691.19,88,13738.11,7.123
2023-01-01,Black Friday,Search Ads,50335,834,906.99,52,7049.75,6.773
2023-10-25,Holiday Extravaganza,Search Ads,58969,4244,7460.65,287,27327.3,2.663
2023-01-23,Back to School,Email,127690,2041,3040.28,65,4234.23,0.393
2023-04-28,Summer Promo,Search Ads,25659,1130,694.04,98,9874.78,13.228
2023-01-10,Holiday Extravaganza,Influencer,147812,6395,6937.1,362,25928.98,2.738
2023-01-03,Summer Promo,Social Media,81036,3490,10100.69,100,12209.47,0.209
2023-08-22,Holiday Extravaganza,Display,1196,33,67.04,0,0.0,-1.0
2023-07-21,Spring Launch,Influencer,49346,1752,2028.8,165,18998.93,8.365
2023-01-09,Spring Launch,Social Media,38355,2145,5487.89,75,5293.74,-0.035
2023-03-22,Summer Promo,Search Ads,45270,695,1905.52,24,1927.6,0.012
2023-05-19,Black Friday,Email,42893,2001,4714.42,73,2836.91,-0.398
2023-01-15,Spring Launch,Display,123543,8799,10399.01,1000,89268.64,7.584
2023-08-12,Black Friday,Display,64220,2125,4048.55,109,7333.85,0.811
2023-09-15,Summer Promo,Search Ads,54233,900,2122.48,21,2509.08,0.182
2023-05-28,Spring Launch,Email,146347,3324,6811.2,383,19905.0,1.922
2023-12-11,Back to School,Display,50917,2199,8318.84,174,16265.19,0.955
2023-04-28,Summer Promo,Social Media,36962,865,1277.22,19,1159.0,-0.093
2023-03-31,Holiday Extravaganza,Email,92899,1967,6379.7,166,24258.32,2.802
2023-07-15,Spring Launch,Social Media,89773,1565,1425.78,43,3742.67,1.625
2023-08-22,Holiday Extravaganza,Influencer,55704,4061,8725.13,112,13478.34,0.545
2023-06-04,Spring Launch,Search Ads,92902,3159,11000.84,307,48092.5,3.372
2023-05-02,Black Friday,Social Media,79129,2793,8615.55,332,25648.74,1.977
2023-12-01,Holiday Extravaganza,Influencer,113418,6560,16648.95,577,84120.68,4.053
2023-07-23,Back to School,Search Ads,112664,6298,14028.29,365,16515.32,0.177
2023-12-25,Summer Promo,Display,133908,6976,5387.16,693,55784.23,9.355
2023-01-25,Holiday Extravaganza,Social Media,44271,3307,11816.68,395,42929.4,2.633
2023-03-16,Holiday Extravaganza,Display,113145,6475,11380.97,282,39715.24,2.49
2023-05-22,Back to School,Email,105579,2495,8218.05,177,29144.27,2.546
2023-07-28,Summer Promo,Search Ads,30936,773,303.31,61,9958.36,31.832
2023-07-29,Black Friday,Email,147618,10387,16170.76,542,39923.17,1.469
2023-12-19,Back to School,Search Ads,29565,1817,3268.8,152,23029.55,6.045
2023-01-20,Back to School,Display,62950,1698,1333.61,184,15865.22,10.896
2023-10-21,Spring Launch,Search Ads,72456,5222,6135.17,161,10319.91,0.682
2023-08-25,Black Friday,Email,38873,1564,970.82,138,19049.66,18.622
2023-02-14,Black Friday,Display,88743,1168,2005.25,27,3460.46,0.726
2023-12-03,Black Friday,Search Ads,13347,816,1079.59,90,13699.96,11.69
2023-09-17,Spring Launch,Influencer,63150,2339,3443.98,169,17211.09,3.997
2023-08-05,Black Friday,Email,115233,4884,17306.45,545,24908.65,0.439
2023-10-11,Back to School,Display,53086,663,1627.96,31,5249.74,2.225
2023-04-14,Black Friday,Search Ads,63001,3194,9909.4,285,47515.19,3.795
2023-09-04,Spring Launch,Email,138057,3667,7452.53,292,45342.72,5.084
2023-09-04,Black Friday,Email,87337,3816,8715.23,100,9807.51,0.125
2023-02-28,Summer Promo,Display,88162,4974,2650.53,288,24505.77,8.246
2023-02-24,Spring Launch,Influencer,125943,6851,6357.41,668,29042.83,3.568
2023-08-15,Back to School,Display,79509,1690,2260.62,48,1697.39,-0.249
2023-06-11,Spring Launch,Influencer,24962,1386,3957.0,111,7549.58,0.908
2023-04-10,Spring Launch,Social Media,89139,5883,5493.94,539,69117.44,11.581
2023-02-04,Summer Promo,Search Ads,95065,5680,18472.53,489,60317.29,2.265
2023-09-22,Back to School,Display,62581,1681,5381.85,73,2753.62,-0.488
2023-10-23,Spring Launch,Email,127246,1979,6514.06,176,20737.78,2.184
2023-05-17,Holiday Extravaganza,Influencer,77112,3165,10869.45,265,14592.81,0.343
2023-07-12,Back to School,Display,121247,6630,16272.45,245,43982.86,1.703
2023-01-10,Summer Promo,Influencer,66204,3080,3886.84,365,60719.4,14.622
2023-10-19,Holiday Extravaganza,Search Ads,42690,722,1631.46,72,7950.94,3.874
2023-04-15,Holiday Extravaganza,Influencer,48634,1662,5903.54,49,7430.91,0.259
2023-06-27,Holiday Extravaganza,Influencer,25343,1259,2264.87,97,10162.53,3.487
2023-03-18,Spring Launch,Social Media,8657,364,922.83,31,1649.95,0.788
2023-11-16,Holiday Extravaganza,Display,18987,1123,2397.52,28,2640.54,0.101
2023-12-03,Black Friday,Email,112150,2058,2380.03,190,29025.09,11.195
2023-07-06,Black Friday,Search Ads,12168,840,3094.92,62,4078.27,0.318
2023-03-22,Holiday Extravaganza,Influencer,36344,1513,971.69,163,5798.34,4.967
2023-04-07,Summer Promo,Search Ads,128837,4180,4351.47,421,47194.93,9.846
2023-03-31,Back to School,Influencer,38448,2456,5312.11,84,13115.76,1.469
2023-12-16,Black Friday,Influencer,60521,2813,7446.09,66,6808.28,-0.086
2023-04-18,Spring Launch,Social Media,117117,2726,5159.97,185,7140.75,0.384
2023-01-18,Spring Launch,Search Ads,148005,6620,14623.37,322,13693.79,-0.064
2023-12-04,Black Friday,Search Ads,118061,1731,5134.99,61,4768.49,-0.071
2023-09-14,Holiday Extravaganza,Search Ads,44129,1119,1076.16,59,7921.35,6.361
2023-01-18,Black Friday,Search Ads,56477,3972,2340.79,417,55798.02,22.837
2023-02-24,Spring Launch,Influencer,14281,783,1558.74,26,1121.74,-0.28
2023-03-05,Spring Launch,Influencer,89795,6576,2826.76,500,37933.44,12.419
2023-03-17,Back to School,Influencer,85985,3203,7900.2,332,37237.31,3.713
2023-06-11,Black Friday,Influencer,43170,889,1860.05,100,12358.48,5.644
2023-07-17,Back to School,Display,65463,2538,8704.15,280,40560.06,3.66
2023-04-25,Holiday Extravaganza,Social Media,46707,2647,6827.94,99,11535.52,0.689
2023-04-01,Holiday Extravaganza,Display,82983,5085,3951.58,291,35003.03,7.858
2023-12-17,Back to School,Search Ads,9974,123,239.03,3,306.9,0.284
2023-12-22,Summer Promo,Influencer,47539,1071,518.39,24,2758.38,4.321
2023-10-01,Holiday Extravaganza,Influencer,90076,4369,15865.3,184,10212.0,-0.356
2023-04-10,Back to School,Social Media,24743,1639,1108.12,163,22014.75,18.867
2023-04-19,Summer Promo,Influencer,74574,2547,3324.7,184,23128.64,5.957
2023-02-25,Spring Launch,Display,55331,1577,988.23,107,13406.88,12.567
2023-07-18,Summer Promo,Display,111743,6121,9453.19,707,74520.19,6.883
2023-04-11,Spring Launch,Search Ads,91218,1683,5983.89,184,9998.18,0.671
2023-08-20,Summer Promo,Email,33937,2044,6348.76,95,11332.73,0.785
2023-11-04,Black Friday,Social Media,101672,1268,4795.75,114,11567.24,1.412
2023-11-14,Black Friday,Search Ads,126408,8086,25090.27,220,32980.74,0.314
2023-01-22,Black Friday,Search Ads,130655,8033,17133.13,697,88849.39,4.186
2023-03-23,Back to School,Search Ads,3799,175,239.01,16,1683.75,6.045
2023-09-04,Back to School,Influencer,149905,2170,7591.37,139,22590.2,1.976
2023-04-01,Back to School,Search Ads,83488,4417,8064.3,455,53972.79,5.693
2023-05-11,Spring Launch,Search Ads,93824,4924,14499.11,573,32889.65,1.268
2023-04-18,Back to School,Display,1952,98,163.71,11,1606.13,8.811
2023-03-30,Spring Launch,Search Ads,87276,2543,6599.76,232,30407.77,3.607
2023-01-06,Black Friday,Social Media,16391,910,704.38,26,3657.55,4.193
2023-03-17,Back to School,Search Ads,109755,7872,6880.66,692,40548.96,4.893
2023-08-29,Spring Launch,Display,99857,7326,13383.35,203,23993.43,0.793
2023-12-17,Holiday Extravaganza,Search Ads,5788,246,734.05,22,2932.74,2.995
2023-02-28,Black Friday,Display,20952,904,1809.31,88,7618.41,3.211
2023-07-17,Spring Launch,Influencer,77905,2497,7952.62,157,14760.05,0.856
2023-02-15,Black Friday,Social Media,70743,3575,11519.31,116,9765.2,-0.152
2023-07-13,Black Friday,Search Ads,40791,1507,3068.12,127,15206.79,3.956
2023-07-14,Black Friday,Influencer,143616,2411,896.56,76,3563.83,2.975
2023-09-11,Back to School,Display,63323,4215,11807.53,231,31622.05,1.678
2023-10-16,Back to School,Social Media,86443,5630,12498.71,159,7319.48,-0.414
2023-06-27,Holiday Extravaganza,Search Ads,62976,1576,5416.58,136,10151.68,0.874
2023-03-23,Holiday Extravaganza,Display,109187,1800,6357.97,196,17906.88,1.816
2023-06-13,Spring Launch,Social Media,71112,1291,2053.3,149,7399.85,2.604
2023-04-01,Black Friday,Search Ads,7104,286,923.36,31,3826.6,3.144
2023-12-14,Spring Launch,Influencer,71156,4953,13200.01,390,17818.59,0.35
2023-10-22,Spring Launch,Email,57999,4231,4234.59,320,43569.48,9.289
2023-09-12,Holiday Extravaganza,Social Media,96083,6133,9488.89,369,48751.7,4.138
2023-04-17,Summer Promo,Influencer,83371,4972,16998.93,496,78411.17,3.613
2023-08-28,Black Friday,Social Media,4588,63,105.37,5,731.99,5.947
2023-03-05,Spring Launch,Influencer,56421,2309,6683.8,191,10634.51,0.591
2023-07-19,Summer Promo,Display,24560,1242,440.63,137,11607.58,25.343
2023-11-11,Back to School,Social Media,97111,1425,4926.72,139,20462.7,3.153
2023-01-11,Holiday Extravaganza,Social Media,16665,1197,993.77,101,7612.78,6.661
2023-03-29,Summer Promo,Email,19881,1304,4470.94,128,19572.39,3.378
2023-09-17,Summer Promo,Influencer,52227,960,1516.27,74,10244.58,5.756
2023-11-26,Back to School,Display,68452,2486,2753.1,281,21118.3,6.671
2023-06-17,Back to School,Email,121988,5487,9144.8,647,36051.82,2.942
2023-10-09,Black Friday,Search Ads,22569,1101,2008.48,92,3453.1,0.719
2023-08-08,Summer Promo,Influencer,99804,5640,18777.68,123,12272.36,-0.346
2023-03-26,Spring Launch,Search Ads,55383,3972,8687.25,307,17435.97,1.007
2023-06-12,Spring Launch,Display,114208,8252,28748.42,967,169966.98,4.912
2023-08-09,Spring Launch,Email,67726,2406,3035.11,186,26751.54,7.814
2023-10-23,Holiday Extravaganza,Display,30896,542,1278.3,24,3688.61,1.886
2023-01-26,Back to School,Search Ads,144127,6891,22574.71,545,63642.72,1.819
2023-07-08,Summer Promo,Search Ads,145359,3315,1959.93,338,52095.16,25.58
2023-05-25,Summer Promo,Influencer,75447,3626,6347.24,306,35027.85,4.519
2023-08-14,Holiday Extravaganza,Email,110246,2352,1965.33,130,12957.52,5.593
2023-03-15,Summer Promo,Influencer,37272,2760,5101.82,298,32099.44,5.292
2023-08-17,Summer Promo,Influencer,109800,4522,11656.86,112,16473.84,0.413
2023-01-25,Spring Launch,Search Ads,58581,2756,7255.55,256,40164.18,4.536
2023-07-11,Black Friday,Social Media,3191,74,193.57,4,340.96,0.761
2023-04-14,Holiday Extravaganza,Influencer,86628,2088,6463.11,204,18688.38,1.892
2023-03-22,Back to School,Email,85217,3851,2493.07,327,35070.59,13.067
2023-11-28,Summer Promo,Influencer,130917,5583,14738.73,602,30245.68,1.052
2023-07-23,Black Friday,Social Media,128664,8434,26815.22,721,113889.75,3.247
2023-03-10,Black Friday,Email,73101,1518,2370.0,151,10900.26,3.599
2023-02-22,Summer Promo,Social Media,15516,846,604.86,27,1258.52,1.081
2023-08-28,Summer Promo,Search Ads,47478,1494,4699.03,64,7140.55,0.52
2023-07-17,Back to School,Email,26990,1059,2492.93,107,15562.88,5.243
2023-11-01,Spring Launch,Search Ads,69791,5166,3577.63,600,106194.17,28.683
2023-03-09,Spring Launch,Email,38405,1219,4588.11,65,3950.52,-0.139
2023-12-06,Summer Promo,Influencer,20094,978,2248.54,71,10687.78,3.753
2023-05-13,Summer Promo,Email,68174,2205,2626.84,142,25510.34,8.711
2023-08-15,Spring Launch,Social Media,37490,2036,7155.07,223,16496.68,1.306
2023-08-21,Spring Launch,Social Media,112790,3440,11542.82,77,10781.82,-0.066
2023-04-27,Black Friday,Social Media,49701,639,2345.54,62,3990.24,0.701
2023-11-18,Summer Promo,Email,8134,169,256.58,4,577.68,1.251
2023-10-16,Summer Promo,Influencer,9103,347,366.86,17,970.52,1.645
2023-04-29,Spring Launch,Search Ads,97231,6961,22699.25,471,45591.89,1.009
2023-07-25,Spring Launch,Display,83005,3204,11076.52,180,22750.84,1.054
2023-05-23,Summer Promo,Display,123638,8679,12351.01,177,31391.73,1.542
2023-09-27,Back to School,Email,31635,952,3319.13,74,11706.89,2.527
2023-11-14,Black Friday,Search Ads,141305,3521,9402.55,187,30601.97,2.255
2023-03-20,Holiday Extravaganza,Influencer,107932,5164,2855.51,400,49492.79,16.332
2023-02-10,Summer Promo,Search Ads,22340,407,1425.52,22,2737.86,0.921
2023-02-25,Holiday Extravaganza,Social Media,70906,1914,3597.18,51,5460.52,0.518
2023-08-03,Black Friday,Influencer,3579,55,95.14,3,414.1,3.353
2023-05-09,Back to School,Social Media,131095,8798,11032.01,629,62848.6,4.697
2023-02-20,Back to School,Email,98822,4693,8018.84,114,14290.98,0.782
2023-03-04,Black Friday,Influencer,80038,3717,10411.58,235,23199.32,1.228
2023-08-27,Back to School,Social Media,98667,3151,10290.45,212,9627.43,-0.064
2023-01-16,Holiday Extravaganza,Email,137842,5414,13355.45,398,43942.45,2.29
2023-03-18,Holiday Extravaganza,Search Ads,86338,6126,5259.81,658,84188.94,15.006
2023-12-07,Spring Launch,Social Media,137408,1832,1118.7,213,10853.95,8.702
2023-09-12,Spring Launch,Influencer,128707,2500,7368.34,74,6066.45,-0.177
2023-11-03,Back to School,Email,41476,1182,3554.25,108,12128.43,2.412
2023-07-22,Summer Promo,Influencer,60984,3393,2631.47,356,61839.12,22.5
2023-12-10,Back to School,Influencer,26953,1694,1374.52,74,8732.69,5.353
2023-06-06,Spring Launch,Display,116957,3728,3207.33,133,10136.0,2.16
2023-12-14,Summer Promo,Influencer,80737,4820,17464.27,194,30991.17,0.775
2023-10-09,Black Friday,Email,24914,1372,1404.4,78,10648.92,6.583
2023-06-28,Summer Promo,Social Media,136539,1924,5332.68,168,15907.95,1.983
2023-07-27,Spring Launch,Social Media,142703,4642,2788.54,148,20350.22,6.298
2023-04-10,Summer Promo,Display,149217,4647,9716.46,276,28648.0,1.948
2023-01-13,Spring Launch,Email,41237,2796,8617.46,299,25379.55,1.945
2023-03-31,Spring Launch,Email,76946,5368,13547.59,587,75367.43,4.563
2023-12-09,Spring Launch,Email,99831,4334,12328.38,343,31863.3,1.585
2023-08-21,Black Friday,Social Media,14211,255,546.74,29,4075.78,6.455
2023-05-27,Spring Launch,Search Ads,92127,5695,16451.97,507,67478.15,3.102
2023-03-14,Back to School,Email,121910,4237,6413.03,350,20102.64,2.135
2023-03-03,Holiday Extravaganza,Search Ads,149666,6322,17041.77,741,73692.53,3.324
2023-12-23,Back to School,Email,5476,376,408.14,37,2487.12,5.094
2023-08-04,Spring Launch,Display,95605,4749,3602.65,301,43250.59,11.005
2023-03-21,Spring Launch,Email,11174,838,2687.01,63,9895.21,2.683
2023-03-04,Back to School,Search Ads,90251,3779,4767.01,337,60060.29,11.599
2023-07-30,Back to School,Search Ads,96192,3044,10393.33,84,3250.39,-0.687
2023-08-25,Holiday Extravaganza,Influencer,58665,2532,7145.28,199,7864.2,0.101
2023-07-28,Holiday Extravaganza,Search Ads,64471,4419,8012.02,259,24706.23,2.084
2023-02-11,Spring Launch,Influencer,73156,3021,9983.17,167,8082.04,-0.19
2023-04-18,Summer Promo,Influencer,125655,3596,5631.85,410,54691.83,8.711
2023-08-13,Summer Promo,Social Media,12178,234,388.83,26,3444.22,7.858
2023-05-24,Spring Launch,Email,80081,3234,6263.21,69,8867.97,0.416
2023-07-06,Spring Launch,Influencer,40474,2047,815.45,222,20696.09,24.38
2023-12-26,Summer Promo,Influencer,69819,2619,6368.74,164,24179.93,2.797
2023-10-01,Holiday Extravaganza,Display,87914,4138,7394.44,286,23852.12,2.226
2023-01-16,Back to School,Email,126123,2059,1780.4,181,26065.09,13.64
2023-10-07,Spring Launch,Display,87052,2043,5787.9,58,9591.87,0.657
2023-03-06,Black Friday,Influencer,55477,2736,5446.97,67,5544.54,0.018
2023-02-12,Summer Promo,Social Media,112317,8230,14713.65,323,50530.57,2.434
2023-08-09,Black Friday,Search Ads,43876,876,612.77,68,3614.06,4.898
2023-04-29,Holiday Extravaganza,Social Media,42383,2873,8783.8,242,31902.12,2.632
2023-07-04,Holiday Extravaganza,Social Media,9495,483,1017.33,15,2309.7,1.27
2023-04-01,Spring Launch,Display,87636,6119,2287.47,269,12702.57,4.553
2023-07-17,Holiday Extravaganza,Search Ads,85789,2745,6808.72,131,14929.45,1.193
2023-12-01,Spring Launch,Social Media,89422,3683,9479.56,137,22272.65,1.35
2023-09-19,Spring Launch,Display,25633,1665,4781.5,143,22416.13,3.688
2023-05-13,Summer Promo,Display,57488,2362,5258.81,168,25175.0,3.787
2023-02-06,Summer Promo,Search Ads,55908,1551,3804.53,181,25455.59,5.691
2023-10-13,Black Friday,Search Ads,103455,3664,12215.02,343,49037.72,3.015
2023-08-02,Spring Launch,Social Media,20853,730,1106.06,83,12086.22,9.927
2023-09-29,Holiday Extravaganza,Display,29356,590,1669.63,25,1609.04,-0.036
2023-01-28,Back to School,Social Media,68628,2002,2533.35,216,16457.36,5.496
2023-05-13,Spring Launch,Influencer,114393,5851,19310.95,238,22372.47,0.159
2023-08-31,Spring Launch,Influencer,88961,4739,15533.71,524,48200.02,2.103
2023-09-25,Back to School,Email,132393,4887,4264.99,459,60519.52,13.19
2023-10-08,Black Friday,Social Media,56574,2277,6979.49,220,33052.38,3.736
2023-10-02,Holiday Extravaganza,Display,24887,595,1334.73,22,3361.1,1.518
2023-03-20,Summer Promo,Search Ads,113732,3009,3547.45,309,39573.41,10.155
2023-03-26,Black Friday,Influencer,117167,2218,6141.73,189,33738.99,4.493
2023-12-13,Holiday Extravaganza,Display,5094,123,410.51,7,1055.56,1.571
2023-03-05,Black Friday,Search Ads,30402,413,1192.74,36,2698.22,1.262
2023-01-04,Spring Launch,Display,12728,615,1711.7,26,1414.8,-0.173
2023-06-09,Back to School,Search Ads,10311,695,838.07,27,1176.9,0.404
2023-12-25,Holiday Extravaganza,Influencer,76982,4926,8097.53,546,44482.98,4.493
2023-07-28,Summer Promo,Display,130661,1690,979.89,178,15867.32,15.193
2023-10-25,Summer Promo,Display,116507,6601,22514.69,389,54987.25,1.442
2023-05-22,Holiday Extravaganza,Social Media,58383,3402,9630.63,400,64270.48,5.674
2023-08-03,Holiday Extravaganza,Email,140040,6474,7643.59,533,43153.31,4.646
2023-11-26,Back to School,Social Media,72075,1089,3117.8,32,2981.92,-0.044
2023-01-31,Summer Promo,Social Media,10398,467,1285.98,12,696.64,-0.458
2023-03-05,Spring Launch,Display,16579,815,2209.72,90,6366.35,1.881
2023-09-05,Holiday Extravaganza,Influencer,147559,5526,4784.65,166,7780.15,0.626
2023-04-27,Holiday Extravaganza,Social Media,108464,3240,1654.94,160,23578.88,13.248
2023-10-07,Black Friday,Social Media,122688,3184,11159.16,98,10583.27,-0.052
2023-11-27,Black Friday,Social Media,136927,8219,13431.5,938,142600.1,9.617
2023-09-22,Back to School,Email,93196,4326,14614.8,514,54625.22,2.738
2023-01-13,Back to School,Display,125483,2742,3630.56,269,41722.97,10.492
2023-11-08,Spring Launch,Influencer,55097,1863,4247.42,137,9110.53,1.145
2023-12-09,Summer Promo,Influencer,79347,3976,13351.8,124,5366.45,-0.598
2023-01-14,Black Friday,Display,70082,899,2927.36,84,9885.19,2.377
2023-02-22,Summer Promo,Influencer,26905,1253,664.23,59,6872.34,9.346
2023-01-29,Black Friday,Influencer,40263,1232,2701.56,125,15372.06,4.69
2023-01-19,Summer Promo,Social Media,81838,3022,10233.0,234,13172.33,0.287
2023-01-08,Spring Launch,Email,72018,2143,7211.21,109,16947.98,1.35
2023-08-27,Summer Promo,Email,74183,4571,14527.47,180,20243.63,0.393
2023-06-06,Summer Promo,Email,12480,564,556.39,44,2705.89,3.863
2023-03-16,Summer Promo,Search Ads,102275,7166,26313.22,234,31795.63,0.208
2023-05-11,Summer Promo,Search Ads,88361,2541,1630.6,140,5554.29,2.406
2023-03-29,Black Friday,Influencer,84116,3117,8351.69,203,18678.62,1.237
2023-01-08,Holiday Extravaganza,Search Ads,5697,248,550.82,19,1075.99,0.953
2023-05-02,Spring Launch,Search Ads,148483,5344,18867.71,484,39245.9,1.08
2023-06-18,Holiday Extravaganza,Search Ads,49601,3120,3676.63,106,14581.24,2.966
2023-08-30,Black Friday,Search Ads,10768,615,243.33,27,4624.47,18.005
2023-03-26,Summer Promo,Social Media,93181,6506,10557.03,438,71486.4,5.771
2023-06-15,Summer Promo,Social Media,146449,10542,32919.86,455,48151.66,0.463
2023-03-26,Spring Launch,Social Media,126294,6659,18473.76,565,77810.45,3.212
2023-01-22,Summer Promo,Influencer,10754,155,100.97,17,2263.5,21.418
2023-08-07,Holiday Extravaganza,Email,31379,1013,2779.63,83,9972.27,2.588
2023-09-29,Holiday Extravaganza,Search Ads,116949,3071,10494.93,198,33232.79,2.167
2023-12-07,Spring Launch,Display,53219,1216,847.16,129,11377.78,12.43
2023-06-06,Spring Launch,Social Media,8325,256,922.06,26,4657.15,4.051
2023-08-06,Black Friday,Social Media,6599,340,1282.23,37,5451.11,3.251
2023-07-01,Summer Promo,Display,140098,6710,15678.63,373,39212.23,1.501
2023-10-09,Summer Promo,Social Media,53358,2690,6306.35,104,3954.17,-0.373
2023-06-10,Back to School,Social Media,57041,3651,13693.37,111,18958.45,0.384
2023-12-18,Summer Promo,Search Ads,60605,1581,2166.84,90,13149.62,5.069
2023-03-22,Spring Launch,Search Ads,124758,3680,5127.64,141,12024.07,1.345
2023-01-12,Holiday Extravaganza,Social Media,47646,999,2419.62,22,3745.42,0.548
2023-12-23,Summer Promo,Influencer,94997,2652,5769.81,157,26593.86,3.609
2023-03-27,Summer Promo,Display,148470,6030,13960.2,343,41545.67,1.976
2023-12-21,Summer Promo,Social Media,77836,4569,2580.12,237,13739.17,4.325
2023-02-15,Summer Promo,Search Ads,12356,660,2269.48,54,3517.26,0.55
2023-08-18,Black Friday,Display,115730,2524,6321.97,196,24818.56,2.926
2023-03-02,Summer Promo,Display,85802,5652,8711.87,312,54095.57,5.209
2023-12-17,Back to School,Search Ads,137911,8727,20763.71,1002,174184.55,7.389
2023-12-04,Back to School,Display,67480,1095,4002.11,49,4872.95,0.218
2023-11-19,Spring Launch,Email,45006,3351,1693.65,232,38436.14,21.694
2023-06-30,Holiday Extravaganza,Social Media,83579,1831,3232.88,92,9034.82,1.795
2023-06-11,Summer Promo,Email,108764,4888,18318.83,199,23290.58,0.271
2023-06-02,Holiday Extravaganza,Email,37464,2708,8005.72,138,5080.48,-0.365
2023-11-07,Back to School,Social Media,101509,1337,4547.49,101,11343.05,1.494
2023-10-15,Spring Launch,Display,97677,6241,20521.08,710,85217.48,3.153
2023-06-19,Summer Promo,Social Media,28295,1592,3809.29,133,12692.93,2.332
2023-10-28,Summer Promo,Social Media,7250,336,329.25,30,2176.04,5.609
2023-01-01,Spring Launch,Search Ads,105820,2685,5633.4,237,27547.19,3.89
2023-11-11,Spring Launch,Social Media,86712,1386,1024.03,161,25064.16,23.476
2023-09-14,Holiday Extravaganza,Influencer,149280,9354,11975.88,615,81415.95,5.798
2023-08-30,Summer Promo,Social Media,56271,2513,8828.9,251,44524.36,4.043
2023-02-12,Black Friday,Search Ads,31795,1889,5252.97,66,6703.47,0.276
2023-01-20,Spring Launch,Email,91874,4103,10400.06,157,18150.35,0.745
2023-09-28,Holiday Extravaganza,Social Media,102034,1618,4666.86,151,25775.51,4.523
2023-03-16,Summer Promo,Influencer,123044,2070,5235.8,133,21292.07,3.067
2023-01-08,Spring Launch,Email,40347,1138,1883.86,65,5572.28,1.958
2023-12-17,Black Friday,Social Media,11471,268,821.4,13,1854.5,1.258
2023-08-26,Black Friday,Social Media,4459,104,49.08,11,1365.68,26.826
2023-12-10,Holiday Extravaganza,Search Ads,5086,92,73.45,4,252.17,2.433
2023-01-28,Summer Promo,Display,138746,6163,22398.15,438,65424.23,1.921
2023-08-27,Black Friday,Email,81431,2579,2009.18,167,12231.05,5.088
2023-12-27,Spring Launch,Email,60781,3637,8757.32,130,17108.9,0.954
2023-02-23,Back to School,Email,124387,3583,4760.0,292,29883.09,5.278
2023-03-24,Summer Promo,Influencer,14954,624,377.61,73,8543.32,21.625
2023-09-05,Summer Promo,Influencer,79951,2308,3147.66,129,20452.31,5.498
2023-12-04,Holiday Extravaganza,Search Ads,6154,192,141.39,9,862.06,5.097
2023-08-01,Back to School,Display,124923,4959,9213.59,387,58912.71,5.394
2023-12-08,Summer Promo,Search Ads,47168,3278,9417.42,156,26914.31,1.858
2023-01-01,Black Friday,Influencer,11485,453,1077.16,30,2343.4,1.176
2023-06-20,Back to School,Email,114680,3463,9397.69,333,49073.58,4.222
2023-07-02,Holiday Extravaganza,Email,51314,2713,1835.33,61,6886.14,2.752
2023-09-07,Back to School,Email,67757,3100,5273.17,72,11907.34,1.258
2023-07-22,Holiday Extravaganza,Search Ads,53915,758,1184.38,74,13031.62,10.003
2023-06-13,Black Friday,Email,86510,3305,8676.84,320,24494.97,1.823
2023-10-09,Holiday Extravaganza,Display,89140,4557,2834.49,525,43205.25,14.243
2023-11-26,Spring Launch,Display,112389,5352,13835.94,501,67054.4,3.846
2023-03-29,Spring Launch,Social Media,96619,5216,18203.22,448,76651.12,3.211
2023-01-27,Holiday Extravaganza,Email,94244,4390,10886.85,133,15916.11,0.462
2023-04-17,Black Friday,Social Media,9149,582,633.45,22,924.4,0.459
2023-10-27,Summer Promo,Email,11025,531,1735.06,60,6723.86,2.875
2023-10-20,Spring Launch,Email,37999,2804,6966.52,146,21103.98,2.029
2023-12-18,Spring Launch,Display,56691,4106,2172.64,146,14714.8,5.773
2023-02-27,Summer Promo,Influencer,106388,4720,11991.54,506,73425.49,5.123
2023-01-10,Summer Promo,Influencer,148308,7857,8278.18,893,157596.2,18.038
2023-02-01,Holiday Extravaganza,Display,111359,2631,8455.11,274,30926.81,2.658
2023-08-15,Spring Launch,Display,134670,4514,6943.63,230,25338.5,2.649
2023-06-18,Summer Promo,Social Media,110331,2324,3044.78,190,19149.2,5.289
2023-10-10,Back to School,Social Media,51096,3042,3506.16,138,8023.17,1.288
2023-11-02,Back to School,Search Ads,49020,1914,731.18,214,9807.62,12.413
2023-05-17,Holiday Extravaganza,Search Ads,27303,816,2428.14,94,9586.13,2.948
2023-06-25,Black Friday,Display,110593,8141,4186.87,915,149802.86,34.779
2023-07-30,Black Friday,Social Media,98783,6179,17699.37,169,26499.6,0.497
2023-10-23,Back to School,Email,41086,2454,6353.48,148,8552.58,0.346
2023-10-26,Spring Launch,Influencer,49294,958,3199.01,31,2753.45,-0.139
2023-07-10,Back to School,Email,116608,1637,2590.18,190,29291.64,10.309
2023-01-27,Black Friday,Email,126761,3470,6525.58,375,21093.16,2.232
2023-06-12,Black Friday,Email,31070,1087,1566.97,126,13941.01,7.897
2023-10-27,Spring Launch,Display,137719,6089,2602.72,227,17026.38,5.542
2023-08-22,Spring Launch,Influencer,127094,5640,14118.85,593,97975.54,5.939
2023-08-14,Spring Launch,Email,21934,1210,1294.62,113,7475.65,4.774
2023-01-04,Summer Promo,Display,92655,1353,3652.99,38,1638.94,-0.551
2023-05-16,Back to School,Search Ads,7495,462,392.87,14,2370.56,5.034
2023-11-26,Back to School,Search Ads,67375,1604,1309.52,51,4135.54,2.158
2023-04-03,Black Friday,Influencer,102757,1310,1131.97,146,11501.36,9.16
2023-03-06,Black Friday,Social Media,51484,3181,11333.21,250,32429.43,1.861
2023-02-13,Spring Launch,Display,69137,1867,3230.0,42,3575.38,0.107
2023-09-16,Summer Promo,Social Media,11760,185,425.38,11,1499.42,2.525
2023-09-02,Summer Promo,Search Ads,86799,6074,8406.7,380,50260.02,4.979
2023-03-11,Summer Promo,Email,108377,7610,5719.71,162,7570.08,0.324
2023-01-05,Holiday Extravaganza,Display,77041,5077,14747.62,604,59149.41,3.011
2023-11-10,Summer Promo,Influencer,9122,423,235.18,24,1969.88,7.376
2023-01-13,Black Friday,Email,106164,3063,6112.59,287,27003.83,3.418
2023-11-17,Holiday Extravaganza,Social Media,110590,4334,12182.89,280,16856.38,0.384
2023-05-27,Holiday Extravaganza,Display,64336,3236,7918.39,359,19678.59,1.485
2023-10-30,Black Friday,Influencer,24025,1453,2859.33,45,3540.73,0.238
2023-05-14,Holiday Extravaganza,Social Media,148109,3283,1257.48,314,11264.4,7.958
2023-02-25,Back to School,Display,138873,4961,2701.85,175,9417.73,2.486
2023-11-07,Holiday Extravaganza,Email,23604,761,915.63,41,6315.86,5.898
2023-04-21,Holiday Extravaganza,Display,38912,2552,8635.54,256,40279.52,3.664
2023-04-27,Summer Promo,Influencer,104977,6592,13788.62,268,12518.74,-0.092
2023-09-22,Black Friday,Email,25660,1028,1414.29,115,20407.85,13.43
2023-04-24,Black Friday,Influencer,17266,236,399.06,11,529.65,0.327
2023-09-20,Back to School,Influencer,51163,711,1824.07,53,9087.95,3.982
2023-01-22,Spring Launch,Email,38652,2030,2349.31,92,8038.43,2.422
2023-04-15,Back to School,Email,54101,2569,3657.35,146,26075.08,6.13
2023-06-30,Back to School,Email,145123,9984,15766.48,1028,78324.1,3.968
2023-01-18,Summer Promo,Influencer,68647,2116,5843.16,154,13350.16,1.285
2023-08-12,Black Friday,Search Ads,111445,8285,5770.43,372,39325.43,5.815
2023-12-15,Holiday Extravaganza,Influencer,101759,2408,6498.1,110,12401.12,0.908
2023-07-24,Spring Launch,Email,36306,1409,4517.51,91,5333.67,0.181
2023-06-06,Holiday Extravaganza,Social Media,57075,3225,4712.66,75,4594.78,-0.025
2023-09-02,Holiday Extravaganza,Search Ads,9561,485,1599.86,31,4904.14,2.065
2023-04-11,Black Friday,Social Media,36385,2106,1641.28,110,16414.44,9.001
2023-10-19,Holiday Extravaganza,Search Ads,28056,2006,3578.27,236,42132.13,10.774
2023-08-02,Summer Promo,Influencer,78897,3430,8593.8,74,5388.26,-0.373
2023-09-07,Spring Launch,Search Ads,40806,1266,2775.77,32,4568.8,0.646
2023-03-12,Back to School,Display,93452,5375,17260.25,526,20532.84,0.19
2023-06-30,Holiday Extravaganza,Influencer,6370,456,752.5,18,3006.13,2.995
2023-08-07,Black Friday,Email,20729,1438,4205.89,162,24546.56,4.836
2023-04-10,Black Friday,Social Media,133207,8952,32842.54,537,54807.91,0.669
2023-05-23,Summer Promo,Display,77436,1267,3606.84,48,8399.62,1.329
2023-11-21,Holiday Extravaganza,Email,20303,1165,3466.73,87,3757.71,0.084
2023-11-08,Back to School,Social Media,118114,7892,5991.12,649,50650.31,7.454
2023-10-18,Holiday Extravaganza,Influencer,56422,2648,7444.76,216,35480.97,3.766
2023-03-14,Summer Promo,Display,79818,2207,7478.32,49,2769.38,-0.63
2023-10-11,Back to School,Email,5736,309,183.74,32,5741.57,30.248
2023-01-01,Summer Promo,Display,135998,8552,5319.85,195,29379.16,4.523
2023-11-28,Holiday Extravaganza,Influencer,99498,4792,6340.43,241,42574.35,5.715
2023-12-20,Back to School,Influencer,57155,3141,10136.51,107,14380.42,0.419
2023-08-20,Summer Promo,Influencer,32720,1316,2547.37,92,11700.49,3.593
2023-11-07,Holiday Extravaganza,Influencer,119698,4730,11730.29,451,62615.91,4.338
2023-09-25,Black Friday,Influencer,4826,62,127.6,5,346.24,1.713
2023-03-09,Black Friday,Display,64031,4671,12243.05,510,29572.1,1.415
2023-01-12,Summer Promo,Display,113759,3935,13325.94,131,16075.94,0.206
2023-12-20,Back to School,Display,2594,168,474.53,17,2898.84,5.109
2023-04-16,Back to School,Influencer,1936,41,98.32,3,243.52,1.477
2023-01-19,Spring Launch,Display,135771,7236,15642.47,447,19451.79,0.244
2023-11-07,Black Friday,Influencer,58736,4172,2269.57,409,65098.69,27.683
2023-12-20,Back to School,Display,10259,178,243.98,4,550.49,1.256
2023-04-11,Black Friday,Email,93293,4130,11217.47,282,43188.71,2.85
2023-07-29,Spring Launch,Search Ads,41334,3061,10779.24,279,17423.94,0.616
2023-06-23,Black Friday,Social Media,55491,2341,2689.85,135,9217.96,2.427
2023-02-09,Summer Promo,Social Media,55815,2793,5033.88,224,14574.02,1.895
2023-11-14,Back to School,Search Ads,72704,3624,12334.25,245,36002.3,1.919
2023-03-13,Black Friday,Email,26810,551,475.92,29,2452.39,4.153
2023-04-27,Holiday Extravaganza,Social Media,123621,3402,1894.37,208,10399.68,4.49
2023-10-20,Holiday Extravaganza,Email,65050,3118,6635.52,320,21482.99,2.238
2023-11-21,Back to School,Influencer,30865,1473,2058.44,57,8280.04,3.022
2023-07-02,Holiday Extravaganza,Social Media,21107,1367,3639.73,113,9549.71,1.624
2023-05-30,Summer Promo,Social Media,40255,2188,3842.33,154,18717.97,3.872
2023-07-28,Black Friday,Search Ads,36965,802,2206.62,46,4968.78,1.252
2023-04-05,Spring Launch,Search Ads,35521,2432,4243.65,73,7047.06,0.661
2023-10-28,Holiday Extravaganza,Email,50966,2473,6365.24,283,35030.74,4.503
2023-10-10,Spring Launch,Display,56821,1578,2158.6,72,7420.36,2.438
2023-07-01,Summer Promo,Social Media,116878,6771,3944.9,603,98549.79,23.982
2023-05-04,Summer Promo,Influencer,85538,4154,6336.08,180,30727.21,3.85
2023-09-11,Spring Launch,Search Ads,145820,9526,5320.95,895,114143.12,20.452
2023-10-14,Holiday Extravaganza,Social Media,114594,6539,23654.16,364,15266.84,-0.355
2023-05-23,Back to School,Email,55323,3121,11457.93,115,19569.77,0.708
2023-08-30,Holiday Extravaganza,Display,133005,8836,10329.37,683,56821.0,4.501
2023-10-11,Holiday Extravaganza,Email,140049,5309,16734.75,139,9261.18,-0.447
2023-06-08,Holiday Extravaganza,Search Ads,103362,3394,9922.78,388,44394.04,3.474
2023-05-15,Back to School,Influencer,108466,2972,11112.39,109,8754.55,-0.212
2023-09-24,Summer Promo,Influencer,23093,1431,3829.45,149,10490.73,1.739
2023-12-09,Black Friday,Influencer,136447,2390,3402.92,231,40095.92,10.783
2023-11-12,Summer Promo,Influencer,83369,2332,2712.34,55,5258.32,0.939
2023-06-10,Summer Promo,Influencer,22651,1577,1397.72,179,7073.38,4.061
2023-12-18,Spring Launch,Email,113241,4319,2571.68,509,56723.48,21.057
2023-09-04,Back to School,Social Media,58244,1389,3298.72,125,12809.84,2.883
2023-10-27,Spring Launch,Search Ads,60884,999,3091.89,69,11079.17,2.583
2023-02-26,Summer Promo,Email,126973,7263,20464.9,678,98737.26,3.825
2023-03-12,Black Friday,Display,61756,1666,1886.26,120,12272.95,5.506
2023-09-11,Spring Launch,Display,35974,2446,2060.16,241,21694.07,9.53
2023-08-13,Spring Launch,Email,10342,181,282.9,3,293.43,0.037
2023-07-24,Black Friday,Social Media,90983,2099,6790.96,206,11093.21,0.634
2023-03-08,Spring Launch,Email,74026,2645,8233.35,133,6925.16,-0.159
2023-11-07,Back to School,Search Ads,65289,1028,3893.68,114,5747.14,0.476
2023-10-30,Holiday Extravaganza,Search Ads,141249,3638,4192.56,134,19162.24,3.571
2023-12-04,Black Friday,Influencer,108429,6630,10700.62,454,60458.06,4.65
2023-06-03,Black Friday,Social Media,61235,2453,1314.79,150,6175.17,3.697
2023-02-14,Spring Launch,Display,56268,3681,4123.83,75,9640.06,1.338
2023-07-16,Summer Promo,Search Ads,110728,3021,1960.58,246,22504.39,10.478
2023-06-07,Summer Promo,Influencer,28999,1542,5832.26,180,19071.96,2.27
2023-07-05,Spring Launch,Social Media,58979,1927,4006.13,91,7113.49,0.776
2023-08-27,Back to School,Email,29927,685,1582.61,26,3458.88,1.186
2023-03-08,Spring Launch,Email,106503,4877,16577.73,211,26191.71,0.58
2023-03-08,Spring Launch,Influencer,139534,3671,13459.49,312,51451.67,2.823
2023-07-12,Black Friday,Search Ads,99292,1931,3613.28,135,15515.35,3.294
2023-05-10,Spring Launch,Email,48200,2740,6970.94,72,9913.38,0.422
2023-08-31,Back to School,Social Media,119306,5530,16368.55,479,82694.96,4.052
2023-09-07,Black Friday,Search Ads,90944,6030,21624.67,349,13532.84,-0.374
2023-09-18,Summer Promo,Search Ads,59494,985,3121.28,83,12083.82,2.871
2023-01-23,Spring Launch,Search Ads,84386,2254,7215.86,131,12770.42,0.77
2023-02-01,Black Friday,Email,111101,7465,7359.73,365,27062.92,2.677
2023-03-30,Summer Promo,Display,98551,3620,9917.34,327,27960.2,1.819
2023-11-29,Black Friday,Search Ads,32004,2334,6530.83,250,43246.15,5.622
2023-01-18,Back to School,Social Media,120779,7961,7003.64,505,60342.6,7.616
2023-02-09,Holiday Extravaganza,Search Ads,46717,2040,4382.84,55,8998.87,1.053
2023-01-09,Back to School,Influencer,84941,1380,2118.7,28,4264.17,1.013
2023-10-04,Black Friday,Influencer,143367,1756,4944.64,110,5348.97,0.082
2023-11-12,Back to School,Search Ads,58115,1192,672.99,67,4339.11,5.448
2023-07-18,Summer Promo,Social Media,6669,236,579.92,8,629.16,0.085
2023-04-16,Back to School,Influencer,41981,1641,3141.35,36,1453.5,-0.537
2023-06-17,Spring Launch,Influencer,101698,1362,1269.87,120,11488.15,8.047
2023-08-22,Black Friday,Social Media,123627,1624,4783.38,157,7545.88,0.578
2023-07-16,Summer Promo,Search Ads,35733,860,2893.87,24,3787.59,0.309
2023-02-17,Spring Launch,Display,144612,8646,12455.76,609,107532.47,7.633
2023-05-23,Spring Launch,Search Ads,80720,5996,13111.03,520,55416.12,3.227
2023-09-07,Summer Promo,Search Ads,103944,6390,23836.83,593,58191.91,1.441
2023-02-20,Holiday Extravaganza,Search Ads,28208,890,3143.94,70,6061.86,0.928
2023-02-05,Back to School,Email,69944,1765,5650.06,137,17697.81,2.132
2023-03-10,Summer Promo,Search Ads,98830,5549,9696.36,591,39891.32,3.114
2023-08-11,Black Friday,Display,26108,1672,3528.42,49,6779.15,0.921
2023-12-13,Back to School,Display,5459,189,231.48,17,2198.13,8.496
2023-03-14,Black Friday,Social Media,56229,1492,3247.28,158,5840.25,0.799
2023-01-29,Spring Launch,Email,131300,6199,2551.88,134,5041.7,0.976
2023-02-09,Spring Launch,Display,116445,1425,4530.16,115,9947.49,1.196
2023-01-27,Spring Launch,Social Media,102112,4199,6608.56,305,39208.44,4.933
2023-06-20,Back to School,Social Media,41841,891,3135.64,60,10571.64,2.371
2023-10-24,Back to School,Influencer,4505,67,43.74,6,733.59,15.772
2023-12-02,Holiday Extravaganza,Email,97348,5855,4594.64,428,23949.9,4.213
2023-02-02,Holiday Extravaganza,Social Media,95081,7046,17048.12,162,18257.15,0.071
2023-05-13,Summer Promo,Social Media,46424,3098,6098.16,68,3644.37,-0.402
2023-06-08,Black Friday,Display,65223,4294,14533.56,210,32589.82,1.242
2023-03-21,Holiday Extravaganza,Display,95897,1523,3340.35,87,11434.96,2.423
2023-05-21,Black Friday,Search Ads,105863,5422,6396.38,238,29814.43,3.661
2023-04-26,Back to School,Influencer,104376,7648,3014.69,571,20222.2,5.708
2023-07-12,Holiday Extravaganza,Influencer,27322,1641,2882.5,49,6993.14,1.426
2023-01-24,Back to School,Display,143130,6908,14984.8,284,36291.5,1.422
2023-12-22,Back to School,Search Ads,132240,6152,21900.76,169,23405.95,0.069
2023-04-28,Black Friday,Display,4069,250,276.86,9,630.43,1.277
2023-10-17,Summer Promo,Email,71122,1049,3857.72,87,12061.77,2.127
2023-11-13,Back to School,Display,70798,869,2176.11,70,2498.26,0.148
2023-05-02,Summer Promo,Social Media,94718,5572,17625.72,211,9327.54,-0.471
2023-10-30,Holiday Extravaganza,Email,35621,1096,2379.95,86,9142.33,2.841
2023-09-29,Back to School,Search Ads,58819,1763,3055.61,166,28133.78,8.207
2023-04-13,Holiday Extravaganza,Social Media,62608,2114,7987.55,237,21506.06,1.692
2023-04-01,Black Friday,Display,69282,2582,8888.37,171,7041.57,-0.208
2023-08-28,Holiday Extravaganza,Display,108176,7273,10410.9,445,64188.91,5.166
2023-03-15,Black Friday,Search Ads,61075,2570,7308.67,263,44697.8,5.116
2023-10-26,Summer Promo,Social Media,28544,478,1549.65,19,939.48,-0.394
2023-10-20,Summer Promo,Display,100927,2365,6662.56,248,28635.43,3.298
2023-12-16,Spring Launch,Influencer,12268,827,767.16,70,8662.24,10.291
2023-03-18,Black Friday,Search Ads,137014,5342,13025.89,464,82646.67,5.345
2023-10-23,Back to School,Social Media,66095,4215,14805.32,275,12579.2,-0.15
2023-12-08,Summer Promo,Email,96229,2770,1647.43,175,28484.46,16.29
2023-02-14,Black Friday,Influencer,105756,4699,15146.75,509,32889.93,1.171
2023-04-24,Holiday Extravaganza,Email,132452,1788,5061.4,134,22648.19,3.475
2023-04-14,Black Friday,Influencer,72270,3625,12201.44,76,13508.38,0.107
2023-05-29,Spring Launch,Email,79229,3718,4015.79,188,17429.78,3.34
2023-11-22,Holiday Extravaganza,Influencer,19836,300,490.44,12,809.71,0.651
2023-08-18,Black Friday,Influencer,144758,9051,5020.74,904,106731.42,20.258
2023-04-12,Spring Launch,Search Ads,147192,9990,10814.68,269,10534.84,-0.026
2023-10-25,Back to School,Search Ads,63318,3000,4243.46,286,26134.96,5.159
2023-01-08,Black Friday,Email,93306,6539,10501.31,331,58701.66,4.59
2023-10-13,Back to School,Search Ads,132892,3908,9250.49,167,29534.91,2.193
2023-07-25,Black Friday,Social Media,29335,1791,3723.89,181,13407.1,2.6
2023-10-08,Back to School,Influencer,38234,625,2327.44,36,4012.1,0.724
2023-06-10,Holiday Extravaganza,Search Ads,133288,8766,17346.42,740,40682.5,1.345
2023-07-25,Spring Launch,Display,40198,2886,8449.02,172,11499.51,0.361
2023-05-11,Holiday Extravaganza,Social Media,62353,2561,3657.13,66,4402.34,0.204
2023-05-23,Spring Launch,Search Ads,67726,1996,5519.45,200,17220.44,2.12
2023-04-20,Black Friday,Search Ads,106586,6698,8162.87,716,85086.09,9.424
2023-09-18,Holiday Extravaganza,Search Ads,90957,3391,8526.31,153,8143.67,-0.045
2023-11-03,Black Friday,Social Media,81028,4691,15257.72,353,58629.28,2.843
2023-03-18,Summer Promo,Influencer,27215,547,898.64,62,5846.67,5.506
2023-06-09,Black Friday,Search Ads,39320,2515,3685.38,269,44300.59,11.021
2023-07-04,Back to School,Display,92031,6507,15597.5,707,118616.96,6.605
2023-02-11,Holiday Extravaganza,Email,42386,616,604.23,28,2352.36,2.893
2023-05-23,Summer Promo,Social Media,82504,2038,7275.69,150,25105.6,2.451
2023-04-06,Back to School,Display,145468,7340,23236.97,636,43450.65,0.87
2023-06-13,Back to School,Email,121347,4936,14667.69,153,26539.05,0.809
2023-01-16,Black Friday,Search Ads,79135,4974,16329.13,237,30658.99,0.878
2023-08-01,Summer Promo,Email,123973,1582,3774.68,134,10430.47,1.763
2023-05-10,Back to School,Search Ads,147134,3178,2260.8,266,34168.31,14.113
2023-12-04,Summer Promo,Search Ads,61832,1905,4800.51,154,19383.3,3.038
2023-04-01,Holiday Extravaganza,Social Media,82247,2777,5667.19,150,25219.04,3.45
2023-02-27,Black Friday,Social Media,134481,6433,11708.63,325,16751.72,0.431
2023-04-19,Summer Promo,Search Ads,135966,10058,10434.26,564,70279.81,5.735
2023-07-13,Holiday Extravaganza,Search Ads,41926,2972,7381.2,137,12118.94,0.642
2023-02-22,Holiday Extravaganza,Display,115016,7790,25114.1,436,38345.16,0.527
2023-01-14,Holiday Extravaganza,Influencer,75650,1766,1697.99,156,23687.81,12.951
2023-01-17,Holiday Extravaganza,Display,133715,3611,9751.57,169,27241.03,1.794
2023-01-26,Spring Launch,Search Ads,88933,4567,7866.79,149,20603.91,1.619
2023-09-15,Holiday Extravaganza,Social Media,83885,1103,2424.6,131,15817.61,5.524
2023-04-17,Back to School,Social Media,25259,1369,2386.19,54,2692.65,0.128
2023-01-13,Back to School,Influencer,93313,2715,2052.0,287,36949.76,17.007
2023-08-10,Summer Promo,Email,41168,1115,1155.56,92,10569.31,8.146
2023-11-29,Summer Promo,Search Ads,16930,592,1121.11,30,3381.61,2.016
2023-01-13,Spring Launch,Search Ads,124552,7787,13194.5,257,45206.58,2.426
2023-12-19,Summer Promo,Influencer,61293,2910,6351.07,84,9112.08,0.435
2023-01-17,Black Friday,Email,45549,2447,7576.12,215,25016.59,2.302
2023-03-15,Back to School,Social Media,16189,1055,3665.8,54,6031.47,0.645
2023-05-24,Spring Launch,Search Ads,146180,6636,23816.64,348,59355.3,1.492
2023-06-18,Back to School,Display,8283,358,460.03,38,6597.01,13.34
2023-01-08,Back to School,Influencer,64318,2994,7421.55,177,14228.68,0.917
2023-07-11,Black Friday,Display,80944,984,2440.54,114,14148.59,4.797
2023-03-10,Black Friday,Social Media,36518,655,2065.7,50,6959.05,2.369
2023-10-16,Black Friday,Search Ads,123195,1961,1352.57,87,13618.99,9.069
2023-12-09,Summer Promo,Email,111475,4490,12652.46,241,30168.5,1.384
2023-01-12,Summer Promo,Email,113443,1978,1020.01,211,19785.87,18.398
2023-08-02,Black Friday,Social Media,136481,5698,5610.84,471,23882.13,3.256
2023-05-09,Back to School,Social Media,123230,8626,21026.16,574,88505.6,3.209
2023-03-05,Spring Launch,Search Ads,32745,1812,6499.62,66,3830.28,-0.411
2023-05-29,Black Friday,Social Media,64752,4354,11156.33,246,39168.89,2.511
2023-10-19,Holiday Extravaganza,Social Media,135313,4552,6561.17,544,45099.56,5.874
2023-01-18,Spring Launch,Social Media,54337,1894,1688.31,106,13932.31,7.252
2023-11-09,Summer Promo,Display,18272,709,663.58,25,1394.89,1.102
2023-04-18,Back to School,Influencer,83657,4258,9750.85,124,19087.33,0.958
2023-11-19,Summer Promo,Display,122018,1490,2934.91,156,14902.16,4.078
2023-04-24,Black Friday,Social Media,95804,4325,8023.39,447,64307.4,7.015
2023-05-13,Spring Launch,Email,59218,2512,4743.89,254,39119.53,7.246
2023-10-08,Black Friday,Search Ads,52405,2791,1803.19,85,8390.9,3.653
2023-05-06,Summer Promo,Social Media,48606,3355,5110.25,74,12550.92,1.456
2023-08-13,Summer Promo,Influencer,23975,407,369.3,36,6019.88,15.301
2023-10-02,Back to School,Search Ads,65830,4518,6954.07,408,15750.66,1.265
2023-10-20,Holiday Extravaganza,Display,137050,10107,20563.41,999,95063.96,3.623
2023-01-22,Summer Promo,Display,95316,5580,16090.38,166,18372.97,0.142
2023-11-22,Spring Launch,Influencer,44263,664,483.14,39,1466.36,2.035
2023-01-09,Holiday Extravaganza,Display,7809,255,576.7,8,1318.34,1.286
2023-01-02,Summer Promo,Social Media,128959,6362,9973.53,250,17092.96,0.714
2023-12-14,Summer Promo,Influencer,148970,3691,6371.11,368,49606.18,6.786
2023-05-04,Holiday Extravaganza,Search Ads,114736,3539,3650.41,212,14928.69,3.09
2023-12-27,Spring Launch,Social Media,102666,5111,14072.78,139,15585.52,0.107
2023-01-12,Back to School,Display,129462,9317,28339.57,635,74473.28,1.628
2023-02-18,Black Friday,Search Ads,112262,5635,3994.76,199,34572.1,7.654
2023-05-21,Spring Launch,Search Ads,51130,2773,9822.77,271,41078.1,3.182
2023-06-19,Spring Launch,Influencer,13365,861,2272.69,92,6365.36,1.801
2023-01-24,Back to School,Email,33215,1729,2555.68,82,4652.77,0.821
2023-01-28,Holiday Extravaganza,Display,78945,5352,17203.15,433,67043.07,2.897
2023-06-07,Spring Launch,Influencer,37127,1762,4160.67,87,6391.02,0.536
2023-02-08,Spring Launch,Influencer,42348,2382,3222.35,244,14398.66,3.468
2023-04-20,Summer Promo,Social Media,112111,4652,15176.6,229,22028.56,0.451
2023-07-14,Holiday Extravaganza,Display,136113,7138,2753.18,821,75361.19,26.372
2023-06-17,Holiday Extravaganza,Email,90131,5328,17898.0,590,75871.01,3.239
2023-07-30,Black Friday,Email,66137,3107,8280.08,281,41976.54,4.07
2023-05-30,Summer Promo,Display,108620,5459,12943.23,251,35179.36,1.718
2023-05-07,Holiday Extravaganza,Influencer,112090,8180,27793.69,225,20911.96,-0.248
2023-01-08,Black Friday,Search Ads,107780,7181,19865.18,462,17570.74,-0.116
2023-06-18,Holiday Extravaganza,Social Media,65911,4818,7156.21,430,20268.19,1.832
2023-10-15,Black Friday,Influencer,22025,1222,2996.27,42,3533.32,0.179
2023-12-26,Back to School,Email,60334,2090,749.6,109,16504.84,21.018
2023-09-25,Back to School,Influencer,91914,2116,7212.89,116,17158.27,1.379
2023-08-15,Spring Launch,Display,66504,943,1842.8,57,9597.56,4.208
2023-11-24,Back to School,Email,25677,1265,1507.46,125,15938.44,9.573
2023-10-31,Black Friday,Email,66340,3848,11027.0,437,58834.49,4.335
2023-11-11,Holiday Extravaganza,Display,52540,3728,9224.55,157,18297.49,0.984
2023-07-24,Spring Launch,Email,115928,5224,9675.15,317,31131.51,2.218
2023-06-05,Black Friday,Display,13916,224,256.31,15,1083.54,3.227
2023-08-25,Summer Promo,Influencer,83667,4914,11627.71,191,25787.46,1.218
2023-10-12,Summer Promo,Search Ads,110286,6433,21508.87,525,82725.43,2.846
2023-08-06,Summer Promo,Influencer,92869,2045,4955.54,200,17096.61,2.45
2023-06-29,Summer Promo,Search Ads,62068,1471,2307.73,46,3713.48,0.609
2023-08-01,Holiday Extravaganza,Email,12597,854,2302.63,92,3293.54,0.43
2023-01-15,Back to School,Influencer,50771,1207,905.31,41,6245.99,5.899
2023-09-06,Black Friday,Search Ads,105722,4686,10452.52,186,25767.87,1.465
2023-12-22,Back to School,Social Media,63428,4597,3789.07,521,40320.34,9.641
2023-06-26,Summer Promo,Email,18725,740,960.51,78,13472.33,13.026
2023-03-04,Holiday Extravaganza,Social Media,69444,2227,6713.86,187,9570.11,0.425
2023-08-28,Back to School,Email,26487,515,646.54,27,4796.72,6.419
2023-12-23,Back to School,Search Ads,146170,2336,4094.74,67,4528.24,0.106
2023-10-17,Summer Promo,Display,28091,1683,2252.23,120,12895.03,4.725
2023-02-16,Spring Launch,Search Ads,137362,4803,3510.94,144,22479.22,5.403
2023-04-20,Summer Promo,Social Media,48261,1106,1666.99,81,14300.3,7.579
2023-11-06,Black Friday,Email,109507,8026,15087.98,659,26738.26,0.772
2023-03-16,Black Friday,Influencer,125863,6488,20966.6,222,20273.6,-0.033
2023-03-24,Black Friday,Influencer,28415,2016,6585.14,188,12297.51,0.867
2023-07-07,Back to School,Display,1621,119,155.44,9,1394.35,7.97
2023-08-05,Spring Launch,Search Ads,58470,3682,7364.1,294,26597.5,2.612
2023-08-31,Back to School,Search Ads,89153,3858,7469.25,418,52399.6,6.015
2023-09-07,Back to School,Display,119067,6223,16448.81,726,68473.85,3.163
2023-09-28,Spring Launch,Social Media,117217,6452,3677.61,612,107694.34,28.284
2023-11-15,Back to School,Search Ads,79229,2700,1585.93,156,15877.03,9.011
2023-05-09,Black Friday,Display,93790,4751,2551.66,251,35448.96,12.893
2023-10-24,Back to School,Influencer,32487,2117,7985.2,51,2712.11,-0.66
2023-01-18,Summer Promo,Search Ads,123807,8866,25105.62,615,73320.68,1.92
2023-02-12,Black Friday,Influencer,132142,8059,20086.78,764,107980.65,4.376
2023-03-17,Black Friday,Search Ads,22072,1147,2471.12,114,9223.3,2.732
2023-10-14,Summer Promo,Email,63059,3646,4804.06,281,24451.93,4.09
2023-07-30,Back to School,Email,32883,1686,988.53,158,20053.53,19.286
2023-11-16,Holiday Extravaganza,Search Ads,61193,1135,3666.09,66,9944.49,1.713
2023-03-01,Back to School,Email,95103,6354,6544.12,148,21666.62,2.311
2023-09-06,Summer Promo,Influencer,115014,6314,16897.37,485,84598.78,4.007
2023-11-05,Black Friday,Email,127306,9359,10968.68,795,86926.34,6.925
2023-06-16,Back to School,Search Ads,93386,3927,6542.17,211,16725.1,1.557
2023-02-20,Summer Promo,Display,100496,5528,11922.34,337,56583.76,3.746
2023-12-25,Black Friday,Social Media,112578,4572,8427.46,160,6027.56,-0.285
2023-02-08,Summer Promo,Social Media,97296,6163,12223.87,589,87569.81,6.164
2023-08-02,Back to School,Search Ads,90172,2760,3604.72,306,43927.07,11.186
2023-06-02,Spring Launch,Search Ads,102433,7681,6212.32,670,94894.6,14.275
2023-11-05,Black Friday,Email,125850,8708,27466.89,842,46715.36,0.701
2023-03-22,Spring Launch,Email,121140,5034,10681.98,332,59144.33,4.537
2023-09-24,Summer Promo,Display,58897,2113,6623.11,165,28796.9,3.348
2023-10-31,Spring Launch,Social Media,130487,3481,9544.8,370,23070.36,1.417
2023-09-03,Black Friday,Display,67232,1126,2752.17,41,3586.35,0.303
2023-05-29,Black Friday,Email,32396,905,1683.96,90,9701.64,4.761
2023-09-06,Spring Launch,Email,82643,6118,19841.57,566,20321.13,0.024
2023-10-22,Holiday Extravaganza,Social Media,79961,1032,514.39,43,2587.74,4.031
2023-06-26,Black Friday,Social Media,114784,3834,3865.62,166,6551.64,0.695
2023-01-16,Spring Launch,Display,113861,8146,11825.71,952,41246.51,2.488
2023-03-04,Holiday Extravaganza,Email,35069,2090,936.85,238,31159.84,32.26
2023-03-27,Black Friday,Search Ads,132015,7759,19815.34,549,48773.58,1.461
2023-06-03,Holiday Extravaganza,Social Media,97698,2338,8478.34,81,11540.38,0.361
2023-02-19,Back to School,Social Media,95031,1146,585.28,24,1487.55,1.542
2023-08-26,Back to School,Search Ads,45252,556,998.55,12,1418.29,0.42
2023-12-02,Black Friday,Influencer,117552,5305,13667.52,344,26010.25,0.903
2023-04-06,Black Friday,Social Media,82328,5145,6980.19,610,48988.82,6.018
2023-12-06,Black Friday,Email,96698,5116,3253.0,404,26147.55,7.038
2023-10-17,Black Friday,Display,79609,4614,7179.27,314,46031.69,5.412
2023-04-26,Black Friday,Social Media,41687,1970,3588.76,108,8838.47,1.463
2023-05-10,Holiday Extravaganza,Social Media,9671,237,172.93,5,507.43,1.934
2023-09-26,Spring Launch,Social Media,145700,10536,23555.79,557,66706.88,1.832
2023-03-10,Back to School,Search Ads,140603,6929,15946.96,389,62326.89,2.908
2023-03-22,Black Friday,Social Media,72287,4098,10375.76,153,23105.58,1.227
2023-02-04,Spring Launch,Social Media,39382,2451,4128.57,181,30559.22,6.402
2023-06-12,Back to School,Influencer,141025,8294,10669.71,314,26532.15,1.487
2023-05-26,Back to School,Search Ads,145034,6072,9806.41,273,24680.43,1.517
2023-05-25,Black Friday,Influencer,148890,3041,7443.25,341,27318.78,2.67
2023-03-13,Summer Promo,Search Ads,13448,241,170.79,8,805.4,3.716
2023-07-19,Black Friday,Influencer,64746,1406,929.9,49,3855.98,3.147
2023-11-23,Summer Promo,Social Media,115359,8222,29407.43,203,29875.25,0.016
2023-02-18,Holiday Extravaganza,Email,28365,731,2293.14,55,1943.1,-0.153
2023-03-27,Spring Launch,Social Media,108022,2721,9724.97,200,26508.7,1.726
2023-03-21,Spring Launch,Search Ads,123570,3644,12045.29,96,16071.41,0.334
2023-02-27,Spring Launch,Email,102075,5860,8002.5,133,22273.76,1.783
2023-06-13,Spring Launch,Search Ads,23947,1178,821.34,113,12145.69,13.788
2023-06-17,Back to School,Display,127118,1529,1910.34,147,24267.93,11.703
2023-06-12,Spring Launch,Influencer,1141,34,33.91,2,229.24,5.76
2023-02-21,Summer Promo,Social Media,12542,665,1153.9,59,4743.69,3.111
2023-09-21,Black Friday,Influencer,27745,1219,2885.3,31,3086.36,0.07
2023-03-01,Spring Launch,Email,18000,823,3077.57,72,6148.84,0.998
2023-01-17,Black Friday,Influencer,71419,2467,5021.86,230,9297.52,0.851
2023-12-26,Holiday Extravaganza,Search Ads,10060,530,1657.24,17,2840.57,0.714
2023-02-11,Spring Launch,Display,59263,1002,1095.67,71,8530.93,6.786
2023-05-11,Summer Promo,Social Media,130787,8916,16154.36,249,28054.45,0.737
2023-04-05,Back to School,Social Media,46620,3466,7547.13,219,16637.62,1.204
2023-02-03,Spring Launch,Display,135468,2039,3704.24,69,11656.65,2.147
2023-08-20,Summer Promo,Influencer,110940,5006,8126.86,461,29346.26,2.611
2023-10-19,Back to School,Influencer,36842,1027,1451.33,63,7264.11,4.005
2023-07-02,Black Friday,Display,64595,834,1328.95,83,4718.08,2.55
2023-08-15,Back to School,Display,47498,2580,5353.23,133,9200.05,0.719
2023-04-01,Black Friday,Influencer,125282,8105,29505.57,312,23644.37,-0.199
2023-01-12,Spring Launch,Social Media,66687,4045,12956.12,233,35174.54,1.715
2023-03-20,Black Friday,Search Ads,19987,1086,2131.08,73,5057.76,1.373
2023-05-22,Holiday Extravaganza,Display,116962,3594,7778.44,189,25067.73,2.223
2023-03-20,Back to School,Display,50941,3260,7435.71,309,28886.28,2.885
2023-11-16,Holiday Extravaganza,Search Ads,77048,4323,6250.38,387,36544.48,4.847
2023-03-03,Spring Launch,Display,106162,2459,9145.27,215,27528.44,2.01
2023-07-24,Holiday Extravaganza,Search Ads,25990,717,577.97,18,893.71,0.546
2023-12-18,Back to School,Display,48363,1360,2820.9,100,14779.58,4.239
2023-06-26,Black Friday,Display,39358,1590,984.98,63,6234.9,5.33
2023-06-19,Black Friday,Influencer,64238,3006,2037.01,277,17806.36,7.741
2023-09-01,Summer Promo,Influencer,132261,6036,9717.27,680,91694.6,8.436
2023-09-14,Summer Promo,Influencer,6878,140,507.87,13,1171.28,1.306
2023-07-08,Black Friday,Influencer,29816,1311,2542.61,120,12965.98,4.099
2023-06-23,Black Friday,Display,84824,6077,16755.01,443,53202.48,2.175
2023-08-06,Holiday Extravaganza,Display,82603,2910,7928.91,117,5531.92,-0.302
2023-04-10,Summer Promo,Display,9757,408,1146.27,47,2007.43,0.751
2023-04-16,Black Friday,Display,42210,1539,887.11,123,10998.48,11.398
2023-01-10,Black Friday,Influencer,124984,3719,3616.78,272,34185.5,8.452
2023-09-15,Holiday Extravaganza,Influencer,70793,2737,5136.71,325,24420.93,3.754
2023-04-14,Holiday Extravaganza,Display,57154,1383,2676.21,62,4371.67,0.634
2023-10-12,Summer Promo,Email,106895,7262,9613.53,416,35223.38,2.664
2023-11-19,Summer Promo,Social Media,109873,8176,11799.09,448,36960.1,2.132
2023-09-11,Black Friday,Email,57731,1478,5066.63,143,9096.03,0.795
2023-04-16,Black Friday,Email,57706,1821,5610.35,203,35176.34,5.27
2023-04-25,Black Friday,Email,77762,4196,6843.72,116,17524.51,1.561
2023-08-30,Black Friday,Email,2593,57,58.62,5,886.48,14.122
2023-01-18,Back to School,Search Ads,103179,4040,10245.22,248,30920.56,2.018
2023-08-15,Black Friday,Display,12657,594,1260.41,21,2855.25,1.265
2023-03-19,Holiday Extravaganza,Display,74652,1180,4059.69,54,2261.06,-0.443
2023-01-19,Holiday Extravaganza,Influencer,101723,7312,21253.71,707,86062.27,3.049
2023-02-23,Spring Launch,Social Media,98376,4390,7821.0,172,10026.32,0.282
2023-11-27,Summer Promo,Email,67762,2773,4287.72,159,26952.06,5.286
2023-01-22,Back to School,Display,147685,2811,2430.37,251,30141.77,11.402
2023-07-09,Back to School,Email,12980,546,568.68,30,5332.88,8.378
2023-10-20,Holiday Extravaganza,Email,33108,741,1348.09,41,2417.3,0.793
2023-11-26,Summer Promo,Email,11216,402,529.44,40,2524.12,3.768
2023-02-01,Black Friday,Influencer,49887,3505,5168.2,347,62404.15,11.075
2023-06-08,Holiday Extravaganza,Email,69331,3299,1887.26,237,18204.91,8.646
2023-06-18,Spring Launch,Social Media,64741,1927,3062.66,49,2763.54,-0.098
2023-10-17,Back to School,Social Media,17215,1222,1854.53,100,17414.18,8.39
2023-04-21,Back to School,Email,129841,6262,7618.1,214,23394.88,2.071
2023-04-16,Summer Promo,Social Media,102818,6876,21215.1,783,82872.67,2.906
2023-03-07,Back to School,Search Ads,43540,714,2479.0,15,2313.88,-0.067
2023-08-31,Holiday Extravaganza,Display,58677,1226,2697.54,69,7162.23,1.655
2023-04-26,Black Friday,Influencer,113361,7405,20701.41,641,61522.56,1.972
2023-01-12,Black Friday,Search Ads,29755,842,999.61,98,15056.23,14.062
2023-12-11,Back to School,Social Media,27407,1535,2089.57,92,6252.78,1.992
2023-07-24,Holiday Extravaganza,Influencer,19794,1294,731.34,40,3018.44,3.127
2023-09-03,Spring Launch,Display,99723,1825,1721.42,143,5327.52,2.095
2023-04-21,Summer Promo,Influencer,80988,3169,1636.68,369,58606.7,34.808
2023-11-26,Spring Launch,Email,104553,7098,12112.67,799,48182.04,2.978
2023-10-03,Holiday Extravaganza,Influencer,3406,255,140.29,6,465.62,2.319
2023-12-04,Black Friday,Search Ads,43493,2782,8253.03,220,26590.73,2.222
2023-04-13,Summer Promo,Email,73596,1084,624.98,52,5813.49,8.302
2023-08-26,Black Friday,Email,59277,2977,8805.05,333,55855.13,5.344
2023-12-15,Black Friday,Display,62687,4199,14952.62,152,19687.01,0.317
2023-06-30,Back to School,Influencer,70538,1063,1997.02,112,16919.12,7.472
2023-10-24,Summer Promo,Social Media,7866,397,750.27,33,3965.13,4.285
2023-05-30,Black Friday,Display,111897,7103,20300.17,386,20540.11,0.012
2023-03-11,Summer Promo,Influencer,27547,1242,2688.93,31,5255.24,0.954
2023-11-06,Spring Launch,Display,15463,1090,2828.79,26,1054.02,-0.627
2023-08-15,Holiday Extravaganza,Search Ads,96198,6393,11017.54,451,46675.7,3.236
2023-11-07,Black Friday,Influencer,73851,1247,2732.78,107,16880.43,5.177
2023-02-22,Holiday Extravaganza,Influencer,100991,4769,9743.53,197,9193.95,-0.056
2023-02-02,Black Friday,Search Ads,108269,8059,17845.15,924,128038.2,6.175
2023-07-13,Black Friday,Influencer,116871,4139,7534.03,483,47425.98,5.295
2023-10-20,Holiday Extravaganza,Influencer,14190,214,183.05,10,1729.6,8.449
2023-10-27,Holiday Extravaganza,Social Media,46238,1831,4077.52,129,9636.39,1.363
2023-01-17,Black Friday,Search Ads,148014,3772,9731.06,83,12684.26,0.303
2023-08-23,Spring Launch,Search Ads,146465,5647,1983.96,255,36655.83,17.476
2023-04-26,Black Friday,Search Ads,35621,1907,5206.08,190,13661.0,1.624
2023-08-03,Black Friday,Search Ads,134153,7176,14494.88,664,96681.79,5.67
2023-05-25,Holiday Extravaganza,Social Media,49832,1248,1537.09,117,10829.05,6.045
2023-07-23,Back to School,Influencer,109993,1418,799.08,38,5654.96,6.077
2023-06-14,Holiday Extravaganza,Social Media,121381,8800,9971.54,324,32622.62,2.272
2023-07-07,Summer Promo,Social Media,83652,1415,2359.79,91,8856.81,2.753
2023-10-02,Spring Launch,Display,11214,448,536.88,14,690.07,0.285
2023-12-08,Spring Launch,Display,115599,7817,3254.17,475,29613.41,8.1
2023-07-18,Summer Promo,Display,17093,309,805.36,29,1197.31,0.487
2023-10-27,Black Friday,Social Media,9694,234,875.97,25,2294.26,1.619
2023-12-08,Summer Promo,Display,21278,681,2321.67,40,3612.87,0.556
2023-09-22,Summer Promo,Email,83343,2719,8032.24,143,21563.56,1.685
2023-06-29,Summer Promo,Influencer,94975,4319,6510.37,148,23252.67,2.572
2023-11-02,Summer Promo,Social Media,145509,6665,10924.86,222,26883.52,1.461
2023-07-19,Spring Launch,Display,78525,3072,10558.55,276,16028.95,0.518
2023-05-16,Spring Launch,Social Media,149075,9327,20235.91,389,17859.28,-0.117
2023-03-14,Holiday Extravaganza,Social Media,32384,2425,5911.53,275,27491.88,3.651
2023-06-30,Black Friday,Search Ads,79057,1499,3150.84,159,13884.97,3.407
2023-12-23,Summer Promo,Influencer,103509,1640,5300.9,74,9783.78,0.846
2023-06-22,Back to School,Influencer,16278,455,860.48,28,1113.66,0.294
2023-12-27,Summer Promo,Email,67168,3997,5550.38,301,31553.38,4.685
2023-06-08,Back to School,Influencer,80725,2111,4382.66,119,6357.56,0.451
2023-03-19,Black Friday,Influencer,64077,774,1698.27,36,2995.34,0.764
2023-01-02,Spring Launch,Social Media,73418,4281,15979.59,187,22153.21,0.386
2023-05-10,Black Friday,Influencer,147663,10901,38528.51,635,101771.02,1.641
2023-01-25,Black Friday,Social Media,28213,633,771.97,66,10382.23,12.449
2023-02-04,Summer Promo,Display,10205,348,1278.92,13,1026.85,-0.197
2023-08-19,Back to School,Social Media,128483,2891,3130.23,253,45315.13,13.477
2023-08-04,Black Friday,Search Ads,81510,2980,6640.13,334,31651.84,3.767
2023-09-12,Spring Launch,Search Ads,106073,5430,7738.12,235,34071.32,3.403
2023-05-18,Back to School,Display,31908,1346,4368.84,98,12382.16,1.834
2023-02-09,Holiday Extravaganza,Email,64093,2322,8250.31,214,34106.91,3.134
2023-08-31,Black Friday,Influencer,18142,565,1896.08,24,3417.73,0.803
2023-01-28,Black Friday,Email,73686,1007,3547.49,98,15102.13,3.257
2023-01-07,Spring Launch,Email,121187,3675,11458.88,180,13291.07,0.16
2023-05-02,Spring Launch,Influencer,86286,1510,2529.21,34,1999.63,-0.209
2023-04-11,Black Friday,Email,125183,2994,10674.4,114,16617.27,0.557
2023-12-19,Holiday Extravaganza,Influencer,122193,2385,5027.41,108,8184.63,0.628
2023-02-17,Summer Promo,Influencer,4281,127,276.92,3,295.26,0.066
2023-06-25,Holiday Extravaganza,Display,15264,452,1315.47,30,2827.61,1.15
2023-05-06,Holiday Extravaganza,Influencer,112147,7068,17480.4,217,25572.36,0.463
2023-03-15,Back to School,Social Media,53914,1735,3204.54,71,10390.6,2.242
2023-05-19,Back to School,Social Media,93187,6247,12990.48,321,14369.87,0.106
2023-02-26,Spring Launch,Social Media,68728,2900,4024.39,323,40143.78,8.975
2023-07-10,Black Friday,Social Media,19530,633,1253.84,74,2614.27,1.085
2023-11-16,Summer Promo,Social Media,6999,512,1470.52,25,4181.43,1.844
2023-06-17,Back to School,Email,24631,977,3543.44,108,4326.43,0.221
2023-08-05,Black Friday,Influencer,19793,1449,649.03,39,4498.99,5.932
2023-09-29,Summer Promo,Display,101922,2813,5922.65,165,26672.88,3.504
2023-11-13,Summer Promo,Search Ads,70108,1051,1137.85,68,9969.38,7.762
2023-10-02,Holiday Extravaganza,Display,19680,286,450.81,15,950.88,1.109
2023-09-19,Summer Promo,Social Media,7904,576,1890.87,51,7895.15,3.175
2023-02-14,Holiday Extravaganza,Search Ads,30663,670,1225.34,57,7034.94,4.741
2023-01-22,Back to School,Influencer,133065,5873,3054.49,426,24339.05,6.968
2023-04-06,Summer Promo,Social Media,71224,4639,17180.1,155,6358.75,-0.63
2023-08-08,Back to School,Social Media,6029,105,344.16,7,788.17,1.29
2023-11-23,Summer Promo,Search Ads,141124,8537,22970.27,423,40484.72,0.762
2023-05-11,Spring Launch,Search Ads,3482,225,563.93,8,689.95,0.223
2023-04-30,Summer Promo,Influencer,87050,2098,6782.68,62,3780.57,-0.443
2023-11-04,Holiday Extravaganza,Email,4176,272,901.99,21,2860.1,2.171
2023-06-10,Holiday Extravaganza,Email,29770,634,435.05,74,5222.83,11.005
2023-09-02,Back to School,Search Ads,3939,212,505.27,5,216.85,-0.571
2023-04-12,Spring Launch,Influencer,45099,2904,8716.64,232,23400.35,1.685
2023-03-03,Holiday Extravaganza,Influencer,50332,2273,6702.93,101,9147.35,0.365
2023-10-11,Back to School,Search Ads,74442,1618,956.41,37,1581.9,0.654
2023-05-13,Back to School,Email,134506,9319,27773.85,897,141643.06,4.1
2023-11-05,Holiday Extravaganza,Email,68106,4211,6549.56,190,26894.37,3.106
2023-09-19,Back to School,Display,73321,1035,1925.85,91,13843.3,6.188
2023-06-02,Holiday Extravaganza,Social Media,60003,1599,3131.39,173,8593.95,1.744
2023-02-02,Black Friday,Social Media,26644,1675,1482.01,172,9066.55,5.118
2023-08-27,Black Friday,Search Ads,57694,2741,5341.8,265,22484.92,3.209
2023-09-08,Holiday Extravaganza,Social Media,99452,4975,17649.8,377,17483.85,-0.009
2023-01-29,Back to School,Influencer,89790,4304,3333.82,211,33619.35,9.084
2023-05-25,Spring Launch,Social Media,101897,3608,4961.51,210,33233.1,5.698
2023-08-29,Holiday Extravaganza,Influencer,1822,22,15.46,2,75.23,3.866
2023-05-05,Summer Promo,Display,66833,2320,5973.0,52,3628.5,-0.393
2023-06-22,Back to School,Social Media,145548,7466,6207.4,491,56691.19,8.133
2023-12-08,Black Friday,Influencer,113964,7739,9660.65,727,61767.57,5.394
2023-05-27,Spring Launch,Display,50848,2857,1406.87,134,17602.55,11.512
2023-02-27,Summer Promo,Influencer,89530,5308,10479.17,633,54136.94,4.166
2023-05-15,Back to School,Search Ads,37463,2152,5804.12,82,12245.68,1.11
2023-03-02,Holiday Extravaganza,Influencer,137199,3895,13873.73,351,27288.0,0.967
2023-10-26,Black Friday,Influencer,14659,371,489.29,38,3131.51,5.4
2023-11-28,Black Friday,Social Media,28296,1730,4903.46,181,23344.78,3.761
2023-11-21,Holiday Extravaganza,Social Media,66362,2906,1065.96,127,21362.33,19.04
2023-06-27,Summer Promo,Social Media,71473,3631,11296.2,81,13638.32,0.207
2023-11-04,Holiday Extravaganza,Display,116020,3773,7057.92,448,60874.91,7.625
2023-11-30,Spring Launch,Influencer,17557,693,1141.18,22,3271.09,1.866
2023-12-05,Black Friday,Search Ads,78761,5480,9467.41,414,62502.14,5.602
2023-10-05,Back to School,Search Ads,10216,612,1671.81,28,2923.63,0.749
2023-04-23,Spring Launch,Email,14398,739,792.88,40,6991.71,7.818
2023-05-02,Spring Launch,Search Ads,11230,178,74.15,16,1315.69,16.744
2023-08-25,Holiday Extravaganza,Search Ads,42180,898,1398.55,30,2589.66,0.852
2023-10-28,Black Friday,Search Ads,1586,106,232.49,4,631.3,1.715
2023-10-09,Summer Promo,Influencer,19057,1399,2924.99,76,8499.34,1.906
2023-03-31,Black Friday,Search Ads,120574,1609,4858.04,120,18944.97,2.9
2023-11-12,Black Friday,Social Media,18118,724,1793.95,51,5054.57,1.818
2023-10-06,Back to School,Display,55729,2762,6335.41,134,14631.11,1.309
2023-12-17,Black Friday,Social Media,79469,2257,7850.35,62,10377.97,0.322
2023-10-27,Summer Promo,Email,21295,816,3045.88,63,7076.95,1.323
2023-12-20,Summer Promo,Email,27382,371,663.54,42,6721.79,9.13
2023-11-27,Summer Promo,Display,76873,4148,14507.8,443,51626.41,2.559
2023-01-07,Spring Launch,Display,105836,7016,19082.21,266,13330.94,-0.301
2023-01-09,Summer Promo,Social Media,131236,6042,15262.97,259,27402.38,0.795
2023-02-21,Black Friday,Influencer,27678,913,1754.04,50,6028.69,2.437
2023-08-02,Back to School,Influencer,96639,6126,14062.71,216,33244.97,1.364
2023-09-12,Spring Launch,Social Media,79352,2012,766.9,110,13462.03,16.554
2023-12-16,Black Friday,Social Media,123881,2695,7576.1,203,34272.84,3.524
2023-07-31,Summer Promo,Email,5614,82,134.59,2,181.05,0.345
2023-09-16,Summer Promo,Display,37687,856,2821.24,23,3775.76,0.338
2023-06-16,Holiday Extravaganza,Display,86620,6140,8478.9,610,38518.63,3.543
2023-09-08,Back to School,Social Media,134954,2690,9354.63,209,18143.72,0.94
2023-08-31,Spring Launch,Social Media,89086,6585,23725.1,372,15129.17,-0.362
2023-02-10,Spring Launch,Display,107878,1995,5105.67,172,13872.94,1.717
2023-05-10,Holiday Extravaganza,Search Ads,46498,1172,3727.03,45,5841.95,0.567
2023-07-19,Spring Launch,Social Media,138659,5849,3856.2,384,50562.64,12.112
2023-09-19,Spring Launch,Display,117290,5168,15167.72,118,6701.24,-0.558
2023-02-25,Black Friday,Email,76576,5196,10360.49,124,12122.63,0.17
2023-01-18,Back to School,Display,37888,1356,2188.24,68,2608.41,0.192
2023-11-26,Back to School,Social Media,24991,1081,1692.73,92,4410.17,1.605
2023-01-12,Spring Launch,Influencer,100539,3150,11123.55,326,19431.86,0.747
2023-07-04,Holiday Extravaganza,Influencer,110654,7520,20586.14,357,54274.17,1.636
2023-01-13,Black Friday,Display,7899,554,1033.11,11,531.56,-0.485
2023-11-16,Spring Launch,Search Ads,13447,505,1060.91,39,4350.1,3.1
2023-10-15,Back to School,Search Ads,78122,3085,1666.46,163,26829.73,15.1
2023-01-19,Back to School,Email,22489,545,829.31,44,3972.75,3.79
2023-10-31,Back to School,Influencer,139104,5282,2499.71,356,29824.71,10.931
2023-11-24,Spring Launch,Influencer,89574,5976,15084.85,137,23043.85,0.528
2023-06-18,Back to School,Email,57704,1670,5080.13,63,10089.39,0.986
2023-11-16,Holiday Extravaganza,Influencer,47505,2350,4249.33,164,27925.37,5.572
2023-03-13,Black Friday,Display,38513,1671,1146.68,44,3645.14,2.179
2023-03-23,Summer Promo,Influencer,12454,554,1062.74,27,4436.4,3.174
2023-03-09,Summer Promo,Display,107127,6308,20364.81,535,90195.66,3.429
2023-05-06,Back to School,Social Media,61857,3015,3457.0,259,39955.44,10.558
2023-10-15,Holiday Extravaganza,Display,44159,3055,9996.41,350,26107.83,1.612
2023-03-15,Black Friday,Social Media,59724,2758,3883.0,177,19932.86,4.133
2023-03-11,Holiday Extravaganza,Social Media,40947,2974,6617.01,82,14687.4,1.22
2023-07-14,Holiday Extravaganza,Influencer,89499,5247,7996.45,144,7902.18,-0.012
2023-04-25,Spring Launch,Influencer,141903,9999,16929.69,1185,157067.55,8.278
2023-02-14,Holiday Extravaganza,Email,127033,2879,8825.33,81,13825.37,0.567
2023-08-11,Black Friday,Social Media,121037,5142,14694.74,207,28366.58,0.93
2023-11-03,Back to School,Display,36511,1908,2860.88,186,26081.1,8.116
2023-04-10,Back to School,Display,104424,5690,7131.33,530,51097.71,6.165
2023-01-06,Summer Promo,Influencer,8190,463,1691.24,48,2671.63,0.58
2023-07-06,Back to School,Social Media,30011,1969,1674.59,138,16442.89,8.819
2023-10-20,Black Friday,Social Media,122436,3253,10874.85,100,14434.76,0.327
2023-03-09,Back to School,Social Media,137635,5222,2396.91,137,13242.63,4.525
2023-01-05,Black Friday,Search Ads,93832,3603,13224.61,118,13150.41,-0.006
2023-05-19,Holiday Extravaganza,Influencer,106268,3211,11570.9,109,19158.67,0.656
2023-03-07,Summer Promo,Email,134832,2027,6587.48,215,31612.39,3.799
2023-05-10,Back to School,Display,145239,10866,23985.11,897,47174.23,0.967
2023-07-02,Back to School,Display,103581,7323,6385.49,338,23233.62,2.639
2023-09-21,Spring Launch,Influencer,138009,9290,32408.98,1000,145860.91,3.501
2023-02-20,Summer Promo,Email,143991,1739,2267.29,155,26194.23,10.553
2023-11-04,Black Friday,Search Ads,52641,2717,2950.83,118,5004.44,0.696
2023-12-27,Holiday Extravaganza,Social Media,94257,4046,9601.7,275,11030.78,0.149
2023-03-06,Holiday Extravaganza,Email,45128,2518,2393.73,167,18333.5,6.659
2023-11-22,Summer Promo,Search Ads,49671,2282,1539.48,46,2940.61,0.91
2023-04-16,Black Friday,Search Ads,9000,157,245.44,13,1702.98,5.938
2023-07-28,Black Friday,Influencer,2700,183,465.92,11,1634.0,2.507
2023-10-13,Summer Promo,Email,54098,1669,3406.03,120,19103.1,4.609
2023-05-10,Spring Launch,Email,7097,275,588.54,29,2190.76,2.722
2023-09-29,Black Friday,Display,108121,4416,5532.12,88,4546.67,-0.178
2023-02-25,Spring Launch,Search Ads,115605,7904,28600.08,870,81690.15,1.856
2023-03-25,Back to School,Email,115945,7893,26684.63,725,80262.05,2.008
2023-08-28,Summer Promo,Display,69991,1504,5592.1,87,5733.57,0.025
2023-07-16,Summer Promo,Influencer,50550,2615,8634.2,239,40757.58,3.72
2023-12-18,Holiday Extravaganza,Social Media,70211,3332,10838.7,181,10550.26,-0.027
2023-07-18,Black Friday,Search Ads,57842,4264,10586.5,367,27256.93,1.575
2023-11-27,Black Friday,Search Ads,41788,2234,5457.15,189,24042.55,3.406
2023-11-02,Holiday Extravaganza,Influencer,96393,4338,13399.14,480,20001.28,0.493
2023-04-30,Summer Promo,Display,93329,1252,2341.58,31,3349.76,0.431
2023-10-24,Holiday Extravaganza,Display,6095,145,217.33,3,537.68,1.474
2023-04-16,Summer Promo,Influencer,131148,1897,3915.33,77,6120.69,0.563
2023-02-24,Summer Promo,Influencer,146382,6846,18603.37,317,20300.31,0.091
2023-09-07,Summer Promo,Influencer,74638,3430,11171.86,194,31604.54,1.829
2023-05-19,Back to School,Search Ads,53460,3830,13947.02,186,8872.8,-0.364
2023-09-08,Back to School,Search Ads,70626,1164,1169.92,31,4370.33,2.736
2023-06-23,Black Friday,Email,6446,229,211.07,7,484.59,1.296
2023-04-02,Black Friday,Display,102328,5533,12628.89,151,7872.15,-0.377
2023-08-07,Summer Promo,Email,83540,2633,7435.78,79,9751.33,0.311
2023-03-18,Back to School,Display,40310,1900,1492.88,68,3756.67,1.516
2023-04-07,Summer Promo,Search Ads,109771,6939,8805.22,344,12922.34,0.468
2023-01-14,Summer Promo,Display,125279,1797,5357.48,90,11421.26,1.132
2023-12-21,Black Friday,Email,10298,480,434.73,45,6177.66,13.21
2023-02-19,Black Friday,Search Ads,20166,1476,1632.44,88,9355.49,4.731
2023-04-14,Spring Launch,Social Media,146237,3979,8525.96,237,17175.36,1.014
2023-03-03,Back to School,Display,66227,2704,7150.17,129,8457.54,0.183
2023-04-15,Black Friday,Social Media,47063,1588,1187.51,95,7335.58,5.177
2023-01-09,Spring Launch,Social Media,147234,4764,4442.82,530,39343.9,7.856
2023-12-21,Black Friday,Display,145702,6756,23943.88,544,60218.91,1.515
2023-10-15,Spring Launch,Influencer,2618,97,196.01,9,580.69,1.963
2023-05-10,Back to School,Influencer,46141,3333,7048.99,386,21755.1,2.086
2023-01-03,Black Friday,Influencer,6734,271,544.03,30,2440.09,3.485
2023-02-11,Spring Launch,Influencer,26683,352,342.93,9,820.74,1.393
2023-02-07,Holiday Extravaganza,Influencer,93125,2664,7774.12,140,7431.12,-0.044
2023-03-17,Summer Promo,Email,24712,1150,3013.25,106,16961.75,4.629
2023-09-24,Back to School,Social Media,69628,2848,8977.13,196,34777.54,2.874
2023-11-17,Black Friday,Display,9390,623,233.62,24,1824.86,6.811
2023-12-24,Back to School,Display,148070,4468,8447.71,424,41722.42,3.939
2023-04-08,Holiday Extravaganza,Display,34165,1274,3843.75,127,10450.66,1.719
2023-10-11,Holiday Extravaganza,Influencer,60429,4094,2746.94,185,13581.53,3.944
2023-01-24,Spring Launch,Social Media,134661,8638,10115.13,901,77045.58,6.617
2023-03-26,Holiday Extravaganza,Search Ads,73920,4996,18545.33,464,52701.05,1.842
2023-04-29,Summer Promo,Search Ads,119129,7465,2802.98,523,34705.41,11.382
2023-01-18,Spring Launch,Search Ads,2947,160,414.66,18,2532.29,5.107
2023-11-19,Black Friday,Influencer,89586,3866,11307.73,156,27401.0,1.423
2023-08-10,Spring Launch,Display,135274,3335,8541.16,221,37066.47,3.34
2023-01-12,Summer Promo,Display,24710,953,2968.76,82,7924.88,1.669
2023-01-07,Back to School,Influencer,91654,2500,5775.72,97,14563.9,1.522
2023-05-06,Holiday Extravaganza,Social Media,15085,958,592.19,40,5007.05,7.455
2023-11-07,Summer Promo,Social Media,56025,3364,4770.47,189,19897.83,3.171
2023-07-14,Spring Launch,Social Media,148846,10462,4663.79,301,11890.38,1.55
2023-02-11,Summer Promo,Influencer,73609,4193,4798.59,392,22569.52,3.703
2023-08-15,Back to School,Influencer,116818,7752,23426.98,356,32394.29,0.383
2023-09-08,Black Friday,Search Ads,95042,1998,7119.15,43,7587.7,0.066
2023-12-24,Spring Launch,Email,138407,8780,11854.67,963,86696.96,6.313
2023-03-27,Back to School,Influencer,63746,3612,1462.82,246,29071.39,18.874
2023-06-04,Back to School,Email,51263,621,232.12,56,9637.7,40.52
2023-08-04,Summer Promo,Email,51654,1952,4013.23,54,3320.01,-0.173
2023-06-17,Summer Promo,Display,114569,5189,16975.78,350,49437.43,1.912
2023-02-23,Black Friday,Social Media,92806,4700,7435.66,402,49567.9,5.666
2023-09-15,Summer Promo,Social Media,7274,227,584.95,11,630.83,0.078
2023-01-18,Spring Launch,Influencer,95096,5594,16370.68,606,91195.04,4.571
2023-12-02,Back to School,Influencer,31476,2092,7516.09,113,14007.75,0.864
2023-10-15,Holiday Extravaganza,Display,57391,1337,2295.83,121,12499.35,4.444
2023-11-26,Spring Launch,Display,115966,6920,5415.25,207,25811.8,3.767
2023-08-26,Black Friday,Display,34318,1091,2772.87,118,16409.72,4.918
2023-08-13,Back to School,Email,7373,202,311.9,10,1154.2,2.701
2023-07-06,Spring Launch,Display,94915,4462,2840.09,257,37718.67,12.281
2023-10-14,Back to School,Influencer,141561,6605,4635.11,567,25197.52,4.436
2023-10-02,Holiday Extravaganza,Email,48071,2639,6575.24,126,19013.03,1.892
2023-09-07,Spring Launch,Display,27444,1029,2925.38,29,3472.08,0.187
2023-04-07,Spring Launch,Display,113361,5615,5261.5,640,50343.26,8.568
2023-03-03,Black Friday,Email,48490,682,1226.36,66,6568.05,4.356
2023-10-08,Black Friday,Influencer,46804,2068,5098.16,86,11641.95,1.284
2023-04-16,Spring Launch,Display,58332,4123,13623.1,374,26555.24,0.949
2023-05-26,Spring Launch,Display,139954,7767,25224.68,407,29265.93,0.16
2023-06-02,Summer Promo,Search Ads,94850,5410,11698.64,501,82128.95,6.02
2023-02-22,Holiday Extravaganza,Display,95395,6766,16474.05,331,41487.21,1.518
2023-05-08,Back to School,Display,51482,1317,3294.43,50,7575.91,1.3
2023-01-18,Summer Promo,Search Ads,73714,3361,3752.21,143,19683.45,4.246
2023-11-19,Holiday Extravaganza,Search Ads,128311,9355,5267.02,393,45358.1,7.612
2023-08-23,Spring Launch,Display,18081,722,1929.63,55,5417.61,1.808
2023-04-18,Back to School,Influencer,149380,6412,8574.7,292,14890.35,0.737
2023-04-19,Spring Launch,Email,133146,5486,2267.96,210,31147.41,12.734
2023-05-31,Holiday Extravaganza,Social Media,128295,8931,23329.1,983,83787.72,2.592
2023-01-25,Summer Promo,Influencer,134214,9461,6567.23,807,48959.64,6.455
2023-10-22,Back to School,Email,79096,5031,17860.82,392,37331.67,1.09
2023-01-27,Spring Launch,Display,78028,2761,5800.98,218,32004.65,4.517
2023-02-13,Summer Promo,Display,36361,2704,2887.23,124,5065.73,0.755
2023-01-18,Holiday Extravaganza,Social Media,81669,2380,3536.33,192,12255.6,2.466
2023-06-27,Black Friday,Email,135044,3040,1839.93,211,34228.49,17.603
2023-11-28,Summer Promo,Influencer,56969,4108,14684.84,89,4017.82,-0.726
2023-05-18,Holiday Extravaganza,Influencer,87173,1049,1646.61,31,5310.81,2.225
2023-12-13,Black Friday,Search Ads,22568,306,704.51,27,1376.99,0.955
2023-12-07,Holiday Extravaganza,Display,3951,212,263.9,8,1342.27,4.086
2023-09-14,Holiday Extravaganza,Social Media,45618,1657,5263.54,162,14004.81,1.661
2023-08-05,Back to School,Display,64061,2155,5598.15,175,24228.75,3.328
2023-05-29,Summer Promo,Influencer,149775,11192,8942.93,776,93678.05,9.475
2023-02-28,Black Friday,Social Media,71991,3916,7229.44,160,20256.92,1.802
2023-10-17,Holiday Extravaganza,Display,18085,725,2533.41,37,6545.88,1.584
2023-08-08,Back to School,Display,95362,4185,14632.73,475,44188.99,2.02
2023-07-27,Summer Promo,Social Media,131601,6830,16269.45,520,34403.3,1.115
2023-04-05,Holiday Extravaganza,Search Ads,130282,2165,1182.45,224,37296.68,30.542
2023-10-18,Black Friday,Search Ads,112281,4172,7004.37,438,44060.48,5.29
2023-10-27,Black Friday,Social Media,103639,6145,3889.48,308,17785.06,3.573
2023-01-07,Black Friday,Social Media,13883,699,2167.94,34,2161.5,-0.003
2023-01-06,Holiday Extravaganza,Display,55199,854,1372.37,22,2246.87,0.637
2023-09-13,Summer Promo,Influencer,27469,956,1926.74,22,1589.08,-0.175
2023-09-28,Summer Promo,Search Ads,40641,1149,867.48,55,3979.17,3.587
2023-12-10,Black Friday,Search Ads,143759,3602,12016.36,251,9384.56,-0.219
2023-09-28,Back to School,Display,128322,3030,9663.44,251,20804.6,1.153
2023-01-19,Holiday Extravaganza,Email,135331,1848,5514.17,155,26629.31,3.829
2023-03-27,Back to School,Email,56258,4010,3409.24,341,58366.76,16.12
2023-02-13,Black Friday,Search Ads,83596,2189,5473.9,225,15688.47,1.866
2023-07-27,Spring Launch,Display,16712,948,2243.29,22,2514.35,0.121
2023-01-30,Back to School,Display,117320,6025,13043.86,704,49229.36,2.774
2023-04-30,Holiday Extravaganza,Display,5749,184,453.93,7,737.01,0.624
2023-03-10,Summer Promo,Email,124913,1925,1839.25,149,25815.51,13.036
2023-05-07,Black Friday,Display,40207,2868,8363.27,59,8099.6,-0.032
2023-09-20,Back to School,Search Ads,46315,1315,3314.89,101,15568.75,3.697
2023-09-09,Holiday Extravaganza,Social Media,94605,2400,8792.97,77,5272.65,-0.4
2023-10-21,Holiday Extravaganza,Social Media,75849,2530,9338.71,269,12474.08,0.336
2023-03-07,Black Friday,Email,70743,3695,12477.96,374,64411.73,4.162
2023-03-22,Black Friday,Search Ads,121898,8188,10269.78,942,73185.78,6.126
2023-04-30,Summer Promo,Email,132779,3254,7432.42,118,8203.78,0.104
2023-09-24,Holiday Extravaganza,Email,122926,4250,8659.45,272,32663.14,2.772
2023-06-24,Back to School,Display,45893,1136,3013.12,132,19729.89,5.548
2023-06-14,Black Friday,Display,75390,2398,7709.32,191,25182.53,2.267
2023-08-30,Spring Launch,Search Ads,22745,1571,1384.68,149,10484.05,6.571
2023-08-13,Back to School,Email,4304,110,202.6,10,1484.35,6.327
2023-07-01,Spring Launch,Influencer,83471,4008,2725.11,172,25887.16,8.499
2023-06-09,Summer Promo,Search Ads,130072,8371,10920.14,640,61122.66,4.597
2023-04-20,Holiday Extravaganza,Display,95979,1302,4865.95,93,9229.93,0.897
2023-11-17,Summer Promo,Search Ads,100511,5767,8732.67,623,78536.26,7.993
2023-10-04,Black Friday,Display,27886,1996,7542.61,176,18245.36,1.419
2023-11-04,Summer Promo,Email,120878,2128,2518.79,96,15888.08,5.308
2023-05-09,Summer Promo,Display,64516,4390,12533.97,490,22174.64,0.769
2023-05-13,Summer Promo,Search Ads,124223,5420,2062.45,625,46357.42,21.477
2023-12-17,Holiday Extravaganza,Email,135778,7532,16111.49,576,41921.33,1.602
2023-07-17,Black Friday,Email,148174,3364,6041.96,127,15237.36,1.522
2023-09-25,Back to School,Email,1222,17,19.12,0,0.0,-1.0
2023-07-17,Back to School,Display,80300,5196,4960.85,171,21495.36,3.333
2023-12-09,Black Friday,Display,140231,3345,7007.35,332,33096.12,3.723
2023-11-12,Back to School,Display,98797,2672,8748.97,125,5150.4,-0.411
2023-06-18,Holiday Extravaganza,Influencer,75389,2330,4751.88,87,14409.86,2.032
2023-12-03,Spring Launch,Display,108977,7873,28286.32,216,24399.47,-0.137
2023-03-21,Holiday Extravaganza,Email,139064,8462,7712.22,278,45769.4,4.935
2023-02-21,Holiday Extravaganza,Influencer,142020,10380,38036.92,791,65380.81,0.719
2023-10-26,Black Friday,Social Media,7114,179,613.59,6,370.26,-0.397
2023-04-02,Spring Launch,Social Media,2120,87,146.77,8,448.57,2.056
2023-06-21,Black Friday,Email,147320,5827,8842.75,293,31663.69,2.581
2023-09-02,Back to School,Email,131257,7251,4399.57,378,13796.02,2.136
2023-06-05,Spring Launch,Influencer,119618,3179,4888.94,350,29515.65,5.037
2023-04-13,Summer Promo,Influencer,82466,2833,3347.22,65,5639.53,0.685
2023-06-05,Back to School,Influencer,12763,910,2602.87,97,15888.93,5.104
2023-10-17,Summer Promo,Social Media,54032,2518,7276.41,115,15054.66,1.069
2023-12-22,Back to School,Display,91276,3026,8713.73,161,23313.95,1.676
2023-10-27,Back to School,Email,17325,1200,4302.33,122,5106.52,0.187
2023-06-06,Spring Launch,Search Ads,74154,4912,17172.18,575,40063.11,1.333
2023-08-06,Holiday Extravaganza,Influencer,32403,874,1074.25,52,4473.94,3.165
2023-05-02,Spring Launch,Email,9882,282,529.7,9,369.46,-0.303
2023-05-25,Spring Launch,Social Media,102317,5689,10017.56,590,22925.96,1.289
2023-03-14,Black Friday,Display,76284,3876,5138.87,80,12971.78,1.524
2023-02-03,Back to School,Search Ads,87809,1921,5344.38,152,22265.35,3.166
2023-05-04,Back to School,Search Ads,143992,4502,17104.24,454,67452.53,2.944
2023-09-16,Black Friday,Search Ads,68431,3917,4265.22,95,3968.06,-0.07
2023-01-18,Holiday Extravaganza,Email,9937,424,811.85,31,2644.76,2.258
2023-12-10,Black Friday,Display,101503,7439,20433.64,276,35769.84,0.751
2023-07-12,Summer Promo,Search Ads,143712,7213,3976.35,390,20675.22,4.2
2023-07-29,Back to School,Influencer,48113,2481,5014.61,271,12522.41,1.497
2023-10-12,Summer Promo,Social Media,66761,1087,1723.12,83,12693.01,6.366
2023-01-18,Back to School,Social Media,27685,456,1532.43,44,1924.94,0.256
2023-07-13,Black Friday,Social Media,49909,865,1560.23,84,12990.63,7.326
2023-05-29,Black Friday,Social Media,53145,2591,5158.84,203,15694.24,2.042
2023-08-27,Black Friday,Search Ads,84111,5466,19999.7,463,72769.88,2.639
2023-12-06,Summer Promo,Influencer,138344,1845,3446.4,130,11824.52,2.431
2023-08-28,Holiday Extravaganza,Search Ads,112051,6047,17710.3,700,36695.93,1.072
2023-05-19,Summer Promo,Email,27253,1862,3583.93,81,10502.49,1.93
2023-04-17,Back to School,Social Media,101723,6749,2687.5,255,31859.54,10.855
2023-12-12,Black Friday,Social Media,142884,7698,22914.92,789,88164.16,2.847
2023-06-24,Holiday Extravaganza,Display,130371,7392,11688.74,317,12599.63,0.078
2023-06-12,Holiday Extravaganza,Influencer,95474,3189,10820.74,97,14842.64,0.372
2023-12-09,Holiday Extravaganza,Social Media,133901,6916,4199.87,447,29127.43,5.935
2023-07-23,Black Friday,Social Media,16803,434,774.02,34,3490.51,3.51
2023-03-22,Spring Launch,Search Ads,82854,4258,4177.57,110,9082.75,1.174
2023-04-28,Summer Promo,Email,62084,801,2584.26,72,12640.16,3.891
2023-06-16,Black Friday,Search Ads,80638,2743,5803.32,317,36373.18,5.268
2023-01-11,Summer Promo,Email,73371,4660,10960.81,138,20122.49,0.836
2023-07-27,Summer Promo,Social Media,30259,993,2032.76,24,4100.79,1.017
2023-01-24,Back to School,Social Media,104054,2821,7182.47,97,4207.02,-0.414
2023-03-10,Spring Launch,Display,82777,5247,11844.0,506,62837.89,4.305
2023-06-20,Black Friday,Search Ads,97251,5110,19022.48,239,36151.81,0.9
2023-01-07,Summer Promo,Search Ads,132749,7557,5816.66,886,81236.09,12.966
2023-03-12,Black Friday,Display,2020,59,147.77,5,522.27,2.534
2023-12-15,Spring Launch,Email,64134,2309,4419.4,246,32715.61,6.403
2023-01-09,Holiday Extravaganza,Email,147955,3755,11402.7,248,26554.6,1.329
2023-08-17,Summer Promo,Influencer,125486,6187,4960.44,650,66346.63,12.375
2023-11-07,Holiday Extravaganza,Influencer,44253,1580,1535.13,186,29745.56,18.377
2023-03-07,Holiday Extravaganza,Email,85249,4021,3627.96,158,11229.55,2.095
2023-07-09,Summer Promo,Social Media,140476,4752,7285.18,567,55242.76,6.583
2023-03-31,Summer Promo,Influencer,23607,738,2628.81,22,2383.24,-0.093
2023-07-31,Back to School,Search Ads,55619,2824,5425.73,299,49904.1,8.198
2023-09-27,Back to School,Email,75310,4904,14203.87,370,39037.82,1.748
2023-08-21,Holiday Extravaganza,Email,32731,1801,4051.53,89,3766.42,-0.07
2023-03-26,Holiday Extravaganza,Search Ads,20878,1121,1409.47,50,8486.35,5.021
2023-05-24,Spring Launch,Influencer,68994,3223,3174.15,181,9003.63,1.837
2023-05-26,Summer Promo,Email,60529,4253,12720.36,114,15840.12,0.245
2023-10-24,Back to School,Search Ads,145486,4237,3850.71,307,44348.14,10.517
2023-02-17,Back to School,Email,91675,5167,17752.61,418,50974.57,1.871
2023-12-03,Back to School,Search Ads,107872,3450,1951.16,303,39415.62,19.201
2023-10-27,Back to School,Search Ads,64159,3585,6829.69,317,47617.24,5.972
2023-02-09,Black Friday,Display,130353,1787,5740.43,63,5547.24,-0.034
2023-12-11,Holiday Extravaganza,Social Media,97809,6300,4598.75,651,73649.52,15.015
2023-09-27,Holiday Extravaganza,Email,7083,411,1129.73,15,1017.36,-0.099
2023-05-09,Black Friday,Search Ads,118237,7525,26324.21,897,33255.31,0.263
2023-01-03,Spring Launch,Display,79038,5227,3040.77,283,35954.33,10.824
2023-03-31,Black Friday,Email,84034,3994,8826.23,109,13707.15,0.553
2023-01-17,Holiday Extravaganza,Display,119910,2944,7409.55,264,22612.49,2.052
2023-09-08,Back to School,Influencer,11872,200,450.23,19,2474.85,4.497
2023-03-07,Spring Launch,Search Ads,146629,9460,6403.0,756,116000.03,17.117
2023-12-18,Back to School,Influencer,147213,6553,6861.45,163,15271.21,1.226
2023-10-20,Black Friday,Influencer,96604,3193,6669.7,332,43940.93,5.588
2023-11-05,Holiday Extravaganza,Display,48957,2476,5571.67,238,40275.04,6.229
2023-12-04,Back to School,Search Ads,122277,6796,11944.15,424,42178.06,2.531
2023-02-19,Back to School,Search Ads,28684,924,3490.04,97,14941.69,3.281
2023-07-11,Back to School,Influencer,62310,2932,4018.12,70,9446.2,1.351
2023-04-07,Black Friday,Influencer,98960,3434,10310.25,232,25357.2,1.459
2023-06-04,Black Friday,Social Media,34974,2149,4566.43,196,27777.12,5.083
2023-09-13,Back to School,Email,140058,7634,6229.96,370,36122.51,4.798
2023-08-19,Black Friday,Email,94256,2375,955.16,84,5192.07,4.436
2023-08-23,Back to School,Social Media,46475,1577,2492.75,95,7142.77,1.865
2023-05-28,Spring Launch,Search Ads,50583,2389,5138.68,99,10173.55,0.98
2023-09-18,Holiday Extravaganza,Display,142646,2520,1740.7,76,11948.95,5.864
2023-01-31,Spring Launch,Influencer,110592,3794,9627.37,413,40019.68,3.157
2023-01-22,Black Friday,Email,8372,485,182.09,15,2485.37,12.649
2023-05-20,Back to School,Email,129198,5948,19032.99,205,21831.37,0.147
2023-04-11,Holiday Extravaganza,Email,148190,10084,15160.49,549,71383.63,3.709
2023-08-12,Back to School,Email,27146,1645,2895.32,115,6349.29,1.193
2023-07-25,Holiday Extravaganza,Social Media,79696,2720,7009.26,276,46101.05,5.577
2023-08-09,Holiday Extravaganza,Search Ads,54544,3742,12423.34,405,39077.33,2.145
2023-10-25,Spring Launch,Social Media,129818,8852,17876.08,530,86967.75,3.865
2023-06-05,Holiday Extravaganza,Email,55588,2678,2321.42,88,9351.71,3.028
2023-08-18,Back to School,Influencer,124804,6069,19489.31,280,18834.64,-0.034
2023-06-30,Holiday Extravaganza,Social Media,68651,4220,2202.86,353,54016.36,23.521
2023-06-02,Back to School,Display,128632,3936,12013.36,383,67622.24,4.629
2023-08-31,Black Friday,Search Ads,13872,922,1742.52,102,4064.1,1.332
2023-04-22,Spring Launch,Email,69832,4878,7374.76,532,50915.05,5.904
2023-09-01,Holiday Extravaganza,Email,51643,1368,2793.41,80,6801.87,1.435
2023-10-11,Back to School,Social Media,82235,3103,8014.2,304,30239.51,2.773
2023-04-24,Spring Launch,Display,123430,5793,21865.06,642,99636.52,3.557
2023-10-25,Holiday Extravaganza,Influencer,51771,1270,4752.11,78,14012.11,1.949
2023-07-20,Spring Launch,Display,47129,2113,7199.48,185,15057.13,1.091
2023-07-25,Summer Promo,Influencer,68696,4328,5206.21,428,17746.03,2.409
2023-09-05,Summer Promo,Influencer,4117,227,287.97,7,741.42,1.575
2023-01-07,Holiday Extravaganza,Email,133564,8100,26271.67,369,30036.52,0.143
2023-01-02,Back to School,Influencer,22948,1695,1685.16,184,6799.69,3.035
2023-12-24,Holiday Extravaganza,Display,5630,357,285.5,30,4261.99,13.928
2023-10-14,Summer Promo,Email,49732,1627,3629.41,92,12826.38,2.534
2023-07-07,Spring Launch,Email,58724,1858,5392.84,152,21185.2,2.928
2023-03-05,Black Friday,Search Ads,134859,2407,5411.95,202,29984.75,4.54
2023-08-27,Back to School,Influencer,66931,3640,13667.39,283,23295.99,0.704
2023-05-07,Black Friday,Display,44176,3230,4887.51,215,16957.86,2.47
2023-11-19,Holiday Extravaganza,Search Ads,50867,3543,3709.38,418,71328.99,18.229
2023-02-06,Holiday Extravaganza,Display,131081,9719,13689.73,785,136656.52,8.982
2023-07-11,Spring Launch,Influencer,134441,6262,17210.31,715,66848.53,2.884
2023-02-15,Back to School,Search Ads,117162,5464,5047.85,393,24475.6,3.849
2023-06-17,Back to School,Display,113474,6041,13059.15,276,41134.63,2.15
2023-01-18,Back to School,Social Media,74397,3816,2021.27,226,8884.53,3.396
2023-01-08,Holiday Extravaganza,Display,109172,4754,8544.83,211,29565.43,2.46
2023-04-03,Back to School,Email,118008,4026,4561.25,296,18302.42,3.013
2023-03-06,Back to School,Email,55235,1278,2576.34,85,4443.91,0.725
2023-08-27,Back to School,Search Ads,40919,2096,5915.17,98,17589.0,1.974
2023-11-14,Summer Promo,Social Media,85715,6112,8421.45,307,39531.14,3.694
2023-01-15,Spring Launch,Display,8788,446,988.83,17,2134.73,1.159
2023-11-27,Black Friday,Email,14316,387,1018.19,25,2084.77,1.048
2023-12-13,Back to School,Search Ads,139103,3325,7652.7,259,19248.16,1.515
2023-03-25,Back to School,Display,133659,5149,2982.68,566,25538.4,7.562
2023-08-03,Spring Launch,Social Media,5992,438,755.21,38,3264.43,3.323
2023-06-02,Holiday Extravaganza,Email,122521,2573,4329.1,240,32310.6,6.464
2023-09-16,Holiday Extravaganza,Search Ads,139267,7334,3024.4,686,36622.64,11.109
2023-05-14,Black Friday,Search Ads,96502,5044,5002.4,447,18104.45,2.619
2023-02-07,Holiday Extravaganza,Email,137253,2003,3666.06,162,6064.98,0.654
2023-07-27,Spring Launch,Search Ads,18503,858,1370.35,84,8258.97,5.027
2023-07-29,Summer Promo,Search Ads,92479,1318,574.82,131,9465.65,15.467
2023-11-04,Spring Launch,Display,104253,2976,9011.4,161,10747.57,0.193
2023-10-05,Summer Promo,Email,63242,4189,3700.39,347,36723.82,8.924
2023-10-21,Back to School,Display,2539,37,94.89,3,450.25,3.745
2023-03-09,Black Friday,Email,97216,5771,16062.89,381,16880.34,0.051
2023-12-03,Black Friday,Display,35003,569,1219.33,38,5901.32,3.84
2023-01-16,Spring Launch,Display,59622,1987,2390.89,135,15599.86,5.525
2023-02-21,Back to School,Display,113806,4533,3635.74,239,18289.02,4.03
2023-04-02,Black Friday,Display,6196,85,171.38,9,855.66,3.993
2023-11-15,Back to School,Search Ads,11248,266,740.02,28,3957.76,4.348
2023-11-13,Summer Promo,Search Ads,131635,4362,13177.07,446,78195.14,4.934
2023-01-03,Spring Launch,Email,53690,3972,11553.03,176,20377.89,0.764
2023-02-06,Summer Promo,Email,131955,3326,12599.64,362,18030.09,0.431
2023-08-05,Spring Launch,Search Ads,51611,2507,8707.12,220,25202.8,1.895
2023-07-01,Spring Launch,Search Ads,7838,108,261.6,8,332.29,0.27
2023-07-15,Back to School,Influencer,67633,2782,4833.36,307,52992.88,9.964
2023-11-20,Black Friday,Search Ads,42585,608,249.46,12,886.04,2.552
2023-10-05,Summer Promo,Display,87533,4108,1811.06,303,39081.12,20.579
2023-03-13,Black Friday,Display,132634,7083,4122.3,627,86670.08,20.025
2023-03-14,Summer Promo,Display,36045,2118,5563.86,84,4895.96,-0.12
2023-08-14,Summer Promo,Influencer,73879,3108,11346.74,73,10370.93,-0.086
2023-10-09,Back to School,Email,121572,5463,6879.74,619,48169.48,6.002
2023-10-03,Holiday Extravaganza,Social Media,17525,1135,1530.66,82,4056.67,1.65
2023-07-29,Summer Promo,Display,55723,3625,12023.07,218,12986.39,0.08
2023-03-02,Holiday Extravaganza,Display,14255,588,1125.77,30,4108.99,2.65
2023-06-21,Holiday Extravaganza,Social Media,95495,2122,6991.21,147,24281.21,2.473
2023-03-29,Back to School,Email,148858,4120,5962.04,449,35101.81,4.888
2023-07-25,Spring Launch,Social Media,133227,2378,7671.64,153,19220.67,1.505
2023-02-08,Summer Promo,Display,146802,6075,17595.82,337,19069.14,0.084
2023-05-08,Spring Launch,Search Ads,141230,7047,9110.28,262,16330.75,0.793
2023-05-02,Black Friday,Email,70689,3744,3964.41,200,22011.32,4.552
2023-01-29,Black Friday,Social Media,78850,5546,13407.1,557,80456.13,5.001
2023-02-21,Holiday Extravaganza,Search Ads,47172,636,1031.93,72,7462.12,6.231
2023-03-24,Back to School,Display,99399,4639,15676.85,113,17553.73,0.12
2023-12-21,Holiday Extravaganza,Email,7212,426,1301.61,10,559.0,-0.571
2023-01-16,Holiday Extravaganza,Display,130034,8594,30406.47,529,27532.78,-0.095
2023-09-16,Black Friday,Influencer,47958,1430,1917.91,30,1776.2,-0.074
2023-07-10,Black Friday,Email,52024,864,426.25,82,13080.62,29.688
2023-12-15,Back to School,Search Ads,115814,2472,1766.2,289,50160.03,27.4
2023-05-22,Holiday Extravaganza,Display,124062,7185,10515.15,853,30119.56,1.864
2023-11-27,Spring Launch,Email,134850,2908,7388.1,73,2869.87,-0.612
2023-07-20,Holiday Extravaganza,Social Media,123988,7276,8740.2,744,91901.85,9.515
2023-08-07,Back to School,Social Media,88838,3100,7226.76,68,8422.87,0.166
2023-12-04,Black Friday,Display,24309,763,2430.83,16,850.7,-0.65
2023-07-01,Spring Launch,Email,84362,6231,3809.59,368,13800.77,2.623
2023-12-14,Back to School,Search Ads,115125,3229,7517.37,108,9100.16,0.211
2023-08-03,Back to School,Display,100712,7497,25051.72,416,26623.66,0.063
2023-04-06,Holiday Extravaganza,Social Media,69377,2170,4043.97,73,5969.52,0.476
2023-11-22,Back to School,Display,87357,3260,3234.76,227,29995.59,8.273
2023-01-06,Spring Launch,Influencer,67730,3425,11524.76,230,26292.06,1.281
2023-06-02,Spring Launch,Influencer,40725,522,195.52,45,7163.09,35.636
2023-10-21,Spring Launch,Search Ads,71124,1465,1664.84,161,6460.06,2.88
2023-01-25,Summer Promo,Social Media,116526,8495,11129.13,350,17053.14,0.532
2023-10-20,Spring Launch,Search Ads,86426,3356,3676.93,341,23809.77,5.475
2023-07-13,Black Friday,Search Ads,34184,1175,1931.35,91,11048.3,4.721
2023-09-01,Holiday Extravaganza,Influencer,53924,3065,7540.21,225,27692.64,2.673
2023-07-28,Summer Promo,Social Media,60513,3959,12938.22,407,54763.89,3.233
2023-05-24,Back to School,Email,126446,7662,11472.8,700,96240.65,7.389
2023-06-25,Black Friday,Influencer,22377,432,1251.98,21,1980.51,0.582
2023-06-08,Holiday Extravaganza,Influencer,48640,3617,2622.79,304,32770.39,11.494
2023-08-27,Back to School,Display,14821,893,2964.76,63,10641.84,2.589
2023-08-30,Holiday Extravaganza,Display,132027,2320,1487.66,61,7508.17,4.047
2023-07-25,Back to School,Social Media,25551,1619,1072.71,162,19872.04,17.525
2023-06-24,Back to School,Display,73750,2977,3819.41,78,12443.32,2.258
2023-04-28,Spring Launch,Email,116666,6111,7395.88,186,6691.53,-0.095
2023-03-09,Summer Promo,Social Media,81137,2319,7540.34,141,9050.19,0.2
2023-04-22,Summer Promo,Social Media,23684,1757,5818.2,157,10081.27,0.733
2023-02-27,Summer Promo,Display,95607,2623,2776.72,186,19544.48,6.039
2023-06-17,Back to School,Influencer,116881,2662,6989.77,58,7832.03,0.12
2023-05-11,Black Friday,Search Ads,143566,8367,19249.56,322,51476.0,1.674
2023-02-14,Holiday Extravaganza,Email,141712,1748,4946.3,118,7663.83,0.549
2023-12-14,Summer Promo,Influencer,120352,6259,2355.01,142,25263.43,9.728
2023-05-21,Black Friday,Search Ads,142100,7268,11050.24,409,44944.02,3.067
2023-09-15,Back to School,Display,138801,2819,1328.35,216,16312.94,11.281
2023-03-17,Holiday Extravaganza,Influencer,114115,7834,22547.33,292,45935.06,1.037
2023-11-21,Holiday Extravaganza,Social Media,12217,267,495.8,14,867.11,0.749
2023-09-12,Summer Promo,Social Media,73989,3724,8505.75,350,55686.64,5.547
2023-01-01,Holiday Extravaganza,Influencer,75203,965,1857.57,104,6134.54,2.302
2023-03-12,Holiday Extravaganza,Email,92493,2325,7568.66,74,2732.47,-0.639
2023-05-05,Back to School,Display,15459,254,612.34,18,2558.45,3.178
2023-08-20,Black Friday,Influencer,92969,1920,5718.4,175,25168.52,3.401
2023-03-03,Holiday Extravaganza,Email,51900,1245,3089.03,148,9762.52,2.16
2023-01-26,Holiday Extravaganza,Search Ads,65965,4115,11111.43,212,36955.79,2.326
2023-11-12,Black Friday,Social Media,33150,1000,547.31,57,9605.72,16.551
2023-06-24,Black Friday,Social Media,9915,517,629.07,27,1160.12,0.844
2023-03-29,Spring Launch,Display,24573,1032,1332.81,47,8398.59,5.301
2023-11-06,Back to School,Search Ads,116738,1994,3588.1,144,20742.27,4.781
2023-10-02,Spring Launch,Influencer,86503,5664,8410.27,517,54191.23,5.443
2023-01-12,Holiday Extravaganza,Social Media,30422,1746,1578.27,116,12573.47,6.967
2023-11-16,Holiday Extravaganza,Search Ads,123985,6349,20738.11,523,26262.27,0.266
2023-04-06,Spring Launch,Display,124824,6421,4154.55,144,5985.44,0.441
2023-07-09,Back to School,Influencer,46320,3423,3839.05,283,22556.07,4.875
2023-10-13,Black Friday,Social Media,98517,3475,12860.6,124,7520.49,-0.415
2023-02-27,Summer Promo,Influencer,29595,521,847.46,18,2355.65,1.78
2023-04-06,Summer Promo,Email,118541,3385,1961.3,173,19217.1,8.798
2023-03-20,Summer Promo,Email,19043,973,2057.66,101,18071.16,7.782
2023-10-25,Black Friday,Social Media,1853,28,98.03,2,311.61,2.179
2023-08-02,Back to School,Search Ads,50255,3223,7097.46,245,32219.48,3.54
2023-05-03,Holiday Extravaganza,Display,16764,892,2245.03,23,2772.49,0.235
2023-04-18,Back to School,Display,49377,1152,2324.82,41,5715.69,1.459
2023-02-06,Black Friday,Influencer,111882,7729,5404.53,804,78139.78,13.458
2023-05-24,Holiday Extravaganza,Influencer,47346,871,315.31,98,14713.41,45.663
2023-09-12,Black Friday,Search Ads,123584,5503,15527.12,315,54524.06,2.512
2023-08-16,Back to School,Display,97915,2625,3384.81,276,10313.34,2.047
2023-09-17,Spring Launch,Display,117491,4100,3688.41,260,27696.14,6.509
2023-01-03,Black Friday,Display,16668,498,533.67,33,1534.43,1.875
2023-07-23,Summer Promo,Email,133438,9449,15519.2,759,31393.22,1.023
2023-10-18,Black Friday,Search Ads,10713,626,1235.02,43,4863.38,2.938
2023-08-30,Back to School,Email,66199,3768,10644.17,345,52662.56,3.948
2023-03-08,Back to School,Search Ads,66453,1120,938.66,22,2254.08,1.401
2023-06-11,Spring Launch,Display,48185,1852,963.49,104,6198.77,5.434
2023-08-01,Holiday Extravaganza,Search Ads,53957,2542,3898.96,296,36398.06,8.335
2023-09-29,Back to School,Email,108633,2054,1995.53,187,23095.59,10.574
2023-03-28,Back to School,Social Media,131784,9685,28953.8,838,43108.01,0.489
2023-03-24,Spring Launch,Influencer,54378,2564,9251.05,132,17958.13,0.941
2023-09-25,Spring Launch,Search Ads,92191,6722,9356.16,737,73034.13,6.806
2023-11-13,Spring Launch,Email,113414,4060,2581.81,216,19440.96,6.53
2023-06-13,Spring Launch,Social Media,17523,1053,1304.75,102,9355.13,6.17
2023-10-16,Holiday Extravaganza,Influencer,131349,9767,28003.93,972,54056.68,0.93
2023-12-06,Spring Launch,Email,51797,3595,1909.49,383,26002.87,12.618
2023-09-24,Back to School,Search Ads,24123,1686,3828.56,100,5966.92,0.559
2023-09-14,Black Friday,Email,129939,8006,19638.63,897,119679.52,5.094
2023-06-28,Summer Promo,Display,127403,5550,18916.99,241,41541.08,1.196
2023-08-09,Spring Launch,Social Media,75282,5484,15772.9,125,16612.01,0.053
2023-04-29,Black Friday,Display,61380,2476,5716.24,210,9442.34,0.652
2023-08-22,Holiday Extravaganza,Email,118858,7832,23635.03,903,37857.13,0.602
2023-11-30,Holiday Extravaganza,Social Media,111369,6746,5180.33,627,24595.29,3.748
2023-06-20,Spring Launch,Influencer,107461,6331,18589.76,226,32666.82,0.757
2023-11-24,Holiday Extravaganza,Social Media,44211,3073,4036.03,282,14505.96,2.594
2023-06-08,Back to School,Search Ads,129017,5809,19354.37,303,21480.73,0.11
2023-10-13,Summer Promo,Email,113184,7862,28501.35,234,8518.29,-0.701
2023-01-17,Black Friday,Email,119183,8895,30080.42,209,29743.46,-0.011
2023-12-08,Holiday Extravaganza,Social Media,39273,859,2109.65,91,6124.39,1.903
2023-06-24,Summer Promo,Email,69841,4274,14716.4,159,14873.99,0.011
2023-12-05,Spring Launch,Display,110147,3832,14460.2,358,46316.53,2.203
2023-06-30,Summer Promo,Social Media,51545,2214,8280.31,231,23594.3,1.849
2023-01-12,Black Friday,Email,28081,1813,5195.7,165,15531.33,1.989
2023-08-30,Holiday Extravaganza,Search Ads,36646,1698,1770.31,37,4694.93,1.652
2023-11-11,Holiday Extravaganza,Influencer,19553,1434,3315.85,93,10488.04,2.163
2023-02-13,Holiday Extravaganza,Email,72944,3203,6069.79,119,17721.52,1.92
2023-08-18,Back to School,Search Ads,12977,969,3148.59,79,10428.62,2.312
2023-02-07,Holiday Extravaganza,Social Media,37166,575,1550.76,37,3074.3,0.982
2023-06-16,Spring Launch,Email,85031,1490,952.54,40,3699.6,2.884
2023-03-01,Summer Promo,Social Media,111855,6343,7005.96,282,41619.52,4.941
2023-06-09,Holiday Extravaganza,Influencer,113841,6820,9164.34,711,26241.58,1.863
2023-07-31,Black Friday,Search Ads,83566,3793,5179.09,413,35780.41,5.909
2023-10-03,Black Friday,Influencer,93475,1187,4136.19,34,3876.88,-0.063
2023-06-30,Back to School,Social Media,41097,2746,8287.05,189,15723.6,0.897
2023-01-26,Black Friday,Display,63770,2261,983.63,128,21781.14,21.144
2023-10-11,Black Friday,Social Media,81276,4060,13116.02,243,34944.79,1.664
2023-11-30,Summer Promo,Email,57736,3973,7773.18,472,27364.93,2.52
2023-11-16,Back to School,Influencer,51289,1343,608.81,129,15342.08,24.2
2023-09-15,Summer Promo,Display,46970,2652,6457.98,180,23480.75,2.636
2023-03-05,Back to School,Search Ads,50323,3262,5755.09,195,17276.31,2.002
2023-01-18,Back to School,Email,42156,1207,3334.77,52,5964.39,0.789
2023-01-04,Black Friday,Social Media,137969,8970,31451.02,551,26539.46,-0.156
2023-01-02,Black Friday,Email,59986,2707,8667.2,266,32791.98,2.783
2023-06-12,Holiday Extravaganza,Search Ads,81412,3563,5670.14,124,16480.06,1.906
2023-03-14,Spring Launch,Social Media,3875,117,368.34,9,541.05,0.469
2023-03-30,Summer Promo,Influencer,15088,543,1568.37,58,6529.86,3.163
2023-06-03,Spring Launch,Email,143692,8444,10989.0,674,44537.37,3.053
2023-06-04,Spring Launch,Display,73941,1930,6126.72,162,13559.08,1.213
2023-06-06,Holiday Extravaganza,Display,138619,8207,29021.85,852,58223.59,1.006
2023-06-20,Holiday Extravaganza,Email,88538,5544,18986.84,304,16075.15,-0.153
2023-09-08,Summer Promo,Social Media,46107,3056,7076.7,190,13158.34,0.859
2023-06-05,Back to School,Email,145891,10780,21126.69,800,83339.23,2.945
2023-07-07,Black Friday,Influencer,36681,1931,3925.44,73,12042.72,2.068
2023-12-24,Spring Launch,Search Ads,126762,8481,4292.76,569,72157.02,15.809
2023-05-24,Back to School,Search Ads,3660,77,167.12,6,812.1,3.859
2023-02-04,Holiday Extravaganza,Social Media,114381,2537,4981.78,180,17904.9,2.594
2023-05-01,Back to School,Search Ads,67740,1733,3752.92,67,7832.99,1.087
2023-07-25,Spring Launch,Search Ads,77888,3524,6705.13,138,21084.53,2.145
2023-06-19,Back to School,Influencer,52236,730,2251.6,50,4500.33,0.999
2023-06-05,Back to School,Search Ads,97749,5351,19796.83,562,56053.56,1.831
2023-11-16,Holiday Extravaganza,Search Ads,121113,8414,11036.72,184,20221.35,0.832
2023-08-30,Spring Launch,Display,139015,5269,6279.01,270,19900.72,2.169
2023-04-01,Back to School,Email,18305,746,1039.27,43,5254.12,4.056
2023-09-23,Summer Promo,Search Ads,132587,8073,17227.19,688,79178.03,3.596
2023-10-22,Back to School,Social Media,106488,1821,5677.36,215,16248.81,1.862
2023-03-18,Summer Promo,Influencer,39675,753,1847.01,81,6315.11,2.419
2023-04-23,Holiday Extravaganza,Social Media,88534,3777,3998.19,360,63579.21,14.902
2023-08-02,Spring Launch,Influencer,139751,9634,36394.7,923,121256.91,2.332
2023-07-21,Summer Promo,Influencer,140829,6597,13626.33,491,18110.92,0.329
2023-12-11,Summer Promo,Search Ads,57878,2464,9188.86,89,15751.74,0.714
2023-05-23,Summer Promo,Display,96271,2297,5953.82,138,10830.54,0.819
2023-10-29,Holiday Extravaganza,Display,100617,2629,8426.22,180,8238.25,-0.022
2023-07-10,Back to School,Display,127611,7083,12483.9,311,36465.64,1.921
2023-12-05,Back to School,Display,109838,8162,22991.83,331,50356.74,1.19
2023-04-23,Holiday Extravaganza,Display,36231,1401,1163.85,94,3309.99,1.844
2023-10-06,Spring Launch,Social Media,148527,8808,20905.48,435,15537.79,-0.257
2023-06-16,Holiday Extravaganza,Email,59967,1017,1037.61,68,8479.14,7.172
2023-05-17,Back to School,Search Ads,138791,5694,4537.66,252,43667.54,8.623
2023-05-13,Summer Promo,Search Ads,2976,202,361.73,22,3953.0,9.928
2023-02-12,Spring Launch,Display,91190,5687,10647.62,363,23720.15,1.228
2023-01-28,Spring Launch,Display,17451,599,2099.58,42,7173.0,2.416
2023-04-09,Summer Promo,Display,3861,71,176.09,6,646.77,2.673
2023-12-17,Holiday Extravaganza,Display,125354,7077,25384.92,435,22868.05,-0.099
2023-07-31,Summer Promo,Email,69516,5114,12633.13,127,22344.04,0.769
2023-12-01,Holiday Extravaganza,Social Media,74416,5338,12138.95,173,13770.48,0.134
2023-02-10,Spring Launch,Influencer,96415,3781,8633.5,382,53118.66,5.153
2023-08-26,Summer Promo,Influencer,103123,3265,10741.5,307,30504.74,1.84
2023-09-10,Holiday Extravaganza,Email,147115,3453,12674.54,293,40814.86,2.22
2023-12-21,Back to School,Search Ads,80587,2454,4329.08,66,8711.08,1.012
2023-05-16,Summer Promo,Display,75890,3882,2688.04,118,4242.68,0.578
2023-07-12,Back to School,Search Ads,102645,7328,25083.83,526,77431.0,2.087
2023-12-16,Summer Promo,Display,85725,5549,18495.94,522,71979.71,2.892
2023-12-14,Summer Promo,Social Media,55131,3575,9307.44,390,32843.21,2.529
2023-05-19,Back to School,Email,145687,4054,8751.4,450,69885.46,6.986
2023-01-23,Holiday Extravaganza,Search Ads,45750,1222,1333.49,61,9021.68,5.765
2023-02-21,Holiday Extravaganza,Search Ads,1828,125,436.96,9,1116.24,1.555
2023-09-24,Black Friday,Social Media,131458,4009,5969.64,317,13864.83,1.323
2023-11-11,Back to School,Email,134203,7611,19995.14,646,106529.57,4.328
2023-06-06,Back to School,Social Media,144470,6385,17049.33,232,31511.55,0.848
2023-07-02,Back to School,Email,129248,3224,3197.71,281,42425.15,12.267
2023-04-17,Summer Promo,Influencer,91670,4952,16401.91,348,35823.98,1.184
2023-02-21,Spring Launch,Email,101926,3015,9540.61,192,33130.2,2.473
2023-05-04,Holiday Extravaganza,Email,37968,1581,692.65,116,5320.58,6.681
2023-09-06,Summer Promo,Search Ads,115339,1692,4928.96,195,27927.99,4.666
2023-10-11,Summer Promo,Display,109179,5219,15143.37,543,34615.24,1.286
2023-10-17,Back to School,Email,4815,136,250.57,14,1483.38,4.92
2023-10-19,Holiday Extravaganza,Search Ads,80006,4811,9471.39,491,66666.38,6.039
2023-03-26,Black Friday,Social Media,118740,2303,4231.21,257,43696.0,9.327
2023-07-08,Summer Promo,Search Ads,1760,120,99.87,11,1453.03,13.549
2023-03-04,Back to School,Display,38504,1044,2617.11,117,6490.3,1.48
2023-03-16,Back to School,Influencer,13922,743,1341.03,72,7304.08,4.447
2023-02-19,Spring Launch,Social Media,15400,208,333.16,11,1285.23,2.858
2023-12-20,Holiday Extravaganza,Email,53534,3634,4210.08,181,17554.5,3.17
2023-03-19,Back to School,Influencer,113779,5059,3681.11,526,29625.51,7.048
2023-09-04,Holiday Extravaganza,Social Media,109612,3202,7555.27,108,6370.65,-0.157
2023-05-06,Spring Launch,Search Ads,13995,939,788.5,28,3058.21,2.879
2023-07-20,Summer Promo,Influencer,39264,2241,2641.22,74,12982.47,3.915
2023-01-14,Black Friday,Influencer,120248,2045,7239.97,57,4901.09,-0.323
2023-11-13,Spring Launch,Influencer,79223,4843,12856.24,554,86801.24,5.752
2023-08-17,Summer Promo,Search Ads,52811,712,2621.91,82,8666.9,2.306
2023-04-27,Back to School,Display,42285,571,532.49,14,1213.48,1.279
2023-06-09,Black Friday,Influencer,12540,668,831.25,21,3028.25,2.643
2023-08-17,Back to School,Social Media,18458,837,1223.93,26,2669.7,1.181
2023-11-20,Summer Promo,Search Ads,41235,2761,5091.53,199,10345.33,1.032
2023-04-09,Black Friday,Display,33132,1902,3621.0,44,6989.52,0.93
2023-10-26,Spring Launch,Social Media,11340,698,1529.7,20,2617.63,0.711
2023-12-16,Holiday Extravaganza,Search Ads,113172,6114,7336.38,331,48634.54,5.629
2023-08-10,Back to School,Email,137449,4008,13107.67,275,19848.04,0.514
2023-08-11,Back to School,Display,38406,1964,5845.96,121,14674.27,1.51
2023-11-30,Spring Launch,Social Media,64354,3243,5195.87,133,15790.72,2.039
2023-10-18,Holiday Extravaganza,Influencer,30852,1803,4807.97,163,20513.3,3.267
2023-07-17,Summer Promo,Social Media,43772,2362,4435.42,71,11951.83,1.695
2023-05-06,Black Friday,Social Media,107933,5513,8430.41,281,20322.88,1.411
2023-08-26,Summer Promo,Influencer,148973,10277,27048.69,448,39341.97,0.454
2023-12-04,Black Friday,Display,65502,957,2465.25,108,13259.0,4.378
2023-03-16,Summer Promo,Email,119857,7533,16238.96,633,113514.52,5.99
2023-12-01,Black Friday,Search Ads,137998,8732,14788.09,448,72696.97,3.916
2023-10-05,Black Friday,Social Media,6045,86,64.9,3,519.5,7.005
2023-09-30,Black Friday,Display,69678,1209,4337.42,72,6684.38,0.541
2023-09-20,Summer Promo,Influencer,68159,4050,1458.21,467,71371.73,47.945
2023-10-08,Holiday Extravaganza,Social Media,43180,1120,2267.3,53,8672.58,2.825
2023-11-21,Summer Promo,Email,31029,1543,584.01,111,15597.83,25.708
2023-04-25,Back to School,Influencer,61013,2050,7263.11,181,17809.26,1.452
2023-06-18,Back to School,Display,144637,4293,4982.09,319,53846.51,9.808
2023-10-12,Black Friday,Search Ads,133123,3114,2443.63,336,15977.76,5.539
2023-04-11,Summer Promo,Display,74512,2332,2458.74,56,8193.73,2.332
2023-02-14,Black Friday,Display,100841,2037,2256.24,178,7767.92,2.443
2023-01-29,Summer Promo,Display,113893,4246,15590.91,96,16550.59,0.062
2023-08-07,Summer Promo,Search Ads,41881,1215,4189.64,138,21741.1,4.189
2023-03-10,Summer Promo,Influencer,139658,8355,23501.99,866,128154.14,4.453
2023-06-22,Holiday Extravaganza,Influencer,104736,6512,13389.6,219,15361.77,0.147
2023-10-04,Spring Launch,Influencer,44106,932,2865.21,81,13442.37,3.692
2023-08-03,Back to School,Email,63713,4747,13876.91,262,35058.93,1.526
2023-07-18,Spring Launch,Search Ads,46540,1455,4988.87,58,3639.63,-0.27
2023-12-21,Back to School,Search Ads,20127,1363,591.99,82,14404.67,23.333
2023-05-26,Spring Launch,Display,63460,1272,4414.46,140,20458.97,3.635
2023-12-02,Summer Promo,Email,119170,6400,2637.77,576,58477.5,21.169
2023-11-01,Summer Promo,Display,117320,4020,1579.83,424,43928.38,26.806
2023-02-14,Spring Launch,Search Ads,84760,4288,15028.44,130,13956.49,-0.071
2023-12-04,Summer Promo,Display,55836,2503,4115.07,240,28852.78,6.011
2023-03-04,Spring Launch,Influencer,103050,1587,5928.68,173,15744.77,1.656
2023-06-16,Holiday Extravaganza,Email,21599,1439,1068.9,114,9321.78,7.721
2023-11-02,Spring Launch,Search Ads,17522,617,627.85,48,2980.9,3.748
2023-09-14,Back to School,Display,90794,2908,4469.53,239,21180.58,3.739
2023-04-28,Holiday Extravaganza,Search Ads,111273,2900,8560.96,301,32248.51,2.767
2023-10-27,Black Friday,Social Media,30039,561,760.48,19,2128.9,1.799
2023-08-23,Summer Promo,Social Media,142418,3190,10416.95,251,41747.59,3.008
2023-03-11,Holiday Extravaganza,Email,86580,1666,5811.22,189,13825.67,1.379
2023-04-18,Back to School,Social Media,25737,995,1501.52,52,3113.37,1.073
2023-09-22,Summer Promo,Social Media,10654,655,1549.21,65,8286.91,4.349
2023-09-13,Summer Promo,Search Ads,147903,10321,17839.1,624,110931.07,5.218
2023-08-18,Black Friday,Influencer,89166,5176,18801.96,318,41306.74,1.197
2023-09-13,Holiday Extravaganza,Influencer,108073,7901,10262.37,449,71064.37,5.925
2023-11-20,Holiday Extravaganza,Email,89090,5858,19968.54,281,27419.78,0.373
2023-05-03,Summer Promo,Search Ads,60694,3753,10638.43,138,10975.82,0.032
2023-04-25,Summer Promo,Search Ads,44983,1613,5955.34,56,6927.25,0.163
2023-01-28,Spring Launch,Social Media,15392,599,1381.41,50,4588.5,2.322
2023-12-22,Holiday Extravaganza,Email,116957,8468,10898.44,596,40940.43,2.757
2023-08-12,Back to School,Display,45743,904,2242.63,41,2040.41,-0.09
2023-06-20,Summer Promo,Email,46367,1713,603.96,49,7041.3,10.659
2023-11-09,Holiday Extravaganza,Email,58991,890,1842.79,96,7698.0,3.177
2023-02-15,Summer Promo,Email,21589,570,1502.43,22,2378.49,0.583
2023-09-04,Holiday Extravaganza,Social Media,88614,3968,13383.18,169,18479.48,0.381
2023-11-15,Summer Promo,Display,89859,5693,17657.8,545,19896.94,0.127
2023-07-30,Black Friday,Search Ads,20094,1412,1586.07,132,6937.88,3.374
2023-05-17,Black Friday,Search Ads,21181,600,1028.45,26,2932.6,1.851
2023-08-23,Back to School,Social Media,76581,3779,8564.13,343,42978.05,4.018
2023-10-01,Black Friday,Display,48016,1121,1225.08,41,4249.09,2.468
2023-11-21,Summer Promo,Email,25945,1012,3832.33,60,8015.8,1.092
2023-05-04,Back to School,Search Ads,111303,3802,2046.01,278,25907.09,11.662
2023-09-16,Summer Promo,Social Media,48376,2301,1636.34,239,20790.09,11.705
2023-04-10,Back to School,Search Ads,131733,7310,20273.66,779,53804.06,1.654
2023-08-06,Summer Promo,Influencer,43806,1221,2752.7,132,18974.87,5.893
2023-02-07,Back to School,Influencer,60119,3270,3354.2,298,51430.44,14.333
2023-08-09,Holiday Extravaganza,Social Media,7402,156,425.54,12,1044.69,1.455
2023-07-21,Spring Launch,Email,45549,1503,3051.9,160,15553.17,4.096
2023-01-23,Summer Promo,Email,53167,2214,3921.85,57,3198.76,-0.184
2023-05-30,Holiday Extravaganza,Influencer,43303,2480,3039.95,247,36089.25,10.872
2023-10-31,Holiday Extravaganza,Social Media,144785,7293,24347.22,606,96539.47,2.965
2023-10-06,Summer Promo,Email,121042,8128,29415.83,683,67831.54,1.306
2023-08-26,Spring Launch,Search Ads,115558,5708,12048.39,547,48951.43,3.063
2023-10-03,Spring Launch,Email,36338,1161,2787.91,80,7378.51,1.647
2023-06-11,Holiday Extravaganza,Display,42864,770,2249.38,22,2985.78,0.327
2023-06-26,Holiday Extravaganza,Email,35637,2557,7187.84,140,13540.05,0.884
2023-01-20,Spring Launch,Display,122074,7966,2870.99,803,108896.21,36.93
2023-07-09,Black Friday,Influencer,99521,3073,4682.16,289,28417.1,5.069
2023-04-15,Black Friday,Display,44668,1758,922.38,128,20012.64,20.697
2023-08-23,Summer Promo,Display,112349,5578,14721.83,207,26453.58,0.797
2023-03-26,Summer Promo,Email,44817,2327,1855.76,67,11127.49,4.996
2023-08-06,Black Friday,Social Media,88713,5700,3950.05,603,67401.94,16.064
2023-01-05,Black Friday,Display,25682,1420,3827.25,92,11291.99,1.95
2023-07-21,Summer Promo,Social Media,135399,7476,14850.68,839,145340.7,8.787
2023-10-01,Black Friday,Social Media,76383,4236,6634.52,289,31945.06,3.815
2023-06-20,Holiday Extravaganza,Search Ads,80810,4462,10379.5,186,12060.07,0.162
2023-10-13,Summer Promo,Social Media,16995,415,485.81,9,969.1,0.995
2023-12-14,Summer Promo,Email,97501,1765,5237.26,119,18471.44,2.527
2023-11-05,Holiday Extravaganza,Email,118760,4052,10117.33,227,10329.79,0.021
2023-07-08,Back to School,Search Ads,145867,2917,6011.02,209,21602.29,2.594
2023-05-21,Back to School,Influencer,79106,2428,3793.09,61,7071.55,0.864
2023-12-26,Summer Promo,Email,48095,2728,8914.23,180,19834.76,1.225
2023-01-11,Summer Promo,Email,57146,3034,8237.06,351,26040.11,2.161
2023-06-27,Summer Promo,Email,113670,8256,19418.16,899,72501.18,2.734
2023-04-28,Summer Promo,Email,57920,3412,7668.85,358,55803.49,6.277
2023-11-26,Holiday Extravaganza,Email,60432,1961,5488.02,48,8172.7,0.489
2023-05-15,Summer Promo,Search Ads,126724,4383,16532.34,342,17033.19,0.03
2023-12-14,Black Friday,Social Media,107979,7168,20561.85,734,110899.8,4.393
2023-10-17,Black Friday,Email,50558,2422,3505.45,218,33391.49,8.526
2023-09-09,Summer Promo,Search Ads,116254,2566,2180.17,187,15567.36,6.14
2023-08-08,Holiday Extravaganza,Display,15471,973,3287.25,105,15273.39,3.646
2023-10-25,Holiday Extravaganza,Email,123417,4117,12553.92,326,48076.34,2.83
2023-09-02,Spring Launch,Email,71656,3741,12939.33,84,6508.64,-0.497
2023-01-28,Black Friday,Search Ads,92585,4800,10904.96,489,24920.44,1.285
2023-12-01,Spring Launch,Social Media,33034,2368,8585.62,135,8755.83,0.02
2023-08-29,Spring Launch,Email,101136,4064,6997.45,323,36905.52,4.274
2023-09-09,Back to School,Influencer,41422,537,1404.85,11,785.37,-0.441
2023-08-20,Black Friday,Search Ads,130231,1760,6555.06,70,5996.37,-0.085
2023-07-09,Summer Promo,Display,92205,4871,12010.7,148,11528.09,-0.04
2023-01-24,Spring Launch,Display,97012,2310,1247.53,267,37624.08,29.159
2023-11-21,Black Friday,Email,64232,2036,1024.01,149,15733.09,14.364
2023-08-10,Spring Launch,Social Media,107862,2622,1200.07,236,27752.54,22.126
2023-11-13,Spring Launch,Influencer,106454,4734,9751.61,306,29640.11,2.04
2023-08-07,Summer Promo,Display,67983,1562,4888.94,116,13955.76,1.855
2023-07-27,Back to School,Social Media,61554,2289,7054.55,106,6965.76,-0.013
2023-12-25,Black Friday,Search Ads,113101,2001,1502.22,66,8844.26,4.887
2023-11-09,Summer Promo,Social Media,65157,843,2091.2,79,10770.54,4.15
2023-06-11,Black Friday,Display,116632,4930,9343.11,389,47798.18,4.116
2023-02-19,Spring Launch,Display,20226,259,662.46,24,3690.87,4.571
2023-02-27,Holiday Extravaganza,Social Media,125633,5251,10079.39,535,31043.85,2.08
2023-01-16,Summer Promo,Influencer,86443,3171,2685.65,73,10554.44,2.93
2023-10-14,Summer Promo,Influencer,2472,37,44.87,2,262.53,4.851
2023-09-01,Back to School,Influencer,6827,279,965.84,15,1596.66,0.653
2023-02-28,Black Friday,Display,85876,4725,4579.17,316,40863.67,7.924
2023-06-24,Back to School,Influencer,25365,508,1477.74,30,1475.09,-0.002
2023-08-16,Holiday Extravaganza,Search Ads,129856,5839,11635.89,488,60203.54,4.174
2023-11-18,Holiday Extravaganza,Social Media,142062,6033,16504.03,510,73716.53,3.467
2023-09-07,Holiday Extravaganza,Display,49380,2627,3056.9,123,16975.04,4.553
2023-05-25,Summer Promo,Display,104418,1763,4158.35,210,11862.91,1.853
2023-05-01,Holiday Extravaganza,Influencer,105164,6103,4631.47,720,91524.56,18.761
2023-11-11,Summer Promo,Influencer,107295,2659,9988.07,151,12447.11,0.246
2023-10-02,Back to School,Email,87767,4747,11014.43,239,27457.92,1.493
2023-01-22,Black Friday,Influencer,88734,6548,23749.24,232,23033.07,-0.03
2023-06-09,Spring Launch,Social Media,124890,2180,6984.26,242,13308.96,0.906
2023-11-27,Holiday Extravaganza,Email,123152,2775,10334.09,91,10536.44,0.02
2023-11-18,Spring Launch,Social Media,35886,2069,1734.54,64,6553.14,2.778
2023-02-08,Summer Promo,Display,119876,4720,6020.85,342,54587.33,8.066
2023-06-14,Spring Launch,Influencer,43984,3261,10045.06,276,44028.93,3.383
2023-05-24,Summer Promo,Influencer,11688,599,1397.46,29,3689.9,1.64
2023-03-13,Holiday Extravaganza,Email,101954,7050,10962.12,211,16525.03,0.507
2023-03-16,Summer Promo,Display,134566,2525,6215.78,129,6767.23,0.089
2023-09-03,Spring Launch,Search Ads,136331,9187,4523.25,981,96835.85,20.408
2023-09-13,Holiday Extravaganza,Email,88829,4237,9599.16,210,23299.33,1.427
2023-03-10,Black Friday,Influencer,144442,10143,32220.66,1202,95622.41,1.968
2023-05-13,Holiday Extravaganza,Display,89165,6545,24044.58,577,42653.34,0.774
2023-08-24,Summer Promo,Search Ads,148449,8356,18052.39,711,121600.8,5.736
2023-04-18,Back to School,Email,132738,3776,4486.73,434,19679.09,3.386
2023-05-04,Black Friday,Email,138436,5005,5245.52,532,64063.26,11.213
2023-05-24,Summer Promo,Social Media,73209,2943,10801.94,105,13603.57,0.259
2023-01-17,Summer Promo,Influencer,2359,72,122.82,8,376.71,2.067
2023-04-24,Holiday Extravaganza,Email,21891,502,1414.86,41,1881.76,0.33
2023-06-02,Spring Launch,Email,17099,571,1133.65,67,8601.64,6.588
2023-03-22,Spring Launch,Influencer,68243,4575,14140.0,424,27225.43,0.925
2023-09-01,Black Friday,Influencer,40258,2897,3950.99,118,7033.28,0.78
2023-06-18,Black Friday,Email,119128,5363,10029.25,583,85436.77,7.519
2023-03-21,Spring Launch,Social Media,139741,6295,11924.46,313,45186.82,2.789
2023-04-28,Spring Launch,Email,127713,6212,19939.94,464,47912.65,1.403
2023-12-09,Back to School,Display,117964,8333,26405.5,367,29009.93,0.099
2023-07-03,Spring Launch,Email,71687,916,611.7,90,7672.21,11.542
2023-10-26,Holiday Extravaganza,Display,70518,4648,17374.99,411,44196.56,1.544
2023-06-24,Summer Promo,Search Ads,22345,717,1819.56,57,7404.94,3.07
2023-12-16,Spring Launch,Social Media,116965,2938,1929.79,80,11093.74,4.749
2023-02-27,Holiday Extravaganza,Social Media,33112,1427,1417.94,156,22643.91,14.97
2023-10-26,Summer Promo,Email,21485,380,1021.49,34,3599.87,2.524
2023-02-19,Holiday Extravaganza,Email,149524,8481,23201.39,785,75006.22,2.233
2023-07-26,Back to School,Email,72359,4660,11257.12,554,52285.64,3.645
2023-09-06,Spring Launch,Search Ads,48573,2418,8075.59,196,11429.28,0.415
2023-09-28,Summer Promo,Email,29009,737,2558.21,22,2974.91,0.163
2023-07-10,Summer Promo,Social Media,76892,1824,6095.72,66,10248.26,0.681
2023-09-11,Black Friday,Social Media,50065,2897,7346.91,194,16569.44,1.255
2023-11-16,Back to School,Display,20552,1327,1213.66,158,23125.97,18.055
2023-10-27,Holiday Extravaganza,Influencer,1087,33,65.23,2,160.21,1.456
2023-09-08,Holiday Extravaganza,Social Media,42974,2475,976.72,289,36505.39,36.375
2023-06-05,Holiday Extravaganza,Influencer,6837,445,563.7,13,1033.64,0.834
2023-03-02,Black Friday,Email,131945,2860,10067.53,333,13467.15,0.338
2023-12-09,Back to School,Search Ads,136697,5880,10399.4,203,35026.2,2.368
2023-09-03,Black Friday,Social Media,114869,2989,7402.9,221,24927.79,2.367
2023-10-25,Back to School,Email,115514,1596,5062.37,134,14868.39,1.937
2023-05-08,Spring Launch,Display,134570,7026,3569.58,397,27526.16,6.711
2023-11-11,Summer Promo,Social Media,92297,5686,13605.3,634,58320.99,3.287
2023-01-20,Spring Launch,Social Media,138023,7361,23133.97,178,12249.18,-0.471
2023-04-12,Spring Launch,Display,5336,280,833.99,12,1856.58,1.226
2023-07-13,Holiday Extravaganza,Display,5217,319,180.2,19,1952.26,9.834
2023-11-27,Holiday Extravaganza,Influencer,125028,4812,15237.51,434,72909.63,3.785
2023-03-05,Back to School,Social Media,143556,4084,11812.81,482,85956.69,6.277
2023-10-26,Back to School,Social Media,17140,808,2365.22,90,6412.66,1.711
2023-07-01,Spring Launch,Search Ads,91642,3326,5141.69,66,2365.03,-0.54
2023-07-06,Black Friday,Search Ads,64158,2155,4372.8,106,16151.05,2.694
2023-04-26,Holiday Extravaganza,Email,136671,9457,34530.95,525,52186.33,0.511
2023-11-16,Holiday Extravaganza,Search Ads,114396,4833,2989.59,532,49779.85,15.651
2023-04-01,Spring Launch,Email,5072,190,580.72,13,482.9,-0.168
2023-02-24,Holiday Extravaganza,Display,78761,5205,7298.76,353,54836.01,6.513
2023-08-19,Black Friday,Search Ads,6812,292,148.87,18,973.78,5.541
2023-07-07,Summer Promo,Display,65582,3545,10153.99,216,29649.3,1.92
2023-12-25,Summer Promo,Display,41141,1473,2038.6,130,19744.74,8.685
2023-12-14,Black Friday,Email,45612,1995,5872.15,103,11827.1,1.014
2023-10-17,Spring Launch,Search Ads,36339,872,1023.94,84,10146.39,8.909
2023-10-03,Holiday Extravaganza,Display,48255,3503,4196.78,406,33621.18,7.011
2023-11-26,Back to School,Search Ads,23709,1490,1784.75,52,5262.69,1.949
2023-09-16,Spring Launch,Display,77938,5574,14946.68,541,29969.51,1.005
2023-11-13,Holiday Extravaganza,Search Ads,114986,8492,10466.91,975,42093.51,3.022
2023-04-28,Black Friday,Display,124965,8781,18376.89,833,120100.68,5.535
2023-09-16,Summer Promo,Search Ads,75109,1709,1021.64,89,4783.35,3.682
2023-05-30,Holiday Extravaganza,Email,58436,4219,10415.85,190,29160.27,1.8
2023-11-21,Black Friday,Display,147674,7429,27318.43,305,46817.34,0.714
2023-04-14,Spring Launch,Email,49067,1243,1135.4,134,5708.35,4.028
2023-12-22,Summer Promo,Social Media,127352,6936,19351.0,738,76425.97,2.949
2023-11-07,Back to School,Influencer,70795,2278,7150.59,169,14011.6,0.96
2023-07-27,Summer Promo,Display,62280,4662,7203.61,130,4886.77,-0.322
2023-04-09,Back to School,Social Media,14812,604,1592.66,71,9261.29,4.815
2023-04-08,Summer Promo,Email,139724,5213,13248.23,346,32923.48,1.485
2023-03-27,Spring Launch,Display,15281,378,1067.23,38,6200.03,4.809
2023-08-15,Back to School,Influencer,100086,1636,4793.8,145,6590.95,0.375
2023-02-17,Holiday Extravaganza,Influencer,38101,2839,9718.88,98,16304.53,0.678
2023-10-12,Holiday Extravaganza,Influencer,27988,1201,3915.19,80,4130.52,0.055
2023-06-19,Back to School,Influencer,76671,4267,10540.64,425,45648.86,3.331
2023-09-30,Black Friday,Influencer,144354,6422,12111.19,261,11631.58,-0.04
2023-04-14,Holiday Extravaganza,Display,56829,982,3117.75,114,7097.83,1.277
2023-04-08,Spring Launch,Display,47115,3509,6677.97,337,20538.86,2.076
2023-03-24,Black Friday,Influencer,125440,5040,18470.93,525,53525.36,1.898
2023-11-17,Back to School,Email,39850,1328,4763.99,68,3120.64,-0.345
2023-12-19,Black Friday,Influencer,83305,4836,16261.77,153,16034.26,-0.014
2023-09-07,Holiday Extravaganza,Search Ads,82086,3628,5150.01,415,72047.1,12.99
2023-02-08,Black Friday,Display,34013,549,1609.19,59,9574.98,4.95
2023-09-19,Black Friday,Email,18835,550,815.68,37,5661.38,5.941
2023-05-19,Spring Launch,Influencer,141782,2252,2127.87,137,21381.64,9.048
2023-02-08,Back to School,Search Ads,122197,1590,4862.45,153,20658.87,3.249
2023-05-17,Summer Promo,Search Ads,48335,2516,1589.74,101,5217.37,2.282
2023-07-09,Black Friday,Email,15503,542,1127.26,51,5662.79,4.023
2023-09-01,Black Friday,Email,43553,1449,1852.25,52,9136.72,3.933
2023-03-19,Back to School,Email,145348,8617,21460.53,638,107137.07,3.992
2023-01-22,Spring Launch,Influencer,71405,4431,11357.05,140,6749.59,-0.406
2023-02-04,Back to School,Display,40563,1798,3146.3,195,34099.4,9.838
2023-09-25,Spring Launch,Influencer,30925,488,285.62,45,7638.14,25.742
2023-10-12,Spring Launch,Email,28727,774,2163.85,63,8572.71,2.962
2023-10-21,Holiday Extravaganza,Influencer,15830,291,927.63,25,1470.95,0.586
2023-06-20,Back to School,Email,131271,3470,10672.98,81,6533.9,-0.388
2023-06-23,Back to School,Display,88076,4832,14833.13,448,23581.8,0.59
2023-09-26,Summer Promo,Email,26908,406,935.01,31,1105.94,0.183
2023-06-18,Summer Promo,Email,138201,8444,6064.55,551,45759.46,6.545
2023-12-19,Spring Launch,Email,17899,1287,4672.07,110,19521.25,3.178
2023-11-21,Spring Launch,Email,49804,2005,1988.81,229,8338.35,3.193
2023-02-16,Back to School,Influencer,49249,3300,1241.65,395,53985.75,42.479
2023-07-02,Spring Launch,Email,111823,4408,14466.46,234,15190.57,0.05
2023-10-06,Summer Promo,Display,82744,5609,6906.82,498,64921.61,8.4
2023-03-13,Black Friday,Display,125967,3925,8120.82,232,27767.2,2.419
2023-06-14,Spring Launch,Social Media,136530,9577,15169.42,963,76963.92,4.074
2023-07-03,Holiday Extravaganza,Email,60387,1756,5801.83,208,16355.28,1.819
2023-07-21,Black Friday,Search Ads,18061,747,1335.18,32,5025.8,2.764
2023-06-11,Summer Promo,Social Media,57751,3543,10309.29,256,31715.3,2.076
2023-03-10,Holiday Extravaganza,Influencer,86154,2927,2638.86,347,25382.77,8.619
2023-02-11,Holiday Extravaganza,Search Ads,120632,5336,18426.59,144,21850.32,0.186
2023-10-18,Holiday Extravaganza,Social Media,128682,6993,9766.21,180,13783.12,0.411
2023-05-04,Spring Launch,Email,20346,457,543.77,37,2123.14,2.904
2023-03-03,Back to School,Influencer,32611,1166,754.66,138,24641.84,31.653
2023-09-09,Spring Launch,Search Ads,101910,2062,3938.86,143,17975.69,3.564
2023-04-19,Holiday Extravaganza,Influencer,133223,2022,1898.17,156,18383.22,8.685
2023-10-05,Holiday Extravaganza,Search Ads,58781,4161,14093.98,114,4168.92,-0.704
2023-07-11,Summer Promo,Display,54109,3303,12163.9,335,46686.44,2.838
2023-02-02,Summer Promo,Social Media,70426,1080,4078.38,56,5463.2,0.34
2023-09-03,Holiday Extravaganza,Email,24930,1265,3771.47,118,14414.49,2.822
2023-11-29,Spring Launch,Search Ads,25744,1635,708.25,195,26123.45,35.885
2023-04-15,Spring Launch,Influencer,13487,397,480.66,8,421.03,-0.124
2023-09-27,Black Friday,Search Ads,6850,455,1728.22,16,1655.91,-0.042
2023-11-27,Holiday Extravaganza,Social Media,21352,1297,2128.52,132,20149.62,8.466
2023-10-02,Black Friday,Social Media,60449,3099,1372.13,262,26941.67,18.635
2023-11-09,Spring Launch,Email,45263,1921,3639.7,62,6315.96,0.735
2023-08-26,Holiday Extravaganza,Email,2799,152,515.59,13,1156.95,1.244
2023-04-13,Holiday Extravaganza,Influencer,110856,5411,16163.59,308,36883.89,1.282
2023-06-16,Spring Launch,Influencer,63246,1402,2643.29,44,7607.27,1.878
2023-09-20,Back to School,Search Ads,71233,1306,3576.58,105,18035.96,4.043
2023-08-17,Spring Launch,Email,109246,1360,5058.13,151,7863.35,0.555
2023-03-02,Black Friday,Display,86024,2621,8267.59,135,17680.69,1.139
2023-11-26,Back to School,Social Media,51663,3635,2014.57,136,19275.48,8.568
2023-07-03,Summer Promo,Social Media,78701,2287,6026.36,128,17151.79,1.846
2023-06-03,Back to School,Search Ads,10897,337,423.12,27,2609.81,5.168
2023-05-20,Spring Launch,Display,39800,562,1004.92,37,2840.17,1.826
2023-08-11,Black Friday,Influencer,33506,2422,7952.55,151,22961.58,1.887
2023-04-27,Back to School,Search Ads,16256,898,1816.34,66,4362.76,1.402
2023-12-07,Black Friday,Email,76725,5375,2851.79,396,30119.0,9.561
2023-11-23,Spring Launch,Social Media,64426,3180,11798.78,223,18079.84,0.532
2023-04-17,Black Friday,Email,26989,334,956.28,25,3710.15,2.88
2023-06-15,Summer Promo,Display,126812,6388,5520.07,162,15101.34,1.736
2023-04-15,Summer Promo,Display,58207,3989,3952.59,175,17019.17,3.306
2023-09-14,Summer Promo,Email,86215,1529,5141.44,45,5189.75,0.009
2023-04-10,Summer Promo,Influencer,19327,1344,490.66,95,12792.98,25.073
2023-03-03,Spring Launch,Email,66911,4233,14438.48,370,26127.69,0.81
2023-08-28,Holiday Extravaganza,Influencer,54959,2463,3071.49,224,25824.43,7.408
2023-12-02,Summer Promo,Email,94140,4358,5040.95,294,42466.23,7.424
2023-08-27,Black Friday,Search Ads,64107,1611,4461.67,149,15157.41,2.397
2023-12-23,Back to School,Email,118706,3618,3105.38,293,40908.26,12.173
2023-11-28,Black Friday,Search Ads,117642,4197,12114.18,425,75140.33,5.203
2023-08-01,Holiday Extravaganza,Display,93177,1175,3712.22,121,7386.73,0.99
2023-03-15,Back to School,Email,57512,2826,9234.03,270,29035.88,2.144
2023-07-03,Back to School,Social Media,65672,1936,5294.14,122,6996.64,0.322
2023-01-22,Spring Launch,Email,122010,7332,17052.88,853,88904.99,4.213
2023-05-15,Back to School,Email,48027,2373,3695.0,125,5411.24,0.464
2023-10-30,Holiday Extravaganza,Influencer,47033,2747,6420.93,229,10876.72,0.694
2023-01-18,Spring Launch,Search Ads,29552,1156,2523.62,118,7730.4,2.063
2023-04-30,Holiday Extravaganza,Influencer,9832,201,686.02,17,2679.76,2.906
2023-02-08,Spring Launch,Influencer,106839,6358,5711.46,132,13809.44,1.418
2023-03-03,Black Friday,Display,107021,3714,3897.62,142,8880.27,1.278
2023-12-12,Summer Promo,Social Media,44496,3307,5484.29,268,27740.86,4.058
2023-10-10,Holiday Extravaganza,Email,134981,7779,8313.75,808,122036.25,13.679
2023-04-12,Summer Promo,Email,94253,4401,3387.92,142,8194.93,1.419
2023-05-09,Black Friday,Display,102121,1850,2876.98,194,24853.89,7.639
2023-04-20,Black Friday,Social Media,122652,6799,14684.02,416,45316.88,2.086
2023-10-23,Summer Promo,Social Media,57695,883,2458.31,42,2709.48,0.102
2023-11-28,Black Friday,Influencer,101193,7140,24973.27,243,15976.94,-0.36
2023-06-19,Summer Promo,Email,142650,2037,2852.36,123,10920.6,2.829
2023-01-24,Black Friday,Email,67871,2394,4173.74,143,10722.53,1.569
2023-10-18,Holiday Extravaganza,Display,50822,2809,9740.41,75,5069.65,-0.48
2023-03-26,Back to School,Email,136788,9077,18165.35,303,14180.64,-0.219
2023-11-22,Spring Launch,Social Media,52038,3789,5852.34,333,40665.15,5.949
2023-02-01,Back to School,Email,99494,2657,6093.41,214,28657.33,3.703
2023-01-30,Holiday Extravaganza,Social Media,56304,3545,7683.85,417,42224.78,4.495
2023-05-22,Black Friday,Search Ads,78774,4511,8676.57,538,59060.19,5.807
2023-11-13,Summer Promo,Email,26341,1034,1148.05,82,10546.24,8.186
2023-02-01,Black Friday,Search Ads,147681,6395,13921.06,348,62553.29,3.493
2023-07-31,Spring Launch,Search Ads,70773,2033,4466.76,94,4568.11,0.023
2023-05-05,Holiday Extravaganza,Influencer,16109,1125,1867.04,33,1545.19,-0.172
2023-10-18,Spring Launch,Display,118676,8819,6199.28,792,116858.77,17.85
2023-08-14,Summer Promo,Display,138998,10225,32107.05,344,33248.19,0.036
2023-09-16,Holiday Extravaganza,Display,18601,483,495.74,50,3344.75,5.747
2023-10-15,Black Friday,Search Ads,34714,2462,1510.89,255,38554.05,24.517
2023-01-10,Summer Promo,Search Ads,131145,2140,7825.91,238,33852.45,3.326
2023-10-11,Summer Promo,Influencer,73600,5361,3470.64,524,68126.81,18.629
2023-06-13,Back to School,Display,26214,546,1166.35,11,1924.9,0.65
2023-07-01,Holiday Extravaganza,Influencer,14813,445,1455.82,38,3281.62,1.254
2023-10-15,Holiday Extravaganza,Influencer,136464,10072,4997.0,596,102418.66,19.496
2023-07-07,Holiday Extravaganza,Search Ads,80246,1346,4601.5,119,7895.41,0.716
2023-05-04,Summer Promo,Search Ads,124143,7774,8801.94,842,35338.45,3.015
2023-07-15,Back to School,Social Media,43607,2730,7147.89,225,36106.37,4.051
2023-12-15,Black Friday,Social Media,70891,4164,8160.12,208,29255.59,2.585
2023-01-08,Holiday Extravaganza,Search Ads,73725,1554,2781.84,161,6994.96,1.515
2023-11-24,Black Friday,Social Media,39199,2286,6938.12,228,9089.5,0.31
2023-10-26,Spring Launch,Influencer,38753,869,1315.68,88,11172.02,7.491
2023-05-10,Back to School,Search Ads,92863,2911,8007.45,223,7909.21,-0.012
2023-03-14,Summer Promo,Email,98251,3011,7962.22,174,7851.21,-0.014
2023-07-28,Summer Promo,Influencer,41690,1543,5774.88,97,7982.54,0.382
2023-08-03,Spring Launch,Search Ads,46607,1641,5905.96,187,23112.5,2.913
2023-03-27,Holiday Extravaganza,Influencer,75560,924,2769.07,44,2183.05,-0.212
2023-10-11,Spring Launch,Influencer,75394,1718,4357.29,100,8268.51,0.898
2023-04-04,Black Friday,Social Media,108108,5890,20643.05,536,52703.0,1.553
2023-03-23,Black Friday,Email,124233,2717,3729.78,191,12075.59,2.238
2023-01-26,Black Friday,Email,73372,4807,8340.92,304,42607.44,4.108
2023-06-20,Holiday Extravaganza,Display,141621,2848,8945.26,160,5927.43,-0.337
2023-05-02,Black Friday,Display,87920,6161,8088.86,297,15216.11,0.881
2023-07-04,Holiday Extravaganza,Email,118114,3257,11406.41,249,9062.51,-0.205
2023-03-09,Black Friday,Social Media,48973,2516,4981.94,175,6500.32,0.305
2023-08-24,Summer Promo,Social Media,137992,2305,6573.95,249,29241.07,3.448
2023-01-04,Summer Promo,Social Media,89003,2728,4189.79,134,8073.04,0.927
2023-03-14,Back to School,Email,33986,1936,6991.93,183,13958.41,0.996
2023-01-18,Back to School,Email,33286,1814,3217.96,172,29394.4,8.134
2023-01-17,Holiday Extravaganza,Search Ads,103191,2938,6226.35,336,29451.26,3.73
2023-11-28,Back to School,Display,123033,5816,7093.16,188,31481.42,3.438
2023-04-21,Summer Promo,Email,6934,394,735.42,26,4623.48,5.287
2023-06-14,Summer Promo,Influencer,22542,1163,2194.63,77,9172.71,3.18
2023-05-03,Spring Launch,Social Media,22996,706,2153.81,18,2045.85,-0.05
2023-06-26,Holiday Extravaganza,Social Media,111891,5321,1902.78,364,36043.4,17.942
2023-07-29,Summer Promo,Email,29457,593,476.54,27,4471.48,8.383
2023-12-24,Back to School,Display,96654,6551,19763.77,234,11938.05,-0.396
2023-05-14,Summer Promo,Influencer,27053,569,644.2,22,2828.22,3.39
2023-02-06,Black Friday,Email,47619,2290,4661.36,265,37608.84,7.068
2023-12-04,Summer Promo,Email,147122,6441,15874.17,180,14174.63,-0.107
2023-02-10,Black Friday,Influencer,118214,7579,21554.52,522,30946.72,0.436
2023-02-16,Black Friday,Influencer,119121,8191,9035.91,652,45674.25,4.055
2023-06-01,Back to School,Influencer,107875,6929,3121.86,340,22757.62,6.29
2023-05-25,Back to School,Search Ads,70917,1432,4709.53,76,9392.89,0.994
2023-03-04,Summer Promo,Influencer,94868,4108,14471.06,206,19946.63,0.378
2023-07-21,Back to School,Email,140470,4184,7606.28,340,40491.21,4.323
2023-02-09,Black Friday,Display,3103,210,328.35,16,589.26,0.795
2023-07-07,Black Friday,Influencer,1222,44,65.7,2,202.02,2.075
2023-10-25,Spring Launch,Social Media,49422,1021,1180.72,71,10552.63,7.937
2023-10-27,Back to School,Social Media,6464,283,972.47,26,949.02,-0.024
2023-07-07,Spring Launch,Email,51793,3197,4771.85,317,43220.4,8.057
2023-02-12,Black Friday,Search Ads,28676,929,3170.49,21,3013.06,-0.05
2023-08-17,Holiday Extravaganza,Email,137781,5434,8476.05,482,21086.18,1.488
2023-02-09,Spring Launch,Social Media,20021,1236,3986.62,27,2968.62,-0.255
2023-09-24,Holiday Extravaganza,Email,80074,2217,1053.16,182,32006.63,29.391
2023-05-16,Back to School,Social Media,125446,4637,5199.34,514,79173.62,14.228
2023-11-09,Black Friday,Influencer,127944,1621,2492.99,138,8374.71,2.359
2023-02-03,Summer Promo,Search Ads,18716,584,352.04,33,1902.58,4.404
2023-06-01,Summer Promo,Email,33648,2330,8605.15,65,3773.23,-0.562
2023-04-09,Holiday Extravaganza,Influencer,22178,828,446.72,44,5896.78,12.2
2023-01-22,Holiday Extravaganza,Display,131605,3431,3463.5,251,13350.39,2.855
2023-08-28,Back to School,Display,73043,1977,6327.12,44,7510.63,0.187
2023-02-27,Holiday Extravaganza,Social Media,79835,2937,4486.3,345,14106.27,2.144
2023-02-11,Spring Launch,Email,128127,2587,8710.49,195,24236.22,1.782
2023-02-15,Holiday Extravaganza,Email,24721,334,134.13,19,1854.74,12.828
2023-11-18,Holiday Extravaganza,Email,108876,6568,6071.95,565,101590.0,15.731
2023-03-11,Summer Promo,Social Media,32759,2220,7592.93,210,33836.27,3.456
2023-10-04,Summer Promo,Influencer,6148,177,581.11,8,861.65,0.483
2023-01-25,Back to School,Influencer,59103,3051,5708.57,309,49638.67,7.695
2023-01-04,Spring Launch,Display,91473,2380,7269.81,51,1802.84,-0.752
2023-01-22,Holiday Extravaganza,Search Ads,101667,3685,12137.65,311,46465.5,2.828
2023-09-27,Black Friday,Social Media,121252,2144,6141.55,66,4203.17,-0.316
2023-03-21,Summer Promo,Social Media,10608,328,460.7,32,5343.48,10.599
2023-04-01,Holiday Extravaganza,Influencer,52942,1441,4673.45,112,7836.14,0.677
2023-06-02,Black Friday,Search Ads,135961,3813,8897.96,455,29441.97,2.309
2023-01-03,Summer Promo,Search Ads,45874,1068,3262.88,39,3854.35,0.181
2023-05-02,Summer Promo,Influencer,12428,281,919.05,23,2429.76,1.644
2023-07-30,Holiday Extravaganza,Social Media,59263,2146,3132.98,149,20550.0,5.559
2023-03-16,Holiday Extravaganza,Social Media,14704,753,2816.63,49,6959.38,1.471
2023-10-08,Spring Launch,Influencer,49115,1513,3698.5,164,14402.07,2.894
2023-10-15,Spring Launch,Influencer,115297,1681,4315.41,61,7440.89,0.724
2023-02-16,Back to School,Email,118088,5436,13058.41,640,33342.57,1.553
2023-03-01,Summer Promo,Email,92258,5871,14599.15,290,15895.73,0.089
2023-04-19,Summer Promo,Display,149672,2661,5128.07,146,12891.69,1.514
2023-06-01,Black Friday,Search Ads,141117,2474,2794.14,253,35123.64,11.57
2023-08-11,Summer Promo,Email,100128,3293,11505.38,238,19504.77,0.695
2023-03-13,Back to School,Email,28360,661,1380.5,64,3530.47,1.557
2023-02-22,Holiday Extravaganza,Social Media,80591,1641,3051.5,183,31978.55,9.48
2023-05-06,Spring Launch,Email,104100,6226,22749.39,410,53379.25,1.346
2023-11-19,Back to School,Influencer,41887,2568,2883.78,102,3608.56,0.251
2023-08-21,Spring Launch,Search Ads,108160,1517,1601.74,57,3333.87,1.081
2023-06-14,Black Friday,Influencer,13576,394,1057.32,34,3046.61,1.881
2023-03-13,Spring Launch,Influencer,107137,2587,2392.07,261,43881.64,17.345
2023-02-11,Summer Promo,Influencer,2972,207,748.33,10,622.31,-0.168
2023-10-06,Spring Launch,Display,29797,1635,3776.94,85,5340.77,0.414
2023-09-15,Summer Promo,Email,98253,1722,5972.48,168,26414.26,3.423
2023-03-12,Holiday Extravaganza,Email,92153,4918,8869.0,149,22658.72,1.555
2023-05-17,Holiday Extravaganza,Influencer,47339,1268,2410.36,140,18323.98,6.602
2023-06-03,Black Friday,Display,1669,42,67.42,1,62.92,-0.067
2023-10-13,Black Friday,Display,80555,2579,2257.2,247,22220.98,8.844
2023-10-20,Black Friday,Search Ads,63975,1002,862.11,76,9280.82,9.765
2023-09-15,Summer Promo,Search Ads,19802,1368,1950.72,28,4324.91,1.217
2023-10-14,Back to School,Search Ads,97999,6426,6017.38,174,11273.29,0.873
2023-02-15,Spring Launch,Display,102323,5903,12779.82,205,18008.07,0.409
2023-02-10,Summer Promo,Influencer,114486,6602,13009.86,587,31292.48,1.405
2023-11-19,Back to School,Influencer,63605,3095,7640.74,73,12589.57,0.648
2023-08-26,Back to School,Display,113496,1985,3583.11,212,29278.09,7.171
2023-12-05,Black Friday,Social Media,105540,1577,5426.2,181,22699.33,3.183
2023-08-22,Holiday Extravaganza,Display,82292,3483,11875.09,86,12392.21,0.044
2023-09-06,Holiday Extravaganza,Email,133281,2755,10032.74,57,4571.15,-0.544
2023-07-04,Back to School,Display,87965,1298,3141.41,97,14168.13,3.51
2023-09-06,Black Friday,Search Ads,30453,640,2242.19,68,7241.44,2.23
2023-03-09,Holiday Extravaganza,Social Media,28789,1057,607.11,62,5607.54,8.236
2023-05-06,Black Friday,Email,109613,1874,7088.4,191,30041.17,3.238
2023-06-11,Back to School,Email,104696,7432,25326.96,207,29147.81,0.151
2023-06-05,Back to School,Display,149042,3688,6337.67,212,8167.95,0.289
2023-12-27,Holiday Extravaganza,Search Ads,32976,620,820.8,27,2005.17,1.443
2023-05-19,Back to School,Search Ads,132780,8441,18990.16,942,108035.1,4.689
2023-03-14,Summer Promo,Social Media,17922,979,1044.86,21,3718.3,2.559
2023-06-20,Spring Launch,Display,66694,1313,2186.48,90,14008.45,5.407
2023-02-25,Summer Promo,Influencer,148830,8973,14050.15,835,130185.0,8.266
2023-07-29,Black Friday,Social Media,82276,3800,7262.49,252,36718.11,4.056
2023-05-12,Back to School,Social Media,38234,1621,5825.6,147,13821.86,1.373
2023-06-10,Back to School,Email,56137,2640,3090.28,304,35847.6,10.6
2023-11-02,Back to School,Display,121405,4084,11305.05,192,30638.61,1.71
2023-11-06,Spring Launch,Display,138016,6040,11452.76,673,44641.95,2.898
2023-10-21,Black Friday,Influencer,60843,4309,5138.26,388,59210.46,10.523
2023-07-02,Summer Promo,Social Media,31435,1980,2750.85,162,14616.77,4.314
2023-09-07,Back to School,Influencer,78518,4105,2357.83,449,76099.28,31.275
2023-12-12,Spring Launch,Influencer,56629,3300,2098.5,364,28879.22,12.762
2023-06-17,Black Friday,Influencer,36918,1736,1766.67,151,21489.78,11.164
2023-06-18,Spring Launch,Influencer,115106,1918,1832.38,100,11207.59,5.116
2023-06-03,Black Friday,Influencer,18033,296,873.34,29,1678.64,0.922
2023-10-10,Holiday Extravaganza,Influencer,23568,739,2776.92,78,7457.74,1.686
2023-05-02,Black Friday,Influencer,107500,2512,4852.41,260,17763.46,2.661
2023-04-14,Holiday Extravaganza,Email,87735,5664,5924.34,534,23956.35,3.044
2023-03-18,Black Friday,Search Ads,76544,2249,4383.22,226,37499.63,7.555
2023-02-13,Black Friday,Email,6153,423,1392.01,41,5997.34,3.308
2023-11-07,Black Friday,Social Media,87876,2610,8508.48,157,19699.49,1.315
2023-11-13,Spring Launch,Search Ads,113283,6655,3774.37,764,56519.68,13.975
2023-01-26,Spring Launch,Search Ads,28564,991,1618.17,99,15277.33,8.441
2023-03-25,Holiday Extravaganza,Email,92382,3090,8807.77,247,24549.13,1.787
2023-01-01,Black Friday,Social Media,89196,2559,6721.7,174,9644.06,0.435
2023-11-15,Back to School,Social Media,8956,362,442.75,38,4035.48,8.115
2023-08-09,Spring Launch,Influencer,72784,1062,4010.92,101,11396.31,1.841
2023-05-02,Holiday Extravaganza,Influencer,72105,2618,2326.17,279,41296.52,16.753
2023-11-17,Holiday Extravaganza,Search Ads,27667,1247,2871.84,149,14939.73,4.202
2023-04-27,Back to School,Influencer,91717,4699,15836.59,185,19653.73,0.241
2023-06-10,Back to School,Influencer,105131,6025,9668.74,612,50330.12,4.205
2023-03-28,Back to School,Display,59582,3142,2887.28,273,38529.28,12.344
2023-06-30,Summer Promo,Influencer,144597,4177,2331.26,328,57654.64,23.731
2023-12-17,Black Friday,Social Media,125958,8368,26659.41,194,24691.55,-0.074
2023-10-16,Summer Promo,Influencer,110822,1491,5068.34,157,8949.74,0.766
2023-04-15,Black Friday,Email,8766,373,688.31,27,2554.25,2.711
2023-12-23,Black Friday,Influencer,76009,5379,8685.23,377,54759.96,5.305
2023-06-23,Spring Launch,Email,68168,3137,9695.26,68,8892.24,-0.083
2023-01-21,Summer Promo,Influencer,115638,5685,8072.6,606,33623.98,3.165
2023-04-27,Summer Promo,Email,145269,7884,23160.92,366,30566.42,0.32
2023-04-01,Spring Launch,Social Media,138824,8040,10556.19,414,37662.59,2.568
2023-01-28,Summer Promo,Search Ads,90100,1742,2357.41,131,11413.7,3.842
2023-03-17,Spring Launch,Email,77380,5624,17859.26,521,79427.71,3.447
2023-07-17,Spring Launch,Social Media,121854,8752,5117.65,208,14344.95,1.803
2023-11-12,Back to School,Display,8706,130,48.47,10,986.9,19.361
2023-12-04,Back to School,Search Ads,24056,918,2029.71,91,15045.17,6.412
2023-09-14,Holiday Extravaganza,Email,40062,2713,10230.81,88,7918.47,-0.226
2023-09-28,Black Friday,Email,120028,3338,6126.87,360,18898.62,2.085
2023-03-03,Black Friday,Social Media,89274,3238,9163.61,123,4563.52,-0.502
2023-09-05,Holiday Extravaganza,Social Media,103478,6314,9671.3,535,87872.28,8.086
2023-11-18,Spring Launch,Email,82222,5011,16321.6,582,86782.92,4.317
2023-09-16,Spring Launch,Search Ads,80757,4631,14638.61,297,26003.75,0.776
2023-01-25,Holiday Extravaganza,Social Media,62246,1478,2174.05,155,16964.8,6.803
2023-05-18,Holiday Extravaganza,Influencer,3662,261,438.83,24,3340.41,6.612
2023-01-07,Back to School,Display,49880,3674,6147.95,131,7759.4,0.262
2023-07-23,Spring Launch,Display,146943,4028,9794.85,270,25659.13,1.62
2023-08-27,Summer Promo,Social Media,60591,947,1268.2,59,5623.58,3.434
2023-04-02,Back to School,Email,120263,3533,9061.72,217,24649.86,1.72
2023-02-14,Back to School,Influencer,51671,2094,7114.37,248,40080.38,4.634
2023-01-24,Holiday Extravaganza,Email,120009,6342,23163.01,573,102764.86,3.437
2023-05-24,Back to School,Social Media,26646,1131,2861.83,135,5578.62,0.949
2023-01-26,Summer Promo,Email,88321,2680,3199.26,75,13399.27,3.188
2023-07-13,Back to School,Search Ads,68489,2365,4658.32,67,7508.13,0.612
2023-01-18,Black Friday,Influencer,146855,6852,15657.57,519,41602.19,1.657
2023-02-12,Back to School,Influencer,87152,2432,3228.36,188,21401.72,5.629
2023-04-04,Back to School,Search Ads,116929,3022,11058.51,85,12076.26,0.092
2023-10-24,Summer Promo,Display,59189,3579,12796.3,326,47702.46,2.728
2023-02-14,Holiday Extravaganza,Social Media,33714,2428,8390.27,53,3433.49,-0.591
2023-12-07,Back to School,Email,110960,2609,1590.85,203,16811.14,9.567
2023-06-18,Holiday Extravaganza,Email,133902,7261,15470.59,499,81520.03,4.269
2023-11-28,Holiday Extravaganza,Social Media,146454,7733,3911.55,429,19613.27,4.014
2023-06-23,Summer Promo,Influencer,57270,2436,3375.57,225,12162.6,2.603
2023-07-20,Back to School,Influencer,97327,5657,2228.51,468,36931.52,15.572
2023-03-21,Summer Promo,Influencer,91108,2668,7568.22,92,16126.79,1.131
2023-06-24,Back to School,Email,4961,162,216.14,7,1025.45,3.744
2023-07-22,Spring Launch,Social Media,41887,2671,6192.87,257,43921.32,6.092
2023-04-24,Back to School,Search Ads,22345,717,588.17,80,12958.39,21.032
2023-01-07,Summer Promo,Display,99015,1518,4337.3,178,9488.47,1.188
2023-09-24,Holiday Extravaganza,Social Media,103210,6092,8284.56,516,45380.28,4.478
2023-11-11,Holiday Extravaganza,Search Ads,116635,7430,5736.53,801,101143.28,16.631
2023-11-30,Back to School,Influencer,122077,8561,28695.74,319,20681.11,-0.279
2023-01-24,Summer Promo,Email,1175,41,92.27,2,222.36,1.41
2023-07-16,Holiday Extravaganza,Social Media,44426,2395,2600.91,80,4320.49,0.661
2023-05-27,Summer Promo,Email,113679,7495,3586.84,419,37114.7,9.347
2023-02-14,Spring Launch,Social Media,42552,2773,1170.98,237,12399.32,9.589
2023-04-17,Black Friday,Social Media,128399,8805,11830.86,880,122628.78,9.365
2023-01-20,Holiday Extravaganza,Display,40020,2918,9606.33,181,6434.67,-0.33
2023-10-16,Holiday Extravaganza,Influencer,10562,160,126.74,12,612.5,3.833
2023-08-14,Black Friday,Social Media,143384,3929,12844.84,79,6885.24,-0.464
2023-07-26,Holiday Extravaganza,Social Media,89167,5057,18585.78,434,47906.68,1.578
2023-02-13,Holiday Extravaganza,Display,128706,7142,16832.71,351,36152.45,1.148
2023-02-07,Summer Promo,Display,7157,348,481.74,25,2370.99,3.922
2023-06-10,Summer Promo,Display,21316,1447,1704.3,33,5825.27,2.418
2023-07-06,Black Friday,Search Ads,52576,3484,7638.21,174,24153.13,2.162
2023-02-05,Back to School,Display,60384,970,3463.1,56,3735.17,0.079
2023-09-05,Holiday Extravaganza,Display,104091,7705,15699.8,336,23277.35,0.483
2023-02-13,Holiday Extravaganza,Social Media,19847,1259,548.91,91,6107.12,10.126
2023-08-12,Holiday Extravaganza,Social Media,132243,6728,3773.13,594,52388.53,12.885
2023-02-27,Back to School,Search Ads,122110,8965,5930.04,452,15831.88,1.67
2023-04-02,Black Friday,Influencer,86221,3220,10387.56,225,24263.82,1.336
2023-08-03,Black Friday,Influencer,126294,7276,21966.43,843,98300.94,3.475
2023-04-30,Summer Promo,Search Ads,90339,1298,4509.75,29,4716.47,0.046
2023-12-14,Holiday Extravaganza,Influencer,46507,1235,3564.69,84,3361.86,-0.057
2023-07-03,Back to School,Display,109832,3846,12813.17,132,5494.23,-0.571
2023-02-08,Summer Promo,Search Ads,98532,2743,4435.76,210,8666.14,0.954
2023-06-25,Spring Launch,Social Media,4802,200,725.4,7,748.71,0.032
2023-05-24,Summer Promo,Email,51646,940,2696.61,53,7258.75,1.692
2023-11-24,Spring Launch,Display,135568,6048,18865.06,524,32201.7,0.707
2023-02-03,Black Friday,Social Media,34637,2550,5726.48,92,5002.36,-0.126
2023-05-11,Back to School,Search Ads,123374,7576,17209.42,654,95293.5,4.537
2023-05-08,Back to School,Influencer,28678,745,367.79,60,8879.22,23.142
2023-10-31,Back to School,Search Ads,35160,525,1476.53,31,1696.91,0.149
2023-02-23,Black Friday,Search Ads,119544,7260,19278.15,228,21019.72,0.09
2023-02-20,Summer Promo,Influencer,144846,4465,9194.39,140,19131.09,1.081
2023-06-03,Summer Promo,Search Ads,119674,4676,17227.85,151,13357.31,-0.225
2023-10-12,Summer Promo,Search Ads,113635,6022,18500.56,639,47930.89,1.591
2023-05-22,Spring Launch,Search Ads,30742,1278,2020.82,73,5783.68,1.862
2023-11-28,Summer Promo,Email,145036,5032,16865.27,512,43866.19,1.601
2023-01-10,Summer Promo,Search Ads,148969,7685,14454.11,388,24048.08,0.664
2023-09-14,Holiday Extravaganza,Search Ads,48420,2009,1794.01,57,7159.52,2.991
2023-09-21,Spring Launch,Email,119108,8520,21324.49,769,56328.69,1.642
2023-09-16,Back to School,Display,20283,909,1033.89,47,5537.26,4.356
2023-01-17,Summer Promo,Search Ads,53411,802,2707.97,22,1622.06,-0.401
2023-02-15,Spring Launch,Search Ads,3735,140,351.19,13,1406.8,3.006
2023-04-27,Spring Launch,Display,143644,7011,23735.01,781,65189.37,1.747
2023-04-05,Spring Launch,Email,39299,1370,2572.42,34,2142.51,-0.167
2023-02-21,Summer Promo,Search Ads,75836,5372,8497.23,599,104994.13,11.356
2023-04-18,Holiday Extravaganza,Influencer,40480,1727,4354.98,137,17725.98,3.07
2023-11-05,Holiday Extravaganza,Search Ads,58812,2586,3502.05,204,29482.26,7.419
2023-04-17,Summer Promo,Social Media,81769,5655,3481.21,165,27434.04,6.881
2023-04-28,Holiday Extravaganza,Search Ads,106332,7109,5045.82,823,38148.34,6.56
2023-05-26,Black Friday,Email,12586,275,155.71,13,1757.9,10.29
2023-07-10,Black Friday,Email,100426,6317,3683.54,427,70979.07,18.269
2023-08-15,Summer Promo,Influencer,62805,1235,3663.47,68,6272.03,0.712
2023-04-24,Spring Launch,Social Media,95105,6278,4093.16,662,58720.34,13.346
2023-05-23,Holiday Extravaganza,Display,9478,366,1358.02,24,1326.8,-0.023
2023-08-28,Spring Launch,Email,126420,3448,6263.9,249,25888.51,3.133
2023-11-05,Back to School,Email,11169,784,2042.58,56,5592.04,1.738
2023-02-25,Holiday Extravaganza,Search Ads,139130,3989,3947.41,90,4013.15,0.017
2023-06-01,Back to School,Influencer,94726,6857,18396.63,418,32768.05,0.781
2023-11-19,Back to School,Social Media,63718,4435,7054.49,152,24582.85,2.485
2023-03-22,Back to School,Social Media,29289,590,863.2,51,3579.5,3.147
2023-03-02,Holiday Extravaganza,Display,7854,385,902.25,36,3451.97,2.826
2023-12-19,Back to School,Influencer,116456,6990,14668.2,388,43062.76,1.936
2023-04-02,Spring Launch,Email,48660,3290,10042.24,299,35639.62,2.549
2023-04-25,Holiday Extravaganza,Email,80259,4048,1508.43,109,11936.02,6.913
2023-11-28,Spring Launch,Email,79064,1958,6199.68,169,16724.84,1.698
2023-02-12,Summer Promo,Social Media,90352,3054,7824.33,178,18580.44,1.375
2023-11-05,Spring Launch,Search Ads,148330,3594,7072.63,190,16072.6,1.273
2023-12-23,Black Friday,Influencer,26543,1068,815.63,114,8949.74,9.973
2023-11-10,Holiday Extravaganza,Social Media,108835,6982,21385.05,816,116461.99,4.446
2023-03-30,Spring Launch,Search Ads,66434,1596,774.37,40,1939.91,1.505
2023-05-14,Spring Launch,Email,8511,235,269.36,21,750.31,1.786
2023-05-06,Holiday Extravaganza,Display,27806,1455,1200.66,100,6458.4,4.379
2023-02-20,Black Friday,Social Media,114913,7082,6805.62,650,80718.18,10.861
2023-12-10,Summer Promo,Search Ads,7505,323,1133.13,22,1863.66,0.645
2023-09-01,Black Friday,Influencer,56950,1747,1813.0,176,29480.99,15.261
2023-06-03,Back to School,Influencer,91190,3074,8493.24,330,22335.49,1.63
2023-07-25,Holiday Extravaganza,Email,118463,2016,5770.11,226,13644.95,1.365
2023-09-04,Holiday Extravaganza,Social Media,77581,1180,3131.68,112,6005.66,0.918
2023-06-27,Back to School,Display,114741,7241,3243.62,328,16330.54,4.035
2023-07-07,Back to School,Search Ads,48681,732,1259.54,77,7177.63,4.699
2023-10-29,Black Friday,Influencer,129957,8471,17309.8,950,114369.71,5.607
2023-02-12,Spring Launch,Email,101313,1776,3154.91,69,8571.35,1.717
2023-06-25,Spring Launch,Influencer,4922,66,113.77,5,333.07,1.928
2023-07-02,Summer Promo,Social Media,23110,1428,4706.66,30,2415.57,-0.487
2023-03-17,Back to School,Display,135939,2717,8250.56,75,10432.46,0.264
2023-12-20,Black Friday,Email,123507,6146,10181.59,228,37374.96,2.671
2023-08-13,Back to School,Social Media,28915,357,1284.38,25,4048.07,2.152
2023-10-30,Summer Promo,Email,26372,688,811.48,17,2700.19,2.327
2023-08-07,Holiday Extravaganza,Email,10954,553,1486.17,23,1487.34,0.001
2023-10-01,Holiday Extravaganza,Search Ads,27962,1051,2483.96,71,8032.53,2.234
2023-03-22,Black Friday,Search Ads,131545,8466,25183.23,362,55042.67,1.186
2023-05-26,Back to School,Influencer,99936,3236,6381.13,138,21257.96,2.331
2023-08-21,Summer Promo,Search Ads,50784,1534,743.15,66,8951.66,11.046
2023-12-16,Summer Promo,Influencer,66077,2215,1660.65,197,10978.77,5.611
2023-03-11,Back to School,Display,54628,3565,6437.64,196,29804.16,3.63
2023-09-01,Back to School,Influencer,25073,1546,4252.6,170,30358.35,6.139
2023-05-17,Spring Launch,Email,118163,2099,2896.29,216,7890.02,1.724
2023-04-16,Black Friday,Social Media,95316,1169,2635.73,90,15536.98,4.895
2023-11-29,Summer Promo,Search Ads,136885,8763,33086.23,927,87540.57,1.646
2023-03-12,Holiday Extravaganza,Search Ads,106380,2526,8738.58,144,13977.96,0.6
2023-01-30,Back to School,Email,145265,10478,23260.87,456,63728.09,1.74
2023-05-03,Back to School,Email,120937,2569,6911.43,150,17745.04,1.567
2023-01-07,Back to School,Display,92161,4157,2815.88,266,14623.12,4.193
2023-01-28,Spring Launch,Influencer,96822,4178,6214.0,385,27565.83,3.436
2023-01-18,Spring Launch,Search Ads,2386,87,179.41,7,447.2,1.493
2023-07-28,Holiday Extravaganza,Search Ads,21966,787,2721.1,65,2319.8,-0.147
2023-04-10,Spring Launch,Search Ads,144577,4930,7114.92,437,62907.19,7.842
2023-01-30,Black Friday,Email,139902,8278,24041.36,166,25999.27,0.081
2023-08-25,Back to School,Social Media,76328,3825,4988.15,78,11831.05,1.372
2023-11-28,Summer Promo,Email,100886,7450,20096.77,179,6652.05,-0.669
2023-05-04,Back to School,Influencer,29994,2158,8196.87,73,7964.33,-0.028
2023-09-08,Back to School,Influencer,115906,2312,893.23,110,4520.32,4.061
2023-11-19,Black Friday,Influencer,74010,2515,3978.4,197,21432.01,4.387
2023-06-20,Spring Launch,Display,117650,7688,13193.31,350,43796.59,2.32
2023-11-30,Spring Launch,Display,67285,3304,1548.06,302,24256.35,14.669
2023-10-29,Holiday Extravaganza,Email,43995,1334,4126.96,127,13030.02,2.157
2023-07-01,Black Friday,Search Ads,18074,445,1677.4,13,1432.39,-0.146
2023-08-03,Summer Promo,Social Media,6822,213,649.11,10,1034.58,0.594
2023-05-07,Holiday Extravaganza,Email,68232,903,2752.17,41,5204.3,0.891
2023-06-18,Back to School,Social Media,59904,4041,3803.93,295,44467.91,10.69
2023-10-14,Back to School,Email,88606,1918,2005.09,183,13685.39,5.825
2023-03-05,Black Friday,Influencer,62648,4584,12944.36,275,27125.76,1.096
2023-10-25,Summer Promo,Display,124669,1831,4624.68,126,14068.14,2.042
2023-11-15,Spring Launch,Influencer,73336,3678,8913.96,335,30287.64,2.398
2023-02-12,Back to School,Email,136944,6453,14756.41,334,25961.77,0.759
2023-02-13,Holiday Extravaganza,Display,53597,3509,7550.15,338,31835.38,3.217
2023-06-22,Holiday Extravaganza,Email,135427,9813,15073.38,519,53199.66,2.529
2023-09-28,Spring Launch,Email,143366,2342,3126.51,87,7585.23,1.426
2023-07-26,Holiday Extravaganza,Email,144892,4573,17015.71,322,47144.27,1.771
2023-11-20,Summer Promo,Display,87053,1781,2762.63,56,7630.33,1.762
2023-01-02,Back to School,Email,69689,4819,14849.71,304,54112.42,2.644
2023-12-13,Spring Launch,Display,8079,216,703.18,18,2244.14,2.191
2023-09-06,Spring Launch,Display,18940,369,577.44,28,4039.21,5.995
2023-03-29,Black Friday,Display,24676,777,774.88,65,4217.22,4.442
2023-05-23,Black Friday,Email,37107,1406,2908.05,43,4772.6,0.641
2023-09-11,Holiday Extravaganza,Display,79806,3693,6279.73,409,17231.96,1.744
2023-11-05,Spring Launch,Display,145391,2680,6128.63,239,18800.79,2.068
2023-04-13,Spring Launch,Search Ads,133482,4846,6484.1,301,49506.37,6.635
2023-01-29,Back to School,Search Ads,26134,776,917.48,31,3832.49,3.177
2023-04-16,Spring Launch,Email,71109,4423,2367.2,517,70215.02,28.662
2023-03-22,Black Friday,Social Media,47795,2332,7436.49,206,8034.62,0.08
2023-03-26,Holiday Extravaganza,Influencer,88929,5686,14231.15,157,15723.03,0.105
2023-06-26,Black Friday,Email,12978,283,149.42,32,5294.44,34.433
2023-07-05,Spring Launch,Search Ads,48676,1514,4865.31,98,10085.91,1.073
2023-10-21,Black Friday,Search Ads,26376,1750,2512.88,53,7565.63,2.011
2023-04-16,Spring Launch,Influencer,38669,905,1527.98,92,7263.82,3.754
2023-07-21,Spring Launch,Influencer,137297,6893,25391.35,608,41651.42,0.64
2023-11-13,Holiday Extravaganza,Influencer,129052,5260,7078.51,554,61720.5,7.719
2023-12-02,Holiday Extravaganza,Email,5755,396,1056.24,31,5475.97,4.184
2023-09-29,Holiday Extravaganza,Influencer,35496,2526,2380.43,90,13160.44,4.529
2023-03-23,Holiday Extravaganza,Display,78062,3546,11455.21,416,59704.95,4.212
2023-01-10,Spring Launch,Influencer,26743,1176,4219.64,63,4981.15,0.18
2023-04-15,Spring Launch,Display,126086,2959,11182.77,199,26022.42,1.327
2023-11-14,Black Friday,Search Ads,84060,4764,11518.37,542,77405.47,5.72
2023-09-19,Black Friday,Search Ads,134454,8712,7782.72,850,39503.83,4.076
2023-07-02,Black Friday,Display,11755,391,1187.69,8,1398.54,0.178
2023-02-14,Spring Launch,Influencer,2291,101,352.11,6,778.08,1.21
2023-01-27,Back to School,Email,145607,5424,18531.98,263,42248.13,1.28
2023-03-10,Back to School,Email,42864,773,2688.61,68,11418.08,3.247
2023-10-15,Spring Launch,Influencer,78274,2829,9753.65,161,13387.74,0.373
2023-06-09,Black Friday,Influencer,126670,4919,2559.67,576,48865.52,18.091
2023-03-04,Black Friday,Search Ads,55569,3873,11556.81,464,38666.29,2.346
2023-05-13,Summer Promo,Social Media,51682,3164,1480.0,333,32046.23,20.653
2023-01-01,Holiday Extravaganza,Display,126463,4166,4592.09,201,18167.33,2.956
2023-02-27,Holiday Extravaganza,Search Ads,50951,2604,2940.15,144,19000.34,5.462
2023-01-03,Summer Promo,Search Ads,122724,8692,4888.93,765,53633.24,9.97
2023-10-01,Summer Promo,Social Media,16447,526,1294.82,45,3549.5,1.741
2023-12-26,Black Friday,Social Media,77847,1258,549.66,37,5796.78,9.546
2023-07-02,Back to School,Search Ads,38885,2467,3406.08,188,24995.45,6.338
2023-07-17,Spring Launch,Email,131425,5485,14908.32,437,15843.39,0.063
2023-09-27,Spring Launch,Display,90750,2014,3307.26,90,7586.58,1.294
2023-07-12,Spring Launch,Display,54949,3543,10266.36,226,36505.81,2.556
2023-09-02,Holiday Extravaganza,Influencer,68986,4999,17024.34,495,75179.96,3.416
2023-03-25,Back to School,Display,142825,9719,6789.56,797,114468.81,15.86
2023-11-20,Black Friday,Display,47134,1186,2420.29,41,5673.87,1.344
2023-04-29,Summer Promo,Search Ads,82421,2428,2690.63,271,11573.05,3.301
2023-09-12,Back to School,Email,103476,2893,9927.59,270,22623.69,1.279
2023-02-01,Back to School,Display,147683,7229,23419.56,454,45917.81,0.961
2023-03-23,Summer Promo,Influencer,51058,973,887.49,109,13465.31,14.172
2023-02-04,Holiday Extravaganza,Display,65808,2621,9827.1,251,21742.22,1.212
2023-09-26,Summer Promo,Search Ads,85943,1799,2973.0,52,4522.13,0.521
2023-04-22,Back to School,Display,59012,1385,3215.29,52,4044.5,0.258
2023-04-15,Summer Promo,Email,125024,3367,8600.51,403,58308.67,5.78
2023-01-27,Holiday Extravaganza,Display,115413,6833,11116.16,576,76708.4,5.901
2023-02-01,Holiday Extravaganza,Influencer,73546,2244,4220.99,45,3500.63,-0.171
2023-08-28,Spring Launch,Display,106013,2090,5520.7,211,29347.91,4.316
2023-05-18,Black Friday,Social Media,95712,1368,5115.15,122,14299.0,1.795
2023-10-08,Summer Promo,Social Media,143874,5439,17649.71,415,56164.23,2.182
2023-06-04,Back to School,Display,127337,5950,18100.77,276,9929.5,-0.451
2023-05-02,Back to School,Search Ads,123517,7267,26279.78,824,102286.56,2.892
2023-03-28,Summer Promo,Search Ads,135872,10093,36371.86,376,24150.93,-0.336
2023-04-28,Black Friday,Search Ads,12174,286,226.92,34,5194.46,21.891
2023-03-10,Black Friday,Display,139782,8905,6486.09,884,94151.77,13.516
2023-12-09,Holiday Extravaganza,Email,68924,848,2827.94,31,1969.41,-0.304
2023-11-03,Summer Promo,Social Media,17863,1215,581.42,104,14338.91,23.662
2023-06-30,Black Friday,Social Media,41517,2930,4073.76,280,49650.01,11.188
2023-02-24,Spring Launch,Email,88225,5543,10057.71,453,79982.91,6.952
2023-02-09,Black Friday,Display,144648,4666,4580.78,215,36520.01,6.972
2023-10-06,Spring Launch,Social Media,55856,2616,2893.93,236,42011.92,13.517
2023-12-13,Holiday Extravaganza,Email,127497,8532,22218.1,377,44665.2,1.01
2023-06-21,Holiday Extravaganza,Email,63999,1633,3391.44,182,25536.62,6.53
2023-02-02,Black Friday,Social Media,139438,10377,5599.25,602,104878.92,17.731
2023-10-30,Spring Launch,Influencer,68733,1391,3033.4,161,22639.27,6.463
2023-02-12,Spring Launch,Social Media,69067,4059,4281.93,458,55502.32,11.962
2023-09-26,Holiday Extravaganza,Display,123885,1590,4647.58,102,14276.25,2.072
2023-01-04,Holiday Extravaganza,Social Media,115785,2624,5401.0,205,35585.38,5.589
2023-10-12,Black Friday,Display,15941,1045,3426.05,44,3860.8,0.127
2023-04-07,Summer Promo,Display,86939,4772,14846.99,176,18018.98,0.214
2023-01-30,Holiday Extravaganza,Email,38282,2174,1643.53,251,44154.19,25.865
2023-03-20,Summer Promo,Display,106596,7941,9928.23,205,34899.49,2.515
2023-03-17,Holiday Extravaganza,Display,49369,2941,6451.52,131,11783.28,0.826
2023-03-22,Black Friday,Influencer,72212,3141,4244.96,124,11942.56,1.813
2023-11-17,Spring Launch,Search Ads,148398,10091,22743.14,1101,154550.9,5.795
2023-05-12,Black Friday,Social Media,128907,2690,5393.24,318,55355.82,9.264
2023-03-08,Spring Launch,Social Media,9111,647,878.71,24,2123.36,1.416
2023-08-06,Holiday Extravaganza,Influencer,69661,2499,7054.06,117,16315.08,1.313
2023-09-04,Black Friday,Email,75792,4682,11163.58,246,10114.69,-0.094
2023-01-01,Holiday Extravaganza,Social Media,120891,8583,21162.72,648,50072.98,1.366
2023-05-11,Holiday Extravaganza,Search Ads,116696,6156,2233.43,160,19478.3,7.721
2023-09-02,Spring Launch,Influencer,111368,1943,1527.78,93,8649.89,4.662
2023-11-14,Back to School,Email,77303,3480,8086.9,225,26996.83,2.338
2023-12-18,Holiday Extravaganza,Social Media,139047,7737,11216.25,365,30800.66,1.746
2023-02-27,Summer Promo,Influencer,120417,6322,6049.76,396,19574.19,2.236
2023-10-11,Black Friday,Social Media,21029,256,778.59,29,1389.09,0.784
2023-12-23,Summer Promo,Social Media,112297,3811,5493.27,449,74971.84,12.648
2023-10-25,Spring Launch,Display,65913,2937,2422.29,243,35383.66,13.608
2023-05-24,Spring Launch,Search Ads,33347,761,2392.74,33,2724.55,0.139
2023-02-24,Summer Promo,Search Ads,42910,1956,723.68,218,32244.08,43.556
2023-07-14,Spring Launch,Social Media,57639,3353,8427.82,76,12231.4,0.451
2023-07-01,Black Friday,Display,60245,1295,4707.05,104,8165.53,0.735
2023-07-05,Black Friday,Search Ads,137328,6410,14098.93,434,43403.12,2.078
2023-04-21,Holiday Extravaganza,Influencer,115067,6118,18646.86,167,24078.44,0.291
2023-02-22,Back to School,Email,1643,97,245.56,10,1490.49,5.07
2023-12-13,Holiday Extravaganza,Display,22763,704,1925.0,53,8925.74,3.637
2023-05-23,Back to School,Influencer,53707,2148,2403.28,140,7217.99,2.003
2023-04-18,Summer Promo,Search Ads,120335,8933,8154.65,992,156076.59,18.14
2023-04-20,Holiday Extravaganza,Social Media,73279,2316,7163.48,150,15637.83,1.183
2023-05-30,Holiday Extravaganza,Search Ads,87274,2467,8570.18,113,8321.79,-0.029
2023-11-25,Back to School,Display,35770,1372,4286.85,70,12530.56,1.923
2023-05-12,Black Friday,Social Media,107681,6274,19606.76,306,38998.91,0.989
2023-01-31,Summer Promo,Email,117254,1948,5695.97,231,15893.74,1.79
2023-10-10,Back to School,Influencer,142526,9676,15254.0,854,100053.73,5.559
2023-10-01,Spring Launch,Email,71937,2808,4656.47,87,15158.77,2.255
2023-02-10,Back to School,Display,1067,76,43.21,4,379.3,7.778
2023-12-13,Summer Promo,Display,104872,4299,16108.23,318,43308.74,1.689
2023-08-15,Black Friday,Email,137755,7033,20299.25,488,58766.73,1.895
2023-04-20,Black Friday,Email,11425,576,524.16,18,1802.07,2.438
2023-10-08,Summer Promo,Display,135796,9098,24847.66,1074,93511.24,2.763
2023-04-20,Holiday Extravaganza,Display,26657,1202,3340.35,94,7039.6,1.107
2023-10-15,Back to School,Search Ads,148884,10630,21649.09,623,29536.72,0.364
2023-10-16,Spring Launch,Display,15231,930,2299.11,59,5721.47,1.489
2023-10-15,Back to School,Search Ads,115309,3517,2484.27,100,6678.6,1.688
2023-09-16,Spring Launch,Search Ads,39752,477,1408.18,10,394.9,-0.72
2023-08-05,Black Friday,Influencer,118866,8547,31970.96,546,32377.93,0.013
2023-10-25,Back to School,Email,38335,1438,2232.59,134,16303.27,6.302
2023-09-30,Summer Promo,Email,120338,5656,5262.63,605,81985.34,14.579
2023-01-24,Black Friday,Influencer,148447,3569,9258.27,152,11301.26,0.221
2023-05-30,Holiday Extravaganza,Display,76738,1078,2739.78,104,7032.2,1.567
2023-05-15,Holiday Extravaganza,Display,30413,1897,3699.06,156,18178.65,3.914
2023-06-04,Black Friday,Social Media,137637,8810,18695.52,607,45402.95,1.429
2023-10-07,Spring Launch,Display,44337,3317,10505.01,278,29885.67,1.845
2023-08-20,Black Friday,Search Ads,20415,272,202.65,16,1074.94,4.304
2023-02-06,Back to School,Social Media,121991,3832,12125.83,309,46326.14,2.82
2023-10-07,Holiday Extravaganza,Influencer,140663,8685,10860.2,1015,50208.36,3.623
2023-10-01,Black Friday,Email,128734,6063,4802.23,464,61504.05,11.807
2023-03-28,Holiday Extravaganza,Email,72740,5142,8861.69,439,16038.05,0.81
2023-10-08,Back to School,Search Ads,114976,1406,5112.72,149,26379.88,4.16
2023-06-07,Holiday Extravaganza,Social Media,77890,4053,15275.46,83,3260.31,-0.787
2023-06-21,Summer Promo,Display,141481,9143,33084.05,972,67962.37,1.054
2023-02-20,Back to School,Email,135983,4251,12500.04,461,59001.53,3.72
2023-06-01,Black Friday,Influencer,86408,1862,4688.04,126,5908.55,0.26
2023-04-11,Back to School,Email,92858,5118,14835.66,326,52648.41,2.549
2023-12-11,Holiday Extravaganza,Display,68574,1992,2093.71,223,36439.31,16.404
2023-09-07,Black Friday,Email,126708,8369,10791.45,395,59690.84,4.531
2023-08-14,Summer Promo,Social Media,75326,5203,13912.28,213,13839.49,-0.005
2023-03-07,Black Friday,Display,6203,450,272.87,43,6230.43,21.833
2023-05-31,Back to School,Social Media,129854,6977,24271.41,221,10970.28,-0.548
2023-05-17,Spring Launch,Social Media,49083,3269,1963.28,250,29648.71,14.102
2023-05-16,Holiday Extravaganza,Influencer,45474,574,850.26,50,3529.18,3.151
2023-12-14,Back to School,Search Ads,58986,3418,2724.02,198,23943.57,7.79
2023-01-01,Black Friday,Social Media,119068,1822,1078.22,182,9285.36,7.612
2023-06-06,Black Friday,Email,118173,7730,14666.35,476,64622.61,3.406
2023-04-04,Spring Launch,Social Media,132198,6220,21946.42,250,37043.34,0.688
2023-09-17,Black Friday,Search Ads,111418,4862,2615.08,555,56915.07,20.764
2023-12-04,Black Friday,Social Media,26969,1533,1359.49,91,12961.4,8.534
2023-08-04,Back to School,Email,83153,3318,12365.57,146,12519.53,0.012
2023-12-10,Black Friday,Email,34086,1558,4690.77,140,13390.55,1.855
2023-08-22,Summer Promo,Search Ads,56589,2851,8679.11,95,6906.48,-0.204
2023-04-15,Holiday Extravaganza,Display,8597,177,355.85,9,1115.6,2.135
2023-03-03,Summer Promo,Search Ads,36943,2083,5741.73,130,17011.52,1.963
2023-03-19,Holiday Extravaganza,Email,88879,3652,8967.3,135,21621.14,1.411
2023-03-19,Back to School,Social Media,108797,1736,4296.84,199,19845.91,3.619
2023-10-06,Summer Promo,Social Media,130307,4530,2742.2,484,30958.94,10.29
2023-08-27,Black Friday,Search Ads,55446,1614,4173.02,79,4577.38,0.097
2023-10-20,Back to School,Display,21972,1311,574.84,134,19785.27,33.419
2023-01-24,Holiday Extravaganza,Social Media,65371,3346,2193.33,286,47964.35,20.868
2023-02-12,Holiday Extravaganza,Social Media,142049,8889,32991.77,1028,116126.69,2.52
2023-01-20,Back to School,Influencer,83604,4513,11312.93,496,68454.6,5.051
2023-10-26,Black Friday,Email,136475,5928,4519.06,438,23240.26,4.143
2023-06-15,Summer Promo,Search Ads,22553,411,923.49,23,3448.47,2.734
2023-09-17,Black Friday,Email,125523,7911,8881.61,905,91330.97,9.283
2023-02-06,Back to School,Display,96440,3090,1844.59,115,12501.05,5.777
2023-03-30,Summer Promo,Display,62556,4564,7800.74,507,18356.63,1.353
2023-07-27,Back to School,Email,64978,3790,2967.76,398,25090.5,7.454
2023-03-18,Spring Launch,Email,136368,3220,3662.72,70,12248.94,2.344
2023-09-14,Black Friday,Influencer,121272,5142,10715.59,535,74988.62,5.998
2023-07-10,Summer Promo,Display,79895,3839,9947.04,322,15985.32,0.607
2023-11-28,Holiday Extravaganza,Search Ads,124755,8790,18306.53,300,52994.56,1.895
2023-04-17,Black Friday,Influencer,37629,688,2104.0,69,7963.64,2.785
2023-10-18,Summer Promo,Influencer,126944,7008,18539.47,268,14183.27,-0.235
2023-11-19,Back to School,Influencer,140219,4693,5779.06,117,20798.85,2.599
2023-02-23,Back to School,Display,45587,558,1799.65,12,1177.05,-0.346
2023-01-19,Back to School,Influencer,94258,2359,3699.82,72,4781.36,0.292
2023-09-13,Back to School,Social Media,18086,288,772.9,15,2469.05,2.195
2023-09-06,Holiday Extravaganza,Search Ads,17962,396,768.72,16,2238.11,1.911
2023-03-22,Holiday Extravaganza,Social Media,50821,1514,3057.57,161,12404.05,3.057
2023-06-19,Spring Launch,Display,70057,4376,16116.71,420,20726.92,0.286
2023-10-18,Back to School,Search Ads,126440,9025,19676.03,766,32482.62,0.651
2023-01-02,Holiday Extravaganza,Social Media,103225,3282,1285.71,381,26965.63,19.973
2023-04-14,Summer Promo,Search Ads,8833,449,1656.86,11,963.48,-0.418
2023-11-29,Back to School,Influencer,127083,6510,15789.21,251,23506.09,0.489
2023-09-02,Spring Launch,Display,56221,1754,2596.66,130,15795.42,5.083
2023-11-03,Holiday Extravaganza,Social Media,126759,3168,2142.2,339,13341.15,5.228
2023-08-03,Spring Launch,Influencer,122769,8333,25130.38,998,125336.63,3.987
2023-11-18,Back to School,Social Media,5364,215,85.75,24,3891.13,44.378
2023-09-21,Back to School,Email,140603,8109,12704.32,456,38623.35,2.04
2023-03-07,Spring Launch,Influencer,134367,1974,2948.16,170,13171.56,3.468
2023-02-21,Back to School,Social Media,10818,528,1142.79,39,5191.19,3.543
2023-05-17,Spring Launch,Display,73098,3182,8576.36,103,11531.2,0.345
2023-11-12,Black Friday,Display,70922,2961,5057.45,310,37544.11,6.424
2023-07-08,Back to School,Display,4411,112,301.18,8,957.03,2.178
2023-08-07,Spring Launch,Influencer,65420,4500,4113.98,487,87295.7,20.219
2023-06-24,Black Friday,Search Ads,125094,8039,6451.08,744,83469.02,11.939
2023-08-29,Back to School,Influencer,97083,6531,23143.43,696,75130.51,2.246
2023-04-07,Holiday Extravaganza,Email,62821,1604,1304.59,93,11942.97,8.155
2023-10-02,Black Friday,Display,91149,2250,8008.27,161,16156.96,1.018
2023-06-13,Black Friday,Display,73982,3032,2531.65,207,24644.14,8.734
2023-08-16,Summer Promo,Social Media,132138,5132,2755.07,202,28383.54,9.302
2023-06-26,Holiday Extravaganza,Search Ads,132462,7679,12346.45,371,38823.8,2.145
2023-12-08,Black Friday,Email,6160,186,230.98,14,1007.26,3.361
2023-02-06,Spring Launch,Influencer,91766,5129,17039.77,528,80028.93,3.697
2023-06-06,Spring Launch,Search Ads,27062,1174,4151.18,45,4268.6,0.028
2023-08-20,Black Friday,Display,118945,4867,7121.23,135,8324.41,0.169
2023-05-08,Black Friday,Search Ads,30722,1171,554.54,24,2527.31,3.557
2023-05-13,Summer Promo,Search Ads,116467,3232,6821.51,295,11914.27,0.747
2023-08-20,Holiday Extravaganza,Social Media,66090,1745,5786.29,50,2563.71,-0.557
2023-08-02,Back to School,Social Media,133243,7997,29876.88,727,58961.19,0.973
2023-07-11,Summer Promo,Search Ads,114124,5232,17562.99,200,25333.88,0.442
2023-09-02,Summer Promo,Social Media,4910,162,326.58,19,2442.57,6.479
2023-06-02,Spring Launch,Social Media,15460,718,2551.74,75,2863.82,0.122
2023-10-20,Holiday Extravaganza,Social Media,6150,311,956.38,9,1280.23,0.339
2023-04-04,Summer Promo,Email,147061,8813,25184.42,377,16060.44,-0.362
2023-01-04,Holiday Extravaganza,Display,43179,2709,1124.11,69,6639.29,4.906
2023-08-08,Spring Launch,Display,145182,2705,6337.38,90,6138.2,-0.031
2023-08-12,Back to School,Display,56472,3025,1720.97,159,13882.11,7.066
2023-06-24,Back to School,Display,20143,1349,1551.91,120,4815.64,2.103
2023-01-13,Spring Launch,Email,149023,3762,13019.92,317,45277.07,2.478
2023-02-10,Summer Promo,Social Media,56340,3135,5563.1,336,50452.6,8.069
2023-09-21,Spring Launch,Display,69121,4439,10740.01,313,48602.25,3.525
2023-11-21,Black Friday,Search Ads,39542,1955,5541.13,221,20448.68,2.69
2023-04-15,Back to School,Display,86526,4909,17496.63,479,24568.83,0.404
2023-05-06,Back to School,Email,49178,637,1603.81,55,3355.67,1.092
2023-03-21,Holiday Extravaganza,Social Media,43647,2622,2837.35,214,21549.0,6.595
2023-12-12,Black Friday,Search Ads,97388,7026,6061.78,830,125511.95,19.705
2023-11-25,Summer Promo,Influencer,42946,633,981.6,64,2424.41,1.47
2023-08-30,Black Friday,Influencer,86124,3391,12294.16,191,17670.76,0.437
2023-02-01,Spring Launch,Social Media,144286,6880,9671.76,588,98744.5,9.21
2023-10-11,Black Friday,Influencer,148141,2393,4118.95,272,24851.51,5.033
2023-06-16,Back to School,Influencer,76978,5363,15330.74,272,15174.01,-0.01
2023-07-10,Black Friday,Search Ads,135696,4593,13465.67,183,11624.36,-0.137
2023-12-12,Back to School,Display,60714,4395,3583.88,226,9452.18,1.637
2023-06-03,Holiday Extravaganza,Search Ads,1881,52,109.22,1,46.7,-0.572
2023-11-13,Holiday Extravaganza,Social Media,107926,6934,15580.6,303,12890.66,-0.173
2023-02-14,Black Friday,Display,20852,571,1499.06,51,4492.42,1.997
2023-11-21,Summer Promo,Email,102768,6406,11914.47,596,78383.26,5.579
2023-06-18,Holiday Extravaganza,Search Ads,27518,1781,2349.58,127,14475.2,5.161
2023-12-27,Back to School,Email,53016,3552,5029.66,372,42061.67,7.363
2023-07-12,Summer Promo,Social Media,119774,6819,22975.99,178,23605.68,0.027
2023-06-21,Black Friday,Social Media,71816,4681,8440.35,345,41605.21,3.929
2023-02-11,Black Friday,Influencer,3571,252,435.91,11,1525.83,2.5
2023-12-08,Black Friday,Influencer,33355,1299,4811.57,125,14231.81,1.958
2023-06-10,Spring Launch,Social Media,18938,972,3453.03,73,3626.3,0.05
2023-02-19,Back to School,Search Ads,92816,4108,7709.66,275,24863.68,2.225
2023-10-30,Holiday Extravaganza,Search Ads,75244,927,1909.18,68,4753.59,1.49
2023-09-12,Holiday Extravaganza,Email,122508,5119,11399.93,173,16494.69,0.447
2023-08-10,Summer Promo,Email,52685,1152,2264.23,27,3243.05,0.432
2023-11-10,Spring Launch,Email,139925,9575,4976.76,1075,101050.53,19.304
2023-03-02,Back to School,Influencer,109725,7407,14971.68,805,111387.2,6.44
2023-03-14,Back to School,Influencer,49534,2963,8180.62,229,26406.54,2.228
2023-02-04,Summer Promo,Email,68460,4741,16845.69,376,35312.19,1.096
2023-08-29,Holiday Extravaganza,Search Ads,27078,1712,5923.95,184,27023.67,3.562
2023-01-14,Spring Launch,Influencer,9790,119,366.03,4,288.16,-0.213
2023-03-09,Holiday Extravaganza,Social Media,88404,5863,5988.9,526,48809.29,7.15
2023-05-21,Black Friday,Display,56693,1705,6067.5,149,24535.05,3.044
2023-02-12,Holiday Extravaganza,Influencer,136251,3719,1762.27,80,10552.41,4.988
2023-10-27,Black Friday,Influencer,56031,2301,4201.53,193,12310.94,1.93
2023-08-15,Back to School,Social Media,27875,1082,3617.9,50,8672.67,1.397
2023-11-21,Black Friday,Search Ads,37316,1596,3999.55,43,4805.27,0.201
2023-03-23,Holiday Extravaganza,Search Ads,143511,8658,31498.47,403,48069.69,0.526
2023-09-06,Summer Promo,Social Media,118700,4773,17300.58,116,13465.99,-0.222
2023-08-14,Spring Launch,Email,55585,1335,2639.27,48,2801.53,0.061
2023-05-07,Holiday Extravaganza,Search Ads,140068,9096,13867.91,415,47518.54,2.427
2023-09-24,Black Friday,Display,61608,1789,2622.76,149,15947.45,5.08
2023-12-16,Black Friday,Social Media,106032,2089,5023.36,111,8820.81,0.756
2023-10-17,Black Friday,Social Media,124270,6795,24999.78,714,40179.04,0.607
2023-08-24,Summer Promo,Search Ads,20013,967,2194.13,41,2591.94,0.181
2023-03-06,Holiday Extravaganza,Influencer,146329,8881,32050.5,1034,103786.15,2.238
2023-09-10,Black Friday,Display,25698,465,567.22,37,2721.74,3.798
2023-02-12,Summer Promo,Social Media,74554,3369,8383.57,300,52169.91,5.223
2023-12-09,Back to School,Display,10535,370,851.92,33,2485.3,1.917
2023-02-22,Summer Promo,Email,126107,6287,17370.42,363,44451.15,1.559
2023-07-09,Holiday Extravaganza,Social Media,19277,1290,2178.16,35,5423.26,1.49
2023-04-22,Holiday Extravaganza,Influencer,96686,5087,12900.32,292,40807.41,2.163
2023-01-15,Summer Promo,Influencer,20186,724,936.06,79,6001.12,5.411
2023-01-29,Holiday Extravaganza,Influencer,43962,1413,4354.35,104,5708.3,0.311
2023-08-20,Back to School,Social Media,122064,6804,22004.34,235,26985.63,0.226
2023-08-11,Back to School,Display,147210,6714,21177.8,583,59990.55,1.833
2023-01-10,Spring Launch,Social Media,51261,3468,4316.46,298,10822.42,1.507
2023-11-19,Spring Launch,Email,12009,317,449.52,19,1458.95,2.246
2023-06-26,Spring Launch,Display,104897,3952,10924.37,214,29151.86,1.669
2023-03-26,Back to School,Influencer,101718,2798,3654.98,333,42263.61,10.563
2023-05-15,Holiday Extravaganza,Social Media,128097,4781,14934.73,318,27263.06,0.825
2023-07-31,Back to School,Display,29292,523,870.97,33,3327.6,2.821
2023-05-09,Back to School,Search Ads,30799,2056,3159.64,177,14156.64,3.48
2023-01-15,Holiday Extravaganza,Influencer,125046,1971,6097.0,224,9171.48,0.504
2023-01-30,Back to School,Influencer,114120,4607,4188.1,419,14968.25,2.574
2023-09-29,Holiday Extravaganza,Display,32622,1255,3390.63,101,16886.48,3.98
2023-05-15,Black Friday,Social Media,16520,810,1806.73,46,6166.77,2.413
2023-12-08,Summer Promo,Email,39938,1434,2528.89,80,4023.09,0.591
2023-09-06,Holiday Extravaganza,Influencer,51570,3631,11122.57,256,20697.61,0.861
2023-02-16,Spring Launch,Social Media,141694,4320,6956.02,185,10088.91,0.45
2023-07-24,Summer Promo,Display,91355,3964,7411.99,430,39026.56,4.265
2023-09-27,Spring Launch,Email,33941,2516,1016.76,219,38813.15,37.173
2023-03-21,Summer Promo,Search Ads,69511,3034,6722.05,229,31651.96,3.709
2023-05-03,Spring Launch,Influencer,121611,5389,12543.69,273,43006.84,2.429
2023-05-06,Black Friday,Display,79448,4318,2255.48,487,63428.81,27.122
2023-07-22,Back to School,Email,146083,7048,9780.27,521,83077.03,7.494
2023-01-11,Summer Promo,Display,127753,6840,4464.37,405,30311.33,5.79
2023-12-17,Holiday Extravaganza,Display,108336,2467,5356.89,265,41604.28,6.766
2023-09-07,Holiday Extravaganza,Social Media,134127,1971,2718.92,177,8210.95,2.02
2023-03-26,Black Friday,Social Media,12242,401,999.19,20,2794.03,1.796
2023-03-18,Holiday Extravaganza,Influencer,103352,3761,6763.41,378,22843.42,2.378
2023-09-04,Spring Launch,Search Ads,33749,1571,642.44,75,7598.71,10.828
2023-09-18,Black Friday,Email,13101,945,2334.61,103,16439.82,6.042
2023-08-15,Summer Promo,Display,97518,4581,16536.74,383,62509.83,2.78
2023-09-14,Summer Promo,Social Media,125043,2650,6764.13,242,15879.52,1.348
2023-09-09,Holiday Extravaganza,Social Media,14046,633,1371.6,42,6630.37,3.834
2023-03-10,Summer Promo,Influencer,41665,2867,10823.0,289,27646.05,1.554
2023-11-04,Spring Launch,Social Media,12662,413,1519.78,36,5072.71,2.338
2023-03-09,Holiday Extravaganza,Email,41476,2034,7587.64,46,7551.53,-0.005
2023-03-02,Spring Launch,Influencer,121062,5462,18231.12,242,34570.62,0.896
2023-04-07,Holiday Extravaganza,Influencer,37707,2507,7018.45,199,12886.28,0.836
2023-03-24,Back to School,Influencer,124695,3549,10452.36,374,26225.76,1.509
2023-05-11,Black Friday,Social Media,87013,1634,2201.28,135,10751.53,3.884
2023-05-05,Spring Launch,Email,12892,881,1857.22,18,890.73,-0.52
2023-09-12,Holiday Extravaganza,Display,61512,957,3558.99,28,2872.56,-0.193
2023-03-15,Summer Promo,Email,70103,3506,1635.28,81,10759.87,5.58
2023-12-22,Black Friday,Influencer,68981,3410,10954.6,328,28551.32,1.606
2023-04-30,Holiday Extravaganza,Social Media,27434,826,444.65,35,4487.65,9.093
2023-04-20,Holiday Extravaganza,Social Media,76890,5318,1998.42,453,75663.83,36.862
2023-10-29,Holiday Extravaganza,Display,127945,5884,16679.36,656,69968.74,3.195
2023-09-26,Holiday Extravaganza,Social Media,14099,417,749.32,33,2822.85,2.767
2023-04-11,Black Friday,Influencer,21369,1288,1619.59,27,4838.55,1.988
2023-12-07,Back to School,Social Media,7699,539,1991.41,61,10752.68,4.4
2023-03-02,Summer Promo,Search Ads,88682,2712,8557.6,78,13091.3,0.53
2023-10-11,Summer Promo,Display,119032,5864,4122.96,130,11629.69,1.821
2023-04-28,Back to School,Social Media,2339,115,366.41,8,1187.19,2.24
2023-09-26,Back to School,Email,85946,4476,13675.75,285,37696.43,1.756
2023-03-02,Black Friday,Social Media,36245,2132,4369.12,78,5240.17,0.199
2023-07-20,Black Friday,Email,78723,5478,4375.58,314,38312.51,7.756
2023-01-08,Black Friday,Social Media,17873,953,406.77,87,9420.04,22.158
2023-08-30,Black Friday,Display,115796,4581,1653.23,351,27251.75,15.484
2023-11-20,Spring Launch,Search Ads,96519,3153,4277.86,102,7558.74,0.767
2023-09-19,Summer Promo,Social Media,61685,4242,2912.56,475,27399.15,8.407
2023-06-27,Spring Launch,Search Ads,117436,2193,2651.5,230,40510.11,14.278
2023-10-02,Summer Promo,Social Media,28649,1890,3025.83,76,13530.75,3.472
2023-03-14,Black Friday,Search Ads,23286,1134,2448.11,86,6431.58,1.627
2023-07-22,Holiday Extravaganza,Email,44779,2177,4833.11,111,18230.69,2.772
2023-09-01,Back to School,Social Media,144952,10068,5470.24,1109,39412.98,6.205
2023-06-19,Black Friday,Display,100216,1286,3565.96,89,5545.46,0.555
2023-09-19,Summer Promo,Social Media,127443,2929,7211.97,327,53841.82,6.466
2023-01-10,Back to School,Social Media,31451,1379,2167.13,52,3924.22,0.811
2023-12-07,Summer Promo,Search Ads,47887,1132,3897.49,99,9749.73,1.502
2023-10-10,Summer Promo,Influencer,5211,208,175.43,7,821.18,3.681
2023-06-24,Summer Promo,Social Media,98006,6326,8780.34,584,82791.86,8.429
2023-03-05,Holiday Extravaganza,Influencer,94186,1696,5377.33,199,18823.6,2.501
2023-02-02,Holiday Extravaganza,Search Ads,69652,3617,3246.16,417,58275.04,16.952
2023-03-08,Holiday Extravaganza,Influencer,92801,4986,11956.12,461,64617.72,4.405
2023-01-28,Back to School,Display,144202,8953,14369.13,882,60944.46,3.241
2023-07-03,Back to School,Social Media,142644,5883,19005.92,695,69912.07,2.678
2023-02-03,Spring Launch,Social Media,147807,2602,3618.58,146,8075.82,1.232
2023-11-16,Holiday Extravaganza,Display,69419,1142,3828.79,129,8596.5,1.245
2023-11-19,Summer Promo,Social Media,92044,3398,3176.15,316,56168.21,16.684
2023-10-09,Spring Launch,Search Ads,108105,6331,23771.55,535,66322.43,1.79
2023-10-11,Back to School,Influencer,23578,730,2438.09,59,6277.87,1.575
2023-09-21,Black Friday,Influencer,74104,3824,12809.04,227,39453.21,2.08
2023-06-25,Back to School,Influencer,35563,662,611.75,29,4244.33,5.938
2023-12-10,Summer Promo,Search Ads,130639,8960,30755.95,1019,36890.25,0.199
2023-06-02,Summer Promo,Influencer,8884,299,651.2,14,2067.27,2.175
2023-12-26,Summer Promo,Influencer,106382,3702,1351.4,221,31025.92,21.958
2023-10-14,Black Friday,Influencer,119416,5664,11705.59,523,32703.87,1.794
2023-02-25,Spring Launch,Search Ads,55913,2131,7405.76,120,4855.83,-0.344
2023-08-07,Holiday Extravaganza,Influencer,31898,1891,2903.98,164,16976.17,4.846
2023-06-22,Summer Promo,Social Media,89195,6594,13751.55,488,67316.48,3.895
2023-08-27,Back to School,Influencer,76481,1116,1407.95,87,14519.84,9.313
2023-08-30,Spring Launch,Search Ads,51612,1876,6756.21,137,19133.0,1.832
2023-08-25,Spring Launch,Search Ads,73127,1795,5616.61,202,29429.91,4.24
2023-10-28,Summer Promo,Social Media,31535,711,1614.01,59,7824.05,3.848
2023-10-16,Back to School,Influencer,87284,3359,2359.92,360,45689.1,18.36
2023-08-13,Black Friday,Email,49860,2618,7355.38,225,12068.08,0.641
2023-09-02,Black Friday,Display,147579,3725,5420.34,429,15059.3,1.778
2023-01-09,Spring Launch,Social Media,94546,1164,2992.58,106,18245.84,5.097
2023-08-16,Spring Launch,Search Ads,50079,2969,6683.14,205,29293.27,3.383
2023-06-28,Summer Promo,Email,109672,4570,9446.94,500,65743.37,5.959
2023-01-05,Back to School,Display,95864,7052,16025.35,398,60229.11,2.758
2023-10-08,Holiday Extravaganza,Display,128307,2051,6042.96,181,27580.18,3.564
2023-06-20,Summer Promo,Search Ads,140184,9117,25458.6,892,78826.55,2.096
2023-07-22,Black Friday,Search Ads,112175,3477,4461.04,84,13737.83,2.08
2023-07-14,Holiday Extravaganza,Social Media,107566,5828,6031.39,671,48926.25,7.112
2023-12-21,Back to School,Display,145119,3773,10133.72,246,12715.79,0.255
2023-11-10,Black Friday,Email,54570,2313,4927.13,226,38852.53,6.885
2023-01-16,Black Friday,Email,141262,9133,13220.96,837,147653.35,10.168
2023-06-20,Back to School,Email,8755,369,1172.13,26,3152.66,1.69
2023-01-22,Black Friday,Search Ads,16389,815,2599.73,72,9374.04,2.606
2023-11-11,Summer Promo,Display,122683,8806,5887.15,889,135259.44,21.975
2023-08-22,Summer Promo,Email,23224,677,1414.74,20,995.57,-0.296
2023-05-13,Summer Promo,Display,147623,8903,16814.92,790,35139.75,1.09
2023-01-12,Holiday Extravaganza,Display,125790,5331,16907.51,450,64747.41,2.83
2023-08-06,Holiday Extravaganza,Influencer,27606,1401,3429.28,82,12892.05,2.759
2023-03-14,Spring Launch,Social Media,3530,95,225.96,6,639.93,1.832
2023-10-10,Holiday Extravaganza,Search Ads,101035,2777,987.09,225,35887.5,35.357
2023-07-27,Black Friday,Influencer,32115,2011,4659.28,236,31720.67,5.808
2023-02-25,Back to School,Email,83233,3457,3372.83,178,15642.37,3.638
2023-01-08,Spring Launch,Display,40494,2002,6448.15,238,18319.08,1.841
2023-09-02,Black Friday,Influencer,121247,2846,5897.5,170,28486.68,3.83
2023-07-17,Back to School,Display,95762,3751,2372.93,281,39208.59,15.523
2023-01-17,Summer Promo,Social Media,115220,4101,15261.52,432,56155.34,2.68
2023-06-22,Summer Promo,Email,30875,2304,876.11,258,21194.19,23.191
2023-06-10,Back to School,Email,76244,2902,3349.77,167,21166.87,5.319
2023-01-18,Holiday Extravaganza,Search Ads,74642,3404,6340.23,70,7233.0,0.141
2023-01-30,Back to School,Search Ads,74050,1839,4025.6,67,5977.41,0.485
2023-12-25,Spring Launch,Social Media,4446,71,127.66,3,245.93,0.926
2023-02-12,Back to School,Influencer,15953,1076,1742.63,126,19087.4,9.953
2023-06-17,Holiday Extravaganza,Display,58653,3849,14082.52,308,28594.63,1.031
2023-07-14,Holiday Extravaganza,Search Ads,44080,1517,1826.09,131,9472.08,4.187
2023-04-24,Summer Promo,Social Media,14364,680,2041.36,47,6035.92,1.957
2023-10-02,Back to School,Social Media,21374,1019,2272.85,39,5853.14,1.575
2023-04-03,Back to School,Display,87825,3715,2113.26,212,9760.43,3.619
2023-07-23,Summer Promo,Influencer,98255,3451,5942.78,317,16969.31,1.855
2023-01-07,Holiday Extravaganza,Social Media,104176,2158,1719.53,76,10604.6,5.167
2023-08-07,Summer Promo,Display,106019,1551,3821.75,119,11311.23,1.96
2023-05-04,Spring Launch,Email,27807,1635,1605.15,119,17613.7,9.973
2023-05-14,Back to School,Social Media,12837,712,2061.0,73,8242.24,2.999
2023-10-12,Back to School,Social Media,123926,6846,8689.96,248,43778.77,4.038
2023-05-14,Holiday Extravaganza,Influencer,62653,1655,2911.79,185,21232.86,6.292
2023-04-08,Spring Launch,Display,29726,378,246.22,14,922.86,2.748
2023-01-16,Holiday Extravaganza,Display,37901,1476,811.79,86,5060.56,5.234
2023-04-14,Spring Launch,Influencer,99970,7095,10399.04,414,18309.82,0.761
2023-07-28,Spring Launch,Influencer,57221,2186,4171.95,88,14582.06,2.495
2023-10-07,Holiday Extravaganza,Search Ads,80971,4732,11642.29,469,84329.8,6.243
2023-11-27,Back to School,Influencer,123461,1927,5795.9,168,20222.36,2.489
2023-02-14,Holiday Extravaganza,Search Ads,40933,1781,3956.85,153,9136.33,1.309
2023-09-20,Summer Promo,Social Media,142123,7793,5839.04,612,82409.37,13.114
2023-08-26,Spring Launch,Email,64312,1454,3879.98,106,19007.47,3.899
2023-03-22,Black Friday,Email,89466,5670,13507.83,479,47484.6,2.515
2023-02-10,Spring Launch,Search Ads,121195,5507,5071.03,567,83112.11,15.39
2023-09-21,Holiday Extravaganza,Social Media,76924,4576,13479.47,390,18351.85,0.361
2023-05-09,Black Friday,Search Ads,77716,2508,1984.98,184,23810.84,10.996
2023-10-23,Summer Promo,Email,133859,4187,4790.66,337,27956.79,4.836
2023-01-09,Holiday Extravaganza,Influencer,84050,4547,12472.13,364,20664.79,0.657
2023-07-27,Black Friday,Influencer,77634,1075,2069.73,80,11387.62,4.502
2023-01-02,Holiday Extravaganza,Influencer,19044,468,1703.24,43,6688.24,2.927
2023-03-13,Holiday Extravaganza,Search Ads,61667,3449,12382.52,336,25282.91,1.042
2023-07-21,Back to School,Influencer,144027,3399,2211.79,380,46175.14,19.877
2023-12-15,Black Friday,Email,75514,913,2506.53,57,3999.38,0.596
2023-01-21,Back to School,Email,124255,3203,11204.68,253,31098.29,1.775
2023-07-10,Spring Launch,Search Ads,57503,1495,3907.36,158,26611.44,5.811
2023-09-22,Holiday Extravaganza,Influencer,8239,554,1619.95,53,4651.67,1.871
2023-10-05,Holiday Extravaganza,Search Ads,73782,3068,1637.89,361,35897.71,20.917
2023-11-03,Back to School,Search Ads,96653,1342,5087.79,30,3850.09,-0.243
2023-05-02,Back to School,Display,66076,2104,2742.14,173,24502.01,7.935
2023-05-02,Spring Launch,Influencer,31485,1017,3188.17,114,10550.0,2.309
2023-10-27,Holiday Extravaganza,Display,31905,657,1570.6,45,2902.11,0.848
2023-11-21,Holiday Extravaganza,Display,24638,1603,573.75,34,5222.32,8.102
2023-07-08,Summer Promo,Search Ads,93873,5560,2015.33,117,14117.51,6.005
2023-05-14,Summer Promo,Influencer,9573,355,664.57,14,2254.67,2.393
2023-09-18,Back to School,Display,28232,1289,2604.9,57,7164.9,1.751
2023-12-21,Summer Promo,Influencer,119926,6237,20829.17,710,122565.41,4.884
2023-11-21,Summer Promo,Influencer,138255,10053,18019.63,991,143557.49,6.967
2023-03-03,Holiday Extravaganza,Display,137223,8857,13220.38,1057,167387.47,11.661
2023-09-08,Holiday Extravaganza,Social Media,24736,350,864.04,14,713.79,-0.174
2023-12-08,Spring Launch,Influencer,31515,1897,1740.05,173,30562.72,16.564
2023-04-01,Summer Promo,Display,107097,1338,2024.83,143,13568.39,5.701
2023-12-25,Black Friday,Display,22121,494,1612.98,35,2271.16,0.408
2023-06-26,Black Friday,Influencer,46431,3130,1682.2,336,12394.7,6.368
2023-01-24,Back to School,Email,16465,1139,3903.25,83,5197.93,0.332
2023-07-23,Back to School,Influencer,144066,8210,20874.2,612,31371.95,0.503
2023-04-07,Spring Launch,Influencer,84930,1297,1510.9,144,13158.07,7.709
2023-07-14,Holiday Extravaganza,Email,71548,4915,2175.88,170,30309.84,12.93
2023-01-16,Spring Launch,Email,89243,3684,8248.89,362,34399.44,3.17
2023-02-26,Black Friday,Social Media,17149,1222,2025.23,142,7296.74,2.603
2023-01-10,Spring Launch,Influencer,132643,1988,5836.03,78,11823.91,1.026
2023-07-09,Black Friday,Social Media,123465,5991,16425.71,169,10417.16,-0.366
2023-11-23,Back to School,Email,47920,2903,10388.06,138,21480.77,1.068
2023-07-27,Summer Promo,Search Ads,104619,5186,19197.34,391,29557.95,0.54
2023-06-16,Holiday Extravaganza,Influencer,45245,2660,1143.15,212,30285.18,25.493
2023-07-05,Spring Launch,Search Ads,91107,4617,7459.21,141,12522.83,0.679
2023-02-17,Black Friday,Social Media,138648,6505,5293.77,739,80193.47,14.149
2023-05-13,Summer Promo,Display,32898,1465,3076.09,66,10176.22,2.308
2023-01-14,Summer Promo,Social Media,95496,4334,12808.61,345,20665.76,0.613
2023-04-24,Holiday Extravaganza,Email,42456,1254,4408.85,72,11734.6,1.662
2023-07-04,Back to School,Email,64625,3816,13560.18,228,18898.26,0.394
2023-12-03,Black Friday,Social Media,81811,5082,5230.92,539,64074.96,11.249
2023-05-31,Black Friday,Influencer,148240,7761,23882.84,204,30972.05,0.297
2023-11-09,Spring Launch,Search Ads,54563,2539,7842.8,275,13437.97,0.713
2023-05-08,Holiday Extravaganza,Search Ads,35598,440,1294.45,29,4082.79,2.154
2023-04-10,Black Friday,Social Media,36132,2144,5278.76,139,20292.62,2.844
2023-10-21,Back to School,Social Media,20375,1162,3614.86,47,6138.9,0.698
2023-06-25,Holiday Extravaganza,Search Ads,101540,7305,8142.73,783,82500.99,9.132
2023-09-23,Back to School,Influencer,78142,1365,5051.09,160,18016.33,2.567
2023-01-05,Summer Promo,Search Ads,75265,991,2463.0,48,6862.99,1.786
2023-01-30,Spring Launch,Search Ads,2451,140,504.18,11,1314.25,1.607
2023-04-05,Spring Launch,Display,146258,7871,17426.51,497,23595.16,0.354
2023-11-08,Back to School,Social Media,129631,2512,8708.18,134,18986.97,1.18
2023-07-10,Back to School,Influencer,139231,6555,22814.08,286,41258.77,0.808
2023-07-07,Back to School,Influencer,19326,1365,516.44,150,19723.69,37.192
2023-04-10,Summer Promo,Influencer,142720,4148,6607.14,344,53896.47,7.157
2023-01-24,Holiday Extravaganza,Search Ads,61468,1978,7506.78,207,8440.13,0.124
2023-11-06,Spring Launch,Influencer,83472,1491,2095.12,171,26663.88,11.727
2023-12-04,Summer Promo,Social Media,49601,1103,3343.73,82,13758.62,3.115
2023-01-02,Holiday Extravaganza,Influencer,141020,8655,31271.73,872,137506.65,3.397
2023-10-04,Summer Promo,Display,11929,542,1276.88,23,3273.4,1.564
2023-09-27,Back to School,Influencer,98568,5535,2244.97,388,39064.49,16.401
2023-01-19,Black Friday,Display,59746,1806,6572.54,195,16793.1,1.555
2023-03-06,Spring Launch,Email,136036,5458,15007.55,545,42533.96,1.834
2023-11-06,Back to School,Influencer,49796,3074,7026.6,168,6308.23,-0.102
2023-04-08,Back to School,Display,46368,2825,3865.65,312,39862.92,9.312
2023-01-20,Summer Promo,Display,96510,6677,18434.7,202,34118.77,0.851
2023-03-01,Black Friday,Email,3042,58,149.57,3,328.87,1.199
2023-09-24,Holiday Extravaganza,Display,147450,7589,21500.67,230,26491.97,0.232
2023-01-24,Spring Launch,Search Ads,117540,5988,2456.04,234,17158.33,5.986
2023-05-24,Black Friday,Display,26377,1346,2425.05,70,8102.68,2.341
2023-10-02,Summer Promo,Display,103785,4043,7712.72,257,34522.85,3.476
2023-12-08,Back to School,Social Media,96524,2980,9534.91,82,9213.57,-0.034
2023-07-08,Black Friday,Email,61520,995,947.16,90,9015.49,8.518
2023-07-31,Holiday Extravaganza,Social Media,136777,6185,6602.4,652,115176.76,16.445
2023-10-31,Spring Launch,Influencer,95840,5519,18700.23,131,22490.98,0.203
2023-11-03,Holiday Extravaganza,Social Media,109338,7710,3404.16,908,44077.98,11.948
2023-11-10,Holiday Extravaganza,Search Ads,65518,1456,4028.55,143,23904.24,4.934
2023-05-11,Holiday Extravaganza,Influencer,12752,826,1746.91,75,2880.4,0.649
2023-09-23,Back to School,Display,5778,226,321.53,26,2451.98,6.626
2023-08-20,Summer Promo,Email,95782,7119,24149.83,753,42866.6,0.775
2023-02-27,Back to School,Search Ads,117161,3224,10211.66,252,24786.15,1.427
2023-11-25,Black Friday,Display,115821,4727,12797.32,318,29291.91,1.289
2023-06-26,Spring Launch,Influencer,136316,6600,14906.22,260,17660.16,0.185
2023-11-14,Spring Launch,Social Media,86604,4559,7765.63,438,71630.8,8.224
2023-04-12,Summer Promo,Influencer,106551,6800,3956.1,315,17845.43,3.511
2023-06-13,Back to School,Display,24936,1737,3414.91,112,18044.44,4.284
2023-09-08,Spring Launch,Display,99942,5831,22128.09,467,73681.42,2.33
2023-01-16,Holiday Extravaganza,Social Media,60435,1277,3930.02,145,14406.46,2.666
2023-12-26,Summer Promo,Influencer,116914,4565,13440.37,230,29118.9,1.167
2023-08-17,Summer Promo,Social Media,74558,3623,8052.98,78,5071.12,-0.37
2023-08-02,Black Friday,Social Media,94075,1296,3622.44,143,9231.07,1.548
2023-03-24,Holiday Extravaganza,Display,31646,1238,1829.45,113,10739.34,4.87
2023-03-11,Holiday Extravaganza,Email,124250,3903,9464.1,393,57871.09,5.115
2023-09-27,Holiday Extravaganza,Display,83895,2262,1603.2,171,27782.37,16.329
2023-12-25,Back to School,Social Media,68839,3669,4500.82,344,60287.87,12.395
2023-10-27,Black Friday,Social Media,5450,167,311.06,3,532.0,0.71
2023-05-26,Black Friday,Search Ads,48260,1216,3898.28,93,5227.77,0.341
2023-05-27,Spring Launch,Social Media,139197,6987,25361.47,425,25633.46,0.011
2023-06-04,Holiday Extravaganza,Social Media,116590,8539,7323.63,416,68359.63,8.334
2023-12-07,Black Friday,Social Media,120105,5483,4030.2,207,32220.16,6.995
2023-12-14,Holiday Extravaganza,Social Media,84810,5549,9264.59,131,9161.07,-0.011
2023-02-19,Summer Promo,Email,70556,919,2571.57,86,8766.97,2.409
2023-07-11,Holiday Extravaganza,Search Ads,92899,2977,4932.19,64,10261.64,1.081
2023-05-18,Back to School,Influencer,90328,6263,19684.77,557,86080.95,3.373
2023-01-14,Spring Launch,Display,134924,2868,3496.85,312,21655.64,5.193
2023-04-29,Holiday Extravaganza,Display,118151,7210,3404.91,636,86463.02,24.394
2023-12-01,Back to School,Email,127234,5813,7458.01,426,57240.91,6.675
2023-11-22,Summer Promo,Email,135714,9342,14073.99,1024,81767.31,4.81
2023-05-19,Summer Promo,Display,96785,6946,9924.03,370,61269.81,5.174
2023-08-09,Summer Promo,Social Media,24068,384,293.1,42,3525.27,11.028
2023-03-07,Black Friday,Social Media,51642,1705,5299.4,199,31534.98,4.951
2023-10-30,Spring Launch,Email,82626,3420,8713.45,169,21011.03,1.411
2023-05-24,Black Friday,Email,10693,682,1706.78,68,8041.75,3.712
2023-12-22,Black Friday,Email,131479,5847,14770.0,136,18875.33,0.278
2023-09-25,Back to School,Email,4385,74,157.3,8,796.67,4.065
2023-02-11,Back to School,Display,144338,4165,12358.84,257,19871.97,0.608
2023-10-20,Back to School,Search Ads,91387,2751,3522.89,148,25066.95,6.115
2023-09-27,Holiday Extravaganza,Display,64175,1791,1764.67,191,17819.14,9.098
2023-09-15,Black Friday,Social Media,6970,511,1214.85,36,5287.05,3.352
2023-02-25,Black Friday,Influencer,33191,1121,2006.11,133,10797.89,4.383
2023-07-06,Spring Launch,Search Ads,27257,908,1429.38,74,3380.66,1.365
2023-11-01,Summer Promo,Email,143229,5647,18472.72,611,92846.1,4.026
2023-01-09,Black Friday,Email,59007,1975,6244.8,206,35056.08,4.614
2023-12-03,Back to School,Influencer,142054,9678,8407.09,542,33127.0,2.94
2023-03-07,Black Friday,Search Ads,44753,745,1072.82,54,6043.36,4.633
2023-09-18,Back to School,Influencer,106070,1775,1537.42,168,29492.25,18.183
2023-01-09,Summer Promo,Display,106627,6622,23529.58,387,66182.48,1.813
2023-04-07,Summer Promo,Email,45960,2497,3922.24,243,20092.01,4.123
2023-07-09,Black Friday,Search Ads,37246,975,697.02,30,4708.97,5.756
2023-01-24,Holiday Extravaganza,Social Media,90676,5600,4665.9,198,27983.39,4.997
2023-02-12,Holiday Extravaganza,Display,142546,8949,8686.08,445,44144.63,4.082
2023-06-22,Holiday Extravaganza,Influencer,58125,3946,9506.42,366,16734.65,0.76
2023-07-13,Black Friday,Influencer,127344,5449,8660.13,478,39311.37,3.539
2023-10-10,Holiday Extravaganza,Email,106300,5353,2473.68,270,36703.45,13.838
2023-10-21,Holiday Extravaganza,Social Media,66965,4484,6367.0,457,69330.45,9.889
2023-04-03,Summer Promo,Search Ads,31600,859,3095.25,78,13137.9,3.245
2023-10-06,Back to School,Social Media,64932,1986,1091.04,215,16145.56,13.798
2023-09-19,Back to School,Display,117912,7887,4901.48,810,63750.07,12.006
2023-02-10,Spring Launch,Social Media,94966,5729,13523.06,416,56712.04,3.194
2023-06-05,Summer Promo,Email,25596,1087,3959.84,91,13321.03,2.364
2023-04-22,Black Friday,Social Media,120649,3567,10826.58,260,14075.35,0.3
2023-04-19,Summer Promo,Influencer,92082,2027,4470.08,127,12661.29,1.832
2023-04-11,Spring Launch,Email,74451,2303,5257.64,176,16494.42,2.137
2023-03-17,Holiday Extravaganza,Email,108416,6657,15313.95,604,79362.71,4.182
2023-08-20,Summer Promo,Influencer,38697,2326,1342.03,221,31539.73,22.502
2023-11-11,Holiday Extravaganza,Influencer,128726,7789,3458.6,196,7670.32,1.218
2023-03-25,Summer Promo,Social Media,83494,2595,2319.25,192,33260.64,13.341
2023-03-28,Holiday Extravaganza,Search Ads,140482,3052,3170.93,255,45554.79,13.366
2023-11-17,Summer Promo,Display,139973,2008,1653.51,200,14781.26,7.939
2023-08-29,Spring Launch,Email,57062,1717,718.67,145,24289.37,32.798
2023-02-19,Summer Promo,Email,142431,4251,14346.45,413,61227.68,3.268
2023-04-28,Black Friday,Influencer,69405,4999,14677.53,279,18293.24,0.246
2023-12-01,Summer Promo,Search Ads,70377,3261,4765.38,70,4735.79,-0.006
2023-02-22,Summer Promo,Social Media,8319,180,445.31,6,762.11,0.711
2023-10-21,Black Friday,Display,20593,404,1426.26,45,5983.2,3.195
2023-06-20,Black Friday,Email,69378,1945,7267.75,91,6592.21,-0.093
2023-05-25,Summer Promo,Display,88065,4807,15747.05,106,16876.68,0.072
2023-06-04,Spring Launch,Search Ads,143562,10004,24015.78,873,103921.51,3.327
2023-01-08,Black Friday,Influencer,105910,4498,5392.45,319,40566.18,6.523
2023-11-01,Holiday Extravaganza,Email,6021,153,311.46,6,863.43,1.772
2023-06-24,Summer Promo,Search Ads,105031,7001,3147.48,346,36796.23,10.691
2023-03-06,Spring Launch,Email,12665,947,479.53,80,10378.04,20.642
2023-05-22,Summer Promo,Influencer,43042,1237,4282.89,43,7135.56,0.666
2023-12-19,Black Friday,Display,135062,5455,3307.17,348,43175.35,12.055
2023-03-21,Black Friday,Influencer,91988,5202,6868.93,309,30385.46,3.424
2023-07-10,Spring Launch,Email,41936,1813,5557.27,87,12066.01,1.171
2023-06-16,Spring Launch,Social Media,113163,3436,12820.7,248,34528.13,1.693
2023-08-21,Back to School,Search Ads,79344,2033,2929.17,183,32375.15,10.053
2023-02-12,Black Friday,Search Ads,34525,1069,3523.27,54,3977.61,0.129
2023-03-30,Summer Promo,Email,129404,7092,25664.92,584,78371.48,2.054
2023-07-17,Back to School,Influencer,107776,4403,15100.06,206,21762.68,0.441
2023-08-06,Spring Launch,Display,114317,1886,3637.46,205,26305.73,6.232
2023-12-23,Black Friday,Email,9271,455,1639.4,23,2633.98,0.607
2023-04-30,Back to School,Social Media,116738,8337,7414.9,869,59455.58,7.018
2023-05-03,Holiday Extravaganza,Display,39354,1620,4368.06,164,19020.38,3.354
2023-12-08,Black Friday,Search Ads,68373,2833,8138.85,280,23219.15,1.853
2023-09-09,Holiday Extravaganza,Email,122313,8687,29284.39,644,61954.61,1.116
2023-01-02,Back to School,Influencer,140113,9810,23118.69,1058,38452.04,0.663
2023-10-28,Spring Launch,Social Media,19029,1222,3988.15,125,7327.01,0.837
2023-05-28,Summer Promo,Social Media,20744,993,3367.77,106,15025.03,3.461
2023-05-28,Back to School,Display,42153,2241,4142.22,107,5788.57,0.397
2023-06-02,Black Friday,Search Ads,68005,983,2823.48,59,7648.29,1.709
2023-06-12,Holiday Extravaganza,Influencer,130324,8513,22497.59,592,71187.36,2.164
2023-04-11,Black Friday,Social Media,36953,1131,2760.47,131,20250.25,6.336
2023-01-12,Back to School,Display,51124,1061,2917.32,93,15962.6,4.472
2023-12-08,Black Friday,Influencer,19075,331,627.66,13,1000.21,0.594
2023-12-11,Black Friday,Display,53975,1584,2229.85,93,13191.67,4.916
2023-03-25,Black Friday,Email,130436,2219,1558.41,240,16526.94,9.605
2023-04-12,Holiday Extravaganza,Social Media,4988,210,98.38,14,527.0,4.357
2023-04-26,Spring Launch,Influencer,91812,2052,1873.01,117,16145.73,7.62
2023-06-16,Holiday Extravaganza,Influencer,24158,601,781.49,58,5484.27,6.018
2023-06-24,Summer Promo,Email,110853,5790,17550.54,658,81355.83,3.636
2023-11-09,Back to School,Email,144131,5332,12081.01,395,53524.05,3.43
2023-06-15,Black Friday,Email,127013,1842,4506.4,54,6866.08,0.524
2023-11-30,Back to School,Search Ads,36927,2326,1514.05,229,40963.5,26.056
2023-09-22,Black Friday,Email,97580,1806,1696.16,86,11381.69,5.71
2023-10-07,Back to School,Search Ads,100936,6491,17525.19,778,78112.73,3.457
2023-02-25,Back to School,Display,130160,7806,18613.73,505,72020.85,2.869
2023-05-13,Holiday Extravaganza,Social Media,5727,224,600.4,24,3425.8,4.706
2023-10-04,Back to School,Influencer,42472,1000,3504.38,118,19218.33,4.484
2023-03-04,Summer Promo,Email,71966,4993,8271.81,530,71452.8,7.638
2023-01-25,Holiday Extravaganza,Search Ads,28231,790,778.54,66,8704.63,10.181
2023-06-09,Back to School,Influencer,10638,169,588.84,16,2770.67,3.705
2023-11-02,Back to School,Influencer,134382,8543,7658.99,896,43901.14,4.732
2023-10-06,Back to School,Influencer,142526,8017,7014.19,582,103225.0,13.717
2023-10-04,Spring Launch,Social Media,147428,8444,3004.89,795,132233.54,43.006
2023-07-27,Black Friday,Search Ads,114770,3558,6118.93,331,24923.94,3.073
2023-11-27,Spring Launch,Influencer,142972,3833,9832.08,313,22009.5,1.239
2023-11-28,Summer Promo,Email,7367,107,297.99,7,1161.17,2.897
2023-09-02,Holiday Extravaganza,Social Media,27004,1850,5451.16,141,18880.13,2.464
2023-11-29,Black Friday,Influencer,117468,2780,3896.32,128,8519.52,1.187
2023-03-03,Black Friday,Influencer,110311,7494,23955.93,817,57702.25,1.409
2023-02-02,Holiday Extravaganza,Influencer,41102,595,1040.77,58,4146.83,2.984
2023-07-30,Holiday Extravaganza,Search Ads,54559,3306,3301.25,297,42805.26,11.966
2023-05-22,Summer Promo,Email,69591,1886,5195.01,153,15428.96,1.97
2023-05-31,Summer Promo,Social Media,126947,5252,6639.52,167,16034.68,1.415
2023-06-01,Holiday Extravaganza,Search Ads,105852,1308,1136.09,108,4689.94,3.128
2023-02-11,Back to School,Social Media,131937,1886,1943.52,79,7036.65,2.621
2023-01-15,Black Friday,Email,22711,1063,766.73,60,5435.44,6.089
2023-09-10,Summer Promo,Display,70969,2341,7760.57,264,43483.58,4.603
2023-11-25,Holiday Extravaganza,Social Media,90097,2022,6193.71,74,4507.4,-0.272
2023-08-10,Back to School,Social Media,77057,4220,15700.12,341,54224.42,2.454
2023-12-23,Holiday Extravaganza,Email,142375,9052,9301.45,599,91188.13,8.804
2023-12-12,Black Friday,Display,42148,2134,1127.6,216,10331.01,8.162
2023-06-19,Back to School,Influencer,16156,857,598.8,30,5156.92,7.612
2023-05-29,Back to School,Search Ads,96831,1426,2770.2,45,7472.13,1.697
2023-12-15,Summer Promo,Display,131338,4018,9193.61,200,23142.11,1.517
2023-01-06,Spring Launch,Social Media,113570,2637,5855.82,149,17070.21,1.915
2023-01-27,Holiday Extravaganza,Display,7713,448,1063.01,35,2414.99,1.272
2023-01-20,Spring Launch,Social Media,132562,8657,27798.59,889,112423.07,3.044
2023-02-26,Spring Launch,Display,26968,382,506.99,17,2040.04,3.024
2023-12-16,Spring Launch,Search Ads,49156,1520,2600.28,51,8323.42,2.201
2023-01-02,Back to School,Search Ads,63205,1230,1541.92,104,9690.9,5.285
2023-09-25,Summer Promo,Search Ads,13320,881,1707.66,75,7309.06,3.28
2023-05-09,Summer Promo,Influencer,67877,4211,12674.68,475,74331.25,4.865
2023-03-30,Black Friday,Display,8139,289,910.12,14,1782.38,0.958
2023-08-31,Black Friday,Social Media,64249,4388,14334.24,232,26546.95,0.852
2023-02-13,Spring Launch,Influencer,103411,4707,2290.14,253,38358.52,15.749
2023-11-04,Summer Promo,Search Ads,47152,2758,2802.18,161,28842.43,9.293
2023-07-14,Back to School,Social Media,84262,3877,10536.08,373,61676.09,4.854
2023-05-14,Summer Promo,Search Ads,11440,337,1090.06,38,2644.35,1.426
2023-03-12,Spring Launch,Email,45728,2045,3878.13,174,7408.49,0.91
2023-09-05,Black Friday,Social Media,28227,1902,5811.58,182,16897.58,1.908
2023-09-03,Summer Promo,Display,51468,3812,13459.35,438,42499.46,2.158
2023-04-21,Back to School,Social Media,57632,3276,5791.99,330,26990.09,3.66
2023-11-24,Holiday Extravaganza,Influencer,101624,2308,4735.21,160,26561.51,4.609
2023-10-19,Summer Promo,Display,8033,325,1209.5,6,943.58,-0.22
2023-04-22,Spring Launch,Search Ads,71880,5058,12323.67,261,44937.1,2.646
2023-12-14,Black Friday,Email,109956,4040,7962.98,246,40915.62,4.138
2023-12-26,Back to School,Email,136436,5980,17273.27,410,33886.66,0.962
2023-06-30,Summer Promo,Search Ads,119333,8085,29593.65,364,36796.12,0.243
2023-08-26,Spring Launch,Influencer,89529,2235,8105.86,178,14035.06,0.731
2023-05-12,Back to School,Email,4680,201,683.47,10,490.69,-0.282
2023-06-05,Summer Promo,Display,106283,1889,3703.08,190,18168.47,3.906
2023-05-25,Summer Promo,Display,46449,2790,8886.95,119,7471.13,-0.159
2023-12-08,Spring Launch,Influencer,30600,1662,6312.28,52,5611.11,-0.111
2023-08-05,Summer Promo,Search Ads,14206,254,306.54,21,3503.74,10.43
2023-05-02,Back to School,Email,74513,4036,11090.93,156,11207.01,0.01
2023-02-27,Summer Promo,Search Ads,123509,6393,12469.4,154,8725.87,-0.3
2023-03-05,Back to School,Influencer,115057,2518,3983.3,130,17714.08,3.447
2023-12-08,Spring Launch,Influencer,100829,1851,6211.62,79,12001.95,0.932
2023-08-03,Holiday Extravaganza,Email,147373,8058,5279.59,310,18130.22,2.434
2023-07-20,Black Friday,Search Ads,80439,1849,2741.06,198,17776.69,5.485
2023-05-06,Spring Launch,Display,147386,2696,5495.28,154,7225.65,0.315
2023-11-13,Summer Promo,Email,99808,1800,2496.78,106,15878.92,5.36
2023-05-31,Black Friday,Email,92255,3332,7220.53,321,21089.12,1.921
2023-08-07,Spring Launch,Influencer,102857,2774,2352.04,70,2623.69,0.115
2023-01-01,Summer Promo,Search Ads,137241,2088,7037.75,185,8521.29,0.211
2023-07-19,Spring Launch,Search Ads,123982,3478,7475.72,374,49320.43,5.597
2023-12-15,Black Friday,Search Ads,148032,3581,7441.67,291,25549.8,2.433
2023-10-04,Holiday Extravaganza,Search Ads,137485,9871,12747.68,1021,51917.17,3.073
2023-05-13,Summer Promo,Influencer,39178,2431,8149.42,59,8555.45,0.05
2023-07-25,Holiday Extravaganza,Display,142557,5175,12474.0,204,8493.53,-0.319
2023-08-29,Black Friday,Email,24750,1148,2475.71,62,9033.16,2.649
2023-06-27,Back to School,Influencer,12502,390,312.66,17,2091.38,5.689
2023-08-20,Back to School,Search Ads,23448,833,1996.25,51,9113.09,3.565
2023-03-18,Black Friday,Social Media,110060,7599,6777.74,686,92294.1,12.617
2023-02-09,Spring Launch,Social Media,142861,10320,32544.75,317,33228.33,0.021
2023-11-09,Black Friday,Social Media,146574,7307,11949.26,693,121833.4,9.196
2023-07-20,Summer Promo,Search Ads,140067,1932,2704.79,103,16230.8,5.001
2023-08-07,Summer Promo,Social Media,38350,581,780.46,23,3565.34,3.568
2023-09-15,Black Friday,Email,135153,3976,3108.63,193,29002.06,8.33
2023-09-03,Spring Launch,Search Ads,107179,4876,18337.99,385,65586.36,2.577
2023-09-26,Spring Launch,Social Media,49842,3317,5374.0,211,14373.77,1.675
2023-02-18,Spring Launch,Search Ads,86670,1803,6583.61,211,16345.08,1.483
2023-07-27,Spring Launch,Search Ads,104049,2168,2427.92,160,21315.28,7.779
2023-03-14,Summer Promo,Search Ads,10745,751,1513.33,89,5017.88,2.316
2023-06-04,Summer Promo,Display,130775,6912,5997.14,303,48753.09,7.129
2023-03-09,Summer Promo,Social Media,21999,1045,809.58,26,3586.5,3.43
2023-04-27,Summer Promo,Email,89691,3955,4672.21,418,35837.85,6.67
2023-03-02,Summer Promo,Email,95975,5945,10546.52,340,26925.67,1.553
2023-01-10,Summer Promo,Display,104108,3461,6220.96,382,44566.0,6.164
2023-06-22,Summer Promo,Social Media,139057,6844,13368.58,242,29209.63,1.185
2023-11-06,Back to School,Display,143484,6898,7263.75,564,22720.74,2.128
2023-06-27,Holiday Extravaganza,Social Media,90057,6724,10333.84,174,14103.37,0.365
2023-05-04,Back to School,Search Ads,36669,1151,3428.21,30,1690.19,-0.507
2023-02-07,Holiday Extravaganza,Search Ads,85447,2226,6102.87,211,26175.07,3.289
2023-05-17,Spring Launch,Social Media,47984,2936,7788.28,316,30162.62,2.873
2023-03-09,Black Friday,Email,105899,6157,10575.27,188,14969.81,0.416
2023-06-30,Black Friday,Search Ads,91058,2438,8466.2,116,6667.51,-0.212
2023-03-19,Spring Launch,Display,28241,936,3526.85,80,12524.01,2.551
2023-02-22,Summer Promo,Search Ads,55961,3763,10791.18,392,62126.44,4.757
2023-09-01,Holiday Extravaganza,Email,89899,3867,12598.56,172,13127.82,0.042
2023-04-01,Holiday Extravaganza,Influencer,26719,1163,3356.4,103,17750.42,4.289
2023-08-05,Black Friday,Display,117659,8164,24999.66,476,73018.02,1.921
2023-04-13,Holiday Extravaganza,Search Ads,19514,459,1703.17,34,3115.62,0.829
2023-10-16,Summer Promo,Social Media,26908,749,2037.77,48,4939.07,1.424
2023-11-14,Holiday Extravaganza,Influencer,107188,5438,11315.7,522,92453.32,7.17
2023-12-15,Black Friday,Search Ads,57094,3896,3037.19,157,20501.89,5.75
2023-06-09,Back to School,Search Ads,17790,977,2757.49,23,3621.53,0.313
2023-08-22,Back to School,Social Media,105042,4543,14538.21,202,28427.46,0.955
2023-09-01,Back to School,Search Ads,11884,367,1196.9,36,4154.55,2.471
2023-10-05,Black Friday,Influencer,21010,1013,1053.27,88,5220.65,3.957
2023-09-03,Back to School,Social Media,107631,6117,13661.46,198,12858.08,-0.059
2023-02-19,Back to School,Display,146319,10415,7498.2,478,78359.29,9.45
2023-11-03,Holiday Extravaganza,Search Ads,4098,114,330.88,8,654.3,0.977
2023-11-06,Holiday Extravaganza,Display,137588,2337,4984.18,232,27235.7,4.464
2023-03-23,Summer Promo,Search Ads,64505,3342,3720.35,396,28669.05,6.706
2023-10-14,Black Friday,Email,39456,1001,2444.74,28,4577.11,0.872
2023-04-11,Summer Promo,Influencer,110657,7947,10684.07,409,25496.62,1.386
2023-04-20,Spring Launch,Social Media,26598,1310,496.23,71,5298.45,9.677
2023-08-22,Summer Promo,Display,46252,1696,5512.96,195,8917.05,0.617
2023-11-11,Spring Launch,Search Ads,26382,616,713.27,44,5252.63,6.364
2023-10-12,Summer Promo,Email,122823,4468,10886.12,404,45113.53,3.144
2023-08-16,Spring Launch,Email,128383,4043,12017.35,354,19842.64,0.651
2023-11-25,Spring Launch,Email,67028,4203,4957.52,122,7685.38,0.55
2023-06-02,Holiday Extravaganza,Influencer,62159,4189,6107.87,413,61433.38,9.058
2023-03-24,Black Friday,Display,70379,4157,10393.28,307,13709.33,0.319
2023-01-11,Black Friday,Email,80052,2803,5167.45,135,23754.11,3.597
2023-05-26,Black Friday,Search Ads,62968,1785,3303.16,165,28003.12,7.478
2023-03-28,Black Friday,Display,34323,1707,2404.17,196,25152.48,9.462
2023-05-28,Spring Launch,Email,7658,506,373.24,33,2974.38,6.969
2023-06-30,Back to School,Email,146582,4258,15132.23,369,36137.54,1.388
2023-03-08,Spring Launch,Social Media,18875,264,236.47,30,4712.17,18.927
2023-08-22,Summer Promo,Email,28191,1073,3657.18,54,5494.18,0.502
2023-10-06,Back to School,Influencer,65926,2341,2561.67,197,7827.99,2.056
2023-03-02,Summer Promo,Email,86247,4194,9844.82,101,10220.31,0.038
2023-03-03,Black Friday,Influencer,100580,6920,5364.46,523,67300.05,11.546
2023-10-16,Holiday Extravaganza,Display,91593,2330,2663.64,146,8580.37,2.221
2023-05-26,Back to School,Display,87887,5021,14934.77,416,58925.3,2.946
2023-03-27,Black Friday,Display,76171,5532,19609.8,504,83190.44,3.242
2023-12-15,Holiday Extravaganza,Display,41869,1997,1899.09,50,7482.92,2.94
2023-08-13,Summer Promo,Display,95959,6917,10685.48,795,129555.44,11.124
2023-01-26,Holiday Extravaganza,Social Media,48214,1293,2749.63,77,13521.79,3.918
2023-04-23,Holiday Extravaganza,Email,127389,6365,17663.16,545,40571.82,1.297
2023-03-06,Back to School,Search Ads,18376,1244,908.35,32,1958.05,1.156
2023-04-21,Spring Launch,Email,81138,2026,7685.03,69,11745.17,0.528
2023-11-19,Summer Promo,Social Media,78959,4952,14642.08,186,8641.27,-0.41
2023-03-26,Black Friday,Social Media,31836,2382,6690.33,223,32228.02,3.817
2023-04-01,Holiday Extravaganza,Display,102137,4484,6490.44,111,4951.28,-0.237
2023-09-05,Black Friday,Display,37175,1083,2045.0,86,3332.65,0.63
2023-05-05,Summer Promo,Social Media,136808,6147,15648.68,729,104814.07,5.698
2023-01-14,Black Friday,Display,102408,6743,8279.82,197,34146.33,3.124
2023-12-23,Holiday Extravaganza,Influencer,145228,8066,10330.99,888,33815.48,2.273
2023-12-25,Black Friday,Email,133379,6678,24547.06,322,56805.19,1.314
2023-03-10,Spring Launch,Influencer,83390,3916,5458.32,448,36008.92,5.597
2023-04-13,Summer Promo,Social Media,13103,796,2076.63,73,11574.69,4.574
2023-10-19,Spring Launch,Social Media,143114,6197,14463.69,244,10176.92,-0.296
2023-02-07,Black Friday,Influencer,124921,4195,12190.21,149,23154.18,0.899
2023-09-12,Back to School,Influencer,76143,3900,11593.85,183,21299.6,0.837
2023-10-25,Black Friday,Search Ads,57243,1856,4184.81,203,11306.48,1.702
2023-01-22,Holiday Extravaganza,Search Ads,11993,152,113.83,13,596.64,4.242
2023-06-24,Black Friday,Influencer,40045,2492,6098.08,72,9086.85,0.49
2023-03-19,Spring Launch,Social Media,93065,5954,6678.1,168,22875.11,2.425
2023-02-20,Holiday Extravaganza,Social Media,99635,5621,17165.0,150,18850.75,0.098
2023-06-02,Holiday Extravaganza,Display,55582,3249,1147.87,137,10679.34,8.304
2023-07-02,Back to School,Social Media,147399,10475,7180.28,352,31357.64,3.367
2023-12-18,Summer Promo,Influencer,74200,2363,2008.46,52,8876.31,3.419
2023-08-03,Back to School,Display,32471,1036,1424.19,46,3841.66,1.697
2023-04-17,Summer Promo,Email,111262,1939,3916.68,109,15395.62,2.931
2023-02-11,Spring Launch,Email,85858,6354,2644.92,610,80161.26,29.308
2023-08-23,Summer Promo,Email,55147,1521,5021.54,60,6686.42,0.332
2023-01-28,Summer Promo,Search Ads,39233,851,2129.45,29,1082.33,-0.492
2023-01-03,Holiday Extravaganza,Social Media,60197,1957,6718.26,187,19972.66,1.973
2023-12-15,Black Friday,Social Media,12580,360,977.58,9,1277.22,0.307
2023-09-22,Black Friday,Email,82816,4974,12744.78,358,31204.64,1.448
2023-04-29,Spring Launch,Influencer,9901,223,231.28,4,304.18,0.315
2023-06-06,Summer Promo,Email,132472,6800,8362.32,520,49515.06,4.921
2023-04-18,Holiday Extravaganza,Influencer,93022,4399,12049.9,499,32180.63,1.671
2023-03-14,Black Friday,Email,40067,1478,537.52,66,11061.74,19.579
2023-07-16,Holiday Extravaganza,Influencer,29885,844,1327.24,29,2200.9,0.658
2023-01-20,Holiday Extravaganza,Search Ads,73384,4900,16091.81,310,11605.6,-0.279
2023-01-18,Back to School,Social Media,110232,6054,20436.5,597,60355.48,1.953
2023-08-16,Black Friday,Email,40408,684,2462.95,23,1457.99,-0.408
2023-02-16,Summer Promo,Influencer,37436,1508,3855.15,97,7436.25,0.929
2023-06-27,Summer Promo,Search Ads,111966,8286,30879.57,921,154419.66,4.001
2023-08-03,Back to School,Display,126340,7824,9807.74,375,52327.92,4.335
2023-10-25,Black Friday,Social Media,72662,3357,6139.77,223,16322.3,1.658
2023-04-08,Holiday Extravaganza,Display,83208,2155,3061.62,150,6896.81,1.253
2023-07-24,Black Friday,Search Ads,56576,1844,3028.14,214,16735.26,4.527
2023-03-25,Holiday Extravaganza,Social Media,117523,6788,16359.93,237,27378.46,0.674
2023-05-27,Back to School,Display,116588,5274,17225.75,109,9583.34,-0.444
2023-03-20,Spring Launch,Social Media,112344,4669,8114.3,408,47564.05,4.862
2023-08-07,Back to School,Search Ads,2725,86,82.75,3,134.34,0.623
2023-02-22,Black Friday,Email,66247,2051,6571.52,92,11996.27,0.825
2023-05-23,Summer Promo,Search Ads,149284,8167,14733.05,969,78363.91,4.319
2023-03-21,Holiday Extravaganza,Email,123331,8837,28724.53,532,30431.37,0.059
2023-09-19,Holiday Extravaganza,Search Ads,81948,5167,9962.7,481,75677.22,6.596
2023-10-09,Summer Promo,Email,141939,4661,5250.7,465,60132.66,10.452
2023-02-15,Holiday Extravaganza,Influencer,120118,7504,14103.9,746,45179.39,2.203
2023-08-25,Black Friday,Influencer,68294,2607,6552.73,199,26095.41,2.982
2023-07-05,Black Friday,Email,140272,4762,6826.64,268,14992.49,1.196
2023-12-05,Spring Launch,Email,42253,2551,6242.04,117,13766.23,1.205
2023-09-02,Summer Promo,Social Media,29973,514,1454.62,38,4413.99,2.034
2023-02-26,Holiday Extravaganza,Email,119187,8145,17049.06,251,21263.76,0.247
2023-03-14,Holiday Extravaganza,Display,68523,4896,14776.68,477,54642.97,2.698
2023-07-08,Black Friday,Influencer,82789,4951,16564.58,269,21987.92,0.327
2023-12-24,Back to School,Influencer,63127,1344,832.94,110,18681.76,21.429
2023-01-28,Spring Launch,Display,95629,6685,4994.09,464,23925.95,3.791
2023-09-15,Holiday Extravaganza,Email,119290,6138,8215.12,264,34190.89,3.162
2023-05-28,Summer Promo,Search Ads,24868,1479,5069.46,90,9980.99,0.969
2023-07-26,Black Friday,Search Ads,4925,172,171.91,17,1158.76,5.741
2023-05-01,Black Friday,Social Media,137966,8200,22384.56,653,50065.66,1.237
2023-12-16,Holiday Extravaganza,Influencer,50407,2366,874.38,125,18126.2,19.73
2023-01-29,Spring Launch,Influencer,93961,4248,14233.83,437,65965.64,3.634
2023-08-08,Spring Launch,Social Media,54525,2026,1967.75,224,34302.79,16.432
2023-01-18,Back to School,Display,23048,547,1527.04,26,3489.09,1.285
2023-09-11,Summer Promo,Display,51482,1313,853.43,57,3834.63,3.493
2023-03-26,Spring Launch,Email,138255,5069,6941.57,322,57738.9,7.318
2023-04-04,Spring Launch,Display,136821,6886,21475.55,716,112453.84,4.236
2023-11-12,Back to School,Search Ads,57860,1009,2080.02,35,3744.44,0.8
2023-06-23,Holiday Extravaganza,Social Media,121982,8869,17809.67,919,139301.92,6.822
2023-05-11,Back to School,Influencer,29900,684,800.48,15,2694.75,2.366
2023-07-20,Holiday Extravaganza,Display,20373,450,1364.05,34,1809.47,0.327
2023-02-03,Back to School,Display,34108,630,1249.3,36,3503.0,1.804
2023-07-26,Black Friday,Search Ads,84734,2863,7637.52,75,6708.97,-0.122
2023-06-18,Back to School,Email,134710,10057,28326.24,233,33820.61,0.194
2023-04-22,Spring Launch,Influencer,128959,9574,10593.86,269,35725.54,2.372
2023-06-21,Spring Launch,Display,93542,1421,3387.37,31,2419.09,-0.286
2023-11-30,Spring Launch,Search Ads,124105,7902,22098.69,190,25302.42,0.145
2023-03-29,Holiday Extravaganza,Email,59403,4125,2683.52,472,55143.89,19.549
2023-11-09,Black Friday,Social Media,71114,1349,1859.24,139,14128.68,6.599
2023-11-28,Summer Promo,Email,70907,4590,5104.02,290,14215.32,1.785
2023-12-26,Holiday Extravaganza,Search Ads,33124,2465,1179.94,215,21276.16,17.032
2023-11-12,Black Friday,Search Ads,3569,86,205.73,2,285.88,0.39
2023-04-04,Summer Promo,Influencer,95353,4649,7385.84,345,46145.29,5.248
2023-02-15,Holiday Extravaganza,Search Ads,46400,622,1538.35,70,11635.76,6.564
2023-12-11,Summer Promo,Display,54991,2289,8582.41,133,17167.92,1.0
2023-09-10,Spring Launch,Search Ads,111110,6407,4060.73,144,23206.42,4.715
2023-12-23,Black Friday,Display,43561,2705,6751.21,269,34917.1,4.172
2023-05-15,Black Friday,Display,15335,384,934.19,42,2835.93,2.036
2023-02-20,Spring Launch,Influencer,8987,620,231.31,28,1524.79,5.592
2023-04-28,Holiday Extravaganza,Display,5921,287,641.93,25,4496.06,6.004
2023-09-22,Back to School,Search Ads,25134,1634,3085.65,141,8786.09,1.847
2023-02-19,Back to School,Social Media,104547,6829,13587.34,345,41334.99,2.042
2023-12-12,Summer Promo,Display,149109,6089,21783.62,247,10842.76,-0.502
2023-01-15,Spring Launch,Influencer,131308,2646,8747.93,228,13427.09,0.535
2023-08-06,Summer Promo,Influencer,102466,7313,22582.18,167,18131.33,-0.197
2023-07-30,Back to School,Social Media,122928,6908,4374.59,692,124141.2,27.378
2023-10-12,Spring Launch,Social Media,49813,2662,3523.86,198,19918.92,4.653
2023-11-23,Black Friday,Influencer,12243,285,248.74,22,2257.62,8.076
2023-09-28,Black Friday,Social Media,92758,6075,17598.83,369,55306.83,2.143
2023-09-23,Black Friday,Influencer,120879,4459,5424.24,110,10006.92,0.845
2023-02-03,Holiday Extravaganza,Search Ads,65246,3320,9255.94,277,43913.45,3.744
2023-07-16,Spring Launch,Influencer,75060,5351,16969.75,589,70000.08,3.125
2023-07-20,Back to School,Display,27849,1042,2453.46,73,8678.54,2.537
2023-01-27,Spring Launch,Social Media,49171,1542,3209.93,40,3187.64,-0.007
2023-09-22,Back to School,Social Media,56859,1722,3997.16,141,16130.09,3.035
2023-05-29,Spring Launch,Social Media,23510,718,481.68,20,900.97,0.87
2023-07-28,Back to School,Email,115161,4397,6386.73,485,53905.45,7.44
2023-06-24,Holiday Extravaganza,Display,27371,1642,2879.07,44,2459.79,-0.146
2023-08-20,Back to School,Influencer,46165,1139,3929.83,126,6094.13,0.551
2023-03-21,Summer Promo,Email,3912,82,40.1,3,112.15,1.797
2023-07-12,Spring Launch,Email,88683,6492,4399.82,254,23204.8,4.274
2023-10-25,Back to School,Search Ads,93904,3857,1665.04,387,63728.49,37.274
2023-09-14,Black Friday,Social Media,108839,1649,4955.95,143,5432.03,0.096
2023-05-08,Spring Launch,Influencer,37628,1356,2250.63,38,2902.2,0.29
2023-10-09,Summer Promo,Email,52101,1674,613.87,76,8699.94,13.172
2023-07-29,Holiday Extravaganza,Search Ads,63790,3110,8512.75,187,12587.78,0.479
2023-04-29,Holiday Extravaganza,Email,111915,8156,17205.44,830,61517.25,2.575
2023-11-28,Spring Launch,Social Media,28711,1083,3728.29,32,4022.08,0.079
2023-05-26,Spring Launch,Influencer,64141,1060,651.09,119,11124.61,16.086
2023-05-25,Back to School,Social Media,91860,1940,4705.36,52,2438.57,-0.482
2023-09-30,Black Friday,Email,44069,1066,2417.8,105,15191.58,5.283
2023-04-18,Holiday Extravaganza,Search Ads,67044,3380,5689.9,405,37319.35,5.559
2023-09-03,Black Friday,Email,81232,5090,9825.84,357,53575.88,4.453
2023-06-17,Summer Promo,Email,131278,4580,10069.0,401,25742.82,1.557
2023-04-22,Back to School,Display,26597,673,2027.02,61,8297.21,3.093
2023-10-22,Summer Promo,Search Ads,25748,743,1996.18,82,11240.19,4.631
2023-05-30,Holiday Extravaganza,Display,3434,194,322.34,11,943.12,1.926
2023-10-20,Back to School,Email,118586,6953,4384.47,712,85490.71,18.499
2023-03-08,Back to School,Email,30155,403,811.31,37,4483.13,4.526
2023-07-05,Spring Launch,Search Ads,95141,3747,2660.62,301,14604.03,4.489
2023-08-06,Spring Launch,Display,9399,679,393.09,78,13631.43,33.678
2023-03-18,Holiday Extravaganza,Search Ads,123236,2098,5118.85,147,13379.41,1.614
2023-05-23,Summer Promo,Influencer,60710,1859,3147.04,68,3146.47,-0.0
2023-06-25,Summer Promo,Search Ads,60337,2365,3929.61,224,9996.1,1.544
2023-02-11,Spring Launch,Email,122299,6645,16874.45,609,46360.51,1.747
2023-04-20,Holiday Extravaganza,Search Ads,80863,1138,1722.79,66,4305.17,1.499
2023-06-30,Spring Launch,Email,31341,1025,1726.62,53,7894.81,3.572
2023-11-22,Back to School,Social Media,42096,628,1322.18,28,4979.92,2.766
2023-12-08,Spring Launch,Email,125980,7026,26673.28,400,24836.64,-0.069
2023-05-24,Back to School,Search Ads,13907,360,931.72,39,1471.49,0.579
2023-07-04,Summer Promo,Social Media,78630,4794,11662.16,567,86795.75,6.443
2023-06-30,Holiday Extravaganza,Email,5556,224,142.61,25,1080.93,6.58
2023-08-01,Spring Launch,Email,146391,1805,6644.36,208,10836.97,0.631
2023-05-13,Summer Promo,Display,37959,2010,7551.73,53,6038.16,-0.2
2023-04-09,Black Friday,Influencer,84361,4259,4381.46,313,23762.84,4.423
2023-06-09,Spring Launch,Influencer,62171,4472,5132.88,285,27804.58,4.417
2023-04-01,Summer Promo,Influencer,98493,6818,9270.37,466,77015.2,7.308
2023-11-18,Back to School,Social Media,118825,8791,16335.16,786,39686.31,1.43
2023-03-16,Black Friday,Display,111803,5006,16510.36,530,50194.4,2.04
2023-06-28,Holiday Extravaganza,Email,101614,6420,23005.07,583,53802.15,1.339
2023-11-21,Back to School,Search Ads,30040,2037,7210.14,101,9337.88,0.295
2023-03-13,Back to School,Search Ads,86448,1074,570.18,75,4148.85,6.276
2023-03-13,Spring Launch,Email,24325,820,1263.5,72,10176.43,7.054
2023-05-17,Holiday Extravaganza,Influencer,55379,934,1514.59,78,5216.32,2.444
2023-08-05,Holiday Extravaganza,Social Media,49933,1007,961.41,45,3621.91,2.767
2023-10-18,Back to School,Search Ads,121753,7000,11291.36,181,27411.27,1.428
2023-05-15,Back to School,Display,48303,672,2317.1,61,8985.37,2.878
2023-10-08,Spring Launch,Social Media,142111,4962,14814.05,207,9311.86,-0.371
2023-09-09,Back to School,Search Ads,90912,2928,7609.91,64,10884.28,0.43
2023-04-07,Black Friday,Email,85966,4220,4561.97,342,16311.92,2.576
2023-04-18,Spring Launch,Search Ads,51754,1833,2418.6,105,13997.37,4.787
2023-07-26,Back to School,Display,90864,2589,2842.72,309,38780.2,12.642
2023-08-11,Spring Launch,Email,22489,1282,3659.49,71,5041.39,0.378
2023-07-26,Summer Promo,Display,59625,1004,691.86,52,8318.64,11.024
2023-02-26,Summer Promo,Influencer,29017,915,1732.36,18,2443.09,0.41
2023-10-18,Spring Launch,Display,43822,3159,4922.38,376,35604.2,6.233
2023-12-25,Spring Launch,Email,149374,3134,2277.37,73,3073.87,0.35
2023-07-29,Holiday Extravaganza,Social Media,67974,2088,887.15,67,3790.13,3.272
2023-03-22,Spring Launch,Email,87097,2232,3192.88,263,34470.32,9.796
2023-04-24,Summer Promo,Search Ads,86974,3167,1446.6,134,14493.46,9.019
2023-09-17,Summer Promo,Search Ads,107845,2656,6854.35,162,12253.92,0.788
2023-07-11,Holiday Extravaganza,Influencer,55065,1864,3640.44,205,34592.48,8.502
2023-06-17,Black Friday,Email,20290,1426,2487.15,41,6266.54,1.52
2023-12-18,Black Friday,Influencer,129802,2857,6341.64,228,17926.51,1.827
2023-01-18,Holiday Extravaganza,Email,106646,5456,10368.28,628,57890.3,4.583
2023-04-19,Back to School,Search Ads,69770,2325,7750.64,208,32143.14,3.147
2023-06-06,Spring Launch,Social Media,103052,5540,8991.87,570,33738.84,2.752
2023-06-03,Summer Promo,Display,75028,4320,3979.31,238,28722.82,6.218
2023-11-21,Summer Promo,Email,41598,2104,6284.39,57,8366.53,0.331
2023-05-16,Black Friday,Social Media,94454,2424,8151.62,254,38646.12,3.741
2023-12-25,Summer Promo,Social Media,3549,159,356.17,14,1875.31,4.265
2023-07-13,Summer Promo,Search Ads,48821,2536,6811.21,156,12339.43,0.812
2023-09-16,Spring Launch,Email,99329,7265,18759.4,510,45039.66,1.401
2023-03-16,Holiday Extravaganza,Email,67817,3335,2864.72,90,12255.73,3.278
2023-02-16,Holiday Extravaganza,Display,93275,2671,9209.49,110,8312.26,-0.097
2023-09-29,Back to School,Email,27914,1010,703.28,110,10652.4,14.147
2023-05-30,Black Friday,Email,107926,7190,26162.98,316,36046.2,0.378
2023-11-15,Summer Promo,Display,132346,4861,7006.76,497,23413.83,2.342
2023-02-24,Spring Launch,Search Ads,99330,6248,18474.31,585,26027.14,0.409
2023-02-19,Back to School,Influencer,124470,5351,18493.63,346,21806.89,0.179
2023-10-08,Back to School,Email,104479,3503,5517.63,290,46998.24,7.518
2023-03-01,Spring Launch,Influencer,60965,4208,14426.15,501,77532.63,4.374
2023-05-11,Spring Launch,Search Ads,59926,1276,3923.19,34,3647.43,-0.07
2023-02-21,Black Friday,Search Ads,97162,3086,4985.59,131,10518.64,1.11
2023-01-07,Spring Launch,Social Media,29577,1239,2044.06,43,5605.78,1.742
2023-09-24,Black Friday,Display,39839,2272,5834.23,159,13706.95,1.349
2023-02-17,Holiday Extravaganza,Display,76149,3544,2141.98,244,40236.88,17.785
2023-04-26,Holiday Extravaganza,Email,51589,2484,6340.43,89,4036.15,-0.363
2023-01-19,Back to School,Social Media,109539,5233,9570.21,627,60741.57,5.347
2023-05-12,Black Friday,Display,16268,413,617.81,25,1147.5,0.857
2023-03-19,Holiday Extravaganza,Social Media,76219,1710,2530.19,182,27072.98,9.7
2023-02-19,Spring Launch,Email,117985,6205,18393.16,333,17702.35,-0.038
2023-01-14,Holiday Extravaganza,Email,83330,4806,3777.27,129,5487.85,0.453
2023-04-07,Holiday Extravaganza,Social Media,104541,6794,23224.56,515,35526.9,0.53
2023-06-23,Holiday Extravaganza,Email,18855,1019,2307.2,54,2481.73,0.076
2023-02-25,Back to School,Display,26962,1557,2003.94,31,4740.59,1.366
2023-11-25,Back to School,Influencer,31642,2079,3812.68,157,11418.53,1.995
2023-04-04,Summer Promo,Influencer,77272,1323,2023.59,28,2231.75,0.103
2023-08-15,Back to School,Email,41490,1739,1609.99,124,10033.49,5.232
2023-04-06,Back to School,Search Ads,137820,2912,10426.92,192,29802.65,1.858
2023-06-16,Back to School,Display,28146,1574,4145.53,129,21035.81,4.074
2023-03-08,Spring Launch,Influencer,125459,5349,13335.19,253,34465.46,1.585
2023-09-12,Holiday Extravaganza,Email,49648,1102,4018.64,41,2675.32,-0.334
2023-10-03,Spring Launch,Display,17521,739,2144.01,26,986.36,-0.54
2023-02-12,Holiday Extravaganza,Influencer,45078,2355,3748.2,226,24873.2,5.636
2023-03-14,Summer Promo,Influencer,119864,2953,5025.34,191,6902.87,0.374
2023-02-23,Spring Launch,Influencer,126836,3748,1815.26,278,9972.91,4.494
2023-02-11,Black Friday,Influencer,22940,1014,3289.28,48,6192.85,0.883
2023-04-23,Back to School,Influencer,97314,1479,2170.08,122,9762.54,3.499
2023-08-18,Holiday Extravaganza,Influencer,88772,1112,1315.67,58,4789.48,2.64
2023-08-12,Back to School,Display,40365,2046,4081.12,90,5051.11,0.238
2023-12-22,Black Friday,Influencer,117640,3687,1731.02,395,55644.33,31.145
2023-05-02,Spring Launch,Social Media,78758,3752,13536.18,100,13489.1,-0.003
2023-11-05,Summer Promo,Social Media,132426,8741,32285.41,736,43622.61,0.351
2023-06-25,Back to School,Email,45772,1943,6047.23,147,17090.01,1.826
2023-06-25,Holiday Extravaganza,Social Media,14646,465,1468.91,9,709.68,-0.517
2023-12-10,Spring Launch,Email,142089,8581,27731.71,961,108509.26,2.913
2023-09-05,Back to School,Influencer,1683,35,43.67,1,100.89,1.31
2023-11-04,Spring Launch,Display,97821,2986,1519.31,153,26823.29,16.655
2023-10-06,Back to School,Display,52206,2646,8511.47,86,9985.76,0.173
2023-07-27,Black Friday,Influencer,101354,2499,3532.26,279,28922.46,7.188
2023-09-01,Holiday Extravaganza,Search Ads,59598,2251,4064.84,217,19358.02,3.762
2023-05-30,Back to School,Search Ads,94515,2788,9223.5,170,27168.32,1.946
2023-09-19,Black Friday,Email,111755,4434,10806.24,230,41013.54,2.795
2023-03-21,Spring Launch,Social Media,6640,272,728.39,16,1145.51,0.573
2023-08-04,Holiday Extravaganza,Display,42774,2426,8521.54,150,20334.33,1.386
2023-10-27,Black Friday,Display,77801,3926,14379.31,447,18291.09,0.272
2023-07-17,Black Friday,Email,123988,4616,11577.07,425,58684.47,4.069
2023-12-08,Holiday Extravaganza,Search Ads,8919,460,230.81,20,1848.19,7.007
2023-09-29,Spring Launch,Influencer,1776,118,342.26,3,382.43,0.117
2023-08-01,Back to School,Search Ads,44591,1663,3835.53,51,6407.92,0.671
2023-12-09,Black Friday,Social Media,61477,4191,5039.33,302,31898.44,5.33
2023-02-03,Black Friday,Display,149351,10642,27523.95,336,29733.84,0.08
2023-03-21,Spring Launch,Social Media,141363,4626,8660.86,228,11871.11,0.371
2023-09-05,Holiday Extravaganza,Social Media,73566,3596,5353.25,219,19276.68,2.601
2023-04-13,Black Friday,Social Media,44199,2958,1557.81,237,16111.25,9.342
2023-12-22,Holiday Extravaganza,Influencer,56322,2478,6553.58,168,29912.08,3.564
2023-04-24,Back to School,Social Media,37435,1805,897.74,169,12964.13,13.441
2023-07-05,Holiday Extravaganza,Search Ads,83124,2932,1243.24,189,24206.86,18.471
2023-01-02,Holiday Extravaganza,Display,71213,4421,8825.93,370,58412.95,5.618
2023-09-18,Summer Promo,Social Media,29296,1005,2455.59,109,6619.88,1.696
2023-01-17,Spring Launch,Influencer,109090,6967,3259.24,327,21961.44,5.738
2023-06-26,Back to School,Search Ads,72598,3974,9244.09,384,17870.3,0.933
2023-08-17,Back to School,Email,67470,3705,10851.18,294,46881.97,3.32
2023-07-20,Back to School,Influencer,4793,337,606.74,26,3656.95,5.027
2023-01-31,Back to School,Email,110957,6925,25216.83,258,22778.18,-0.097
2023-10-16,Black Friday,Influencer,15709,1021,1552.39,29,2815.87,0.814
2023-10-01,Black Friday,Display,49005,2180,4856.83,162,13141.66,1.706
2023-04-13,Back to School,Influencer,139177,3846,13214.03,435,33676.64,1.549
2023-09-20,Summer Promo,Search Ads,148722,4207,5936.57,312,45587.65,6.679
2023-07-29,Holiday Extravaganza,Display,144248,6221,23134.2,150,24917.51,0.077
2023-09-21,Summer Promo,Social Media,107019,4475,8486.98,391,35168.22,3.144
2023-07-03,Summer Promo,Social Media,23893,341,1107.65,10,1347.63,0.217
2023-10-10,Back to School,Influencer,61548,3078,6359.92,163,6257.05,-0.016
2023-02-18,Holiday Extravaganza,Display,24684,694,738.75,64,8815.45,10.933
2023-05-21,Summer Promo,Search Ads,56931,3052,3676.92,84,8190.33,1.227
2023-08-07,Back to School,Social Media,101025,1720,6082.35,81,7688.58,0.264
2023-11-27,Black Friday,Influencer,61014,3256,8662.77,281,24078.35,1.78
2023-07-03,Holiday Extravaganza,Search Ads,146066,2031,7190.81,108,7728.47,0.075
2023-04-29,Back to School,Email,76389,1451,2371.43,132,7132.8,2.008
2023-03-14,Summer Promo,Display,145829,4829,4141.96,578,81779.2,18.744
2023-05-01,Back to School,Search Ads,45934,2806,3140.15,79,6983.22,1.224
2023-03-15,Back to School,Display,27846,704,1205.5,56,5002.34,3.15
2023-05-22,Black Friday,Email,147379,9774,36598.48,1021,151165.27,3.13
2023-04-23,Holiday Extravaganza,Social Media,27137,841,1163.93,44,7520.95,5.462
2023-07-28,Spring Launch,Search Ads,8735,129,270.26,10,601.68,1.226
2023-11-26,Black Friday,Display,3465,50,144.1,2,331.15,1.298
2023-01-25,Spring Launch,Search Ads,108190,2300,6079.88,202,14309.3,1.354
2023-02-15,Black Friday,Influencer,147941,6817,21422.55,200,12610.72,-0.411
2023-06-20,Holiday Extravaganza,Influencer,23825,979,1888.97,29,4153.93,1.199
2023-07-11,Spring Launch,Email,89762,1657,1940.06,41,2673.15,0.378
2023-07-06,Spring Launch,Search Ads,31600,1591,1878.46,138,14947.83,6.957
2023-02-27,Holiday Extravaganza,Email,110981,4221,14613.9,319,37538.21,1.569
2023-10-07,Holiday Extravaganza,Social Media,44666,1498,3636.25,56,9737.28,1.678
2023-06-26,Back to School,Influencer,64243,1641,1595.42,163,10263.05,5.433
2023-01-19,Spring Launch,Email,124096,6443,2529.0,675,51162.69,19.23
2023-02-21,Back to School,Influencer,27732,1422,4247.83,155,24546.37,4.779
2023-12-02,Summer Promo,Influencer,32058,755,487.74,24,1829.14,2.75
2023-02-27,Holiday Extravaganza,Search Ads,93162,5154,18341.47,488,60391.62,2.293
2023-08-12,Back to School,Influencer,33363,565,845.18,37,6235.53,6.378
2023-11-11,Holiday Extravaganza,Email,66345,2722,3322.36,189,29069.36,7.75
2023-01-17,Summer Promo,Email,4869,332,1212.01,8,661.52,-0.454
2023-11-10,Black Friday,Search Ads,75824,1082,776.39,23,2545.23,2.278
2023-10-27,Holiday Extravaganza,Email,9676,592,1331.39,57,8287.89,5.225
2023-09-12,Holiday Extravaganza,Social Media,122838,2219,858.33,178,14125.96,15.457
2023-10-31,Back to School,Display,145714,8489,10109.6,264,14800.22,0.464
2023-08-11,Back to School,Influencer,109974,3164,4326.25,295,24957.75,4.769
2023-02-17,Holiday Extravaganza,Email,123474,3523,12317.41,99,11508.66,-0.066
2023-06-27,Black Friday,Search Ads,91195,3873,7590.32,169,26274.32,2.462
2023-03-02,Black Friday,Display,120776,6773,18365.6,627,79626.32,3.336
2023-05-23,Back to School,Social Media,149693,8708,8579.34,744,41202.0,3.802
2023-04-21,Black Friday,Display,105398,1778,2679.71,174,18090.08,5.751
2023-07-05,Summer Promo,Email,60155,2135,7016.77,186,27768.58,2.957
2023-03-19,Holiday Extravaganza,Search Ads,139078,7875,13958.33,623,33000.82,1.364
2023-08-19,Summer Promo,Influencer,133803,1738,4504.94,62,5964.15,0.324
2023-08-10,Back to School,Influencer,77282,1595,4982.1,142,5981.51,0.201
2023-08-18,Spring Launch,Email,120560,5409,20242.74,598,97678.69,3.825
2023-02-02,Holiday Extravaganza,Social Media,8832,394,725.28,27,2526.87,2.484
2023-10-04,Summer Promo,Display,68032,4018,11089.5,113,6538.23,-0.41
2023-07-24,Back to School,Search Ads,40859,1418,2538.59,129,10376.16,3.087
2023-10-06,Summer Promo,Influencer,59136,3015,10215.79,229,39399.08,2.857
2023-07-24,Holiday Extravaganza,Influencer,119812,3361,10206.38,120,17126.99,0.678
2023-11-05,Holiday Extravaganza,Social Media,30114,1340,4160.99,144,6522.87,0.568
2023-08-04,Holiday Extravaganza,Email,77974,5051,10628.4,513,87505.85,7.233
2023-05-26,Spring Launch,Search Ads,50122,1232,4625.71,39,2614.15,-0.435
2023-07-09,Holiday Extravaganza,Influencer,13949,422,1547.77,26,4142.0,1.676
2023-03-10,Spring Launch,Influencer,79332,4250,10143.51,311,52490.02,4.175
2023-06-04,Summer Promo,Social Media,98722,5650,11461.22,609,41808.4,2.648
2023-03-04,Spring Launch,Social Media,2811,147,219.06,13,1055.1,3.816
2023-11-14,Holiday Extravaganza,Search Ads,137355,7804,9259.63,589,102352.43,10.054
2023-01-19,Black Friday,Display,19498,913,1673.1,77,5805.78,2.47
2023-06-18,Holiday Extravaganza,Search Ads,92426,2193,4665.68,248,22086.48,3.734
2023-02-25,Summer Promo,Email,129022,2745,7482.46,86,8836.26,0.181
2023-03-11,Back to School,Social Media,95207,1162,3501.96,59,2560.32,-0.269
2023-12-13,Summer Promo,Social Media,34362,753,2118.62,43,4926.81,1.325
2023-05-26,Black Friday,Email,2092,97,212.2,7,1141.09,4.377
2023-06-14,Black Friday,Social Media,41572,2539,4231.46,243,26101.63,5.168
2023-05-09,Black Friday,Display,73428,4010,10608.82,201,20336.09,0.917
2023-10-08,Back to School,Email,20699,607,1453.88,43,4231.32,1.91
2023-07-14,Back to School,Influencer,20427,623,1762.34,26,2948.73,0.673
2023-11-14,Back to School,Influencer,57594,3239,1238.1,86,11193.95,8.041
2023-10-23,Holiday Extravaganza,Search Ads,54635,1139,1178.25,85,4635.51,2.934
2023-03-01,Spring Launch,Search Ads,140894,4808,8950.6,201,13748.81,0.536
2023-02-23,Summer Promo,Social Media,109956,2926,10764.94,257,39219.93,2.643
2023-05-14,Back to School,Email,85103,5648,6346.52,624,104559.97,15.475
2023-09-20,Back to School,Influencer,138727,7784,19596.5,435,48144.67,1.457
2023-04-17,Summer Promo,Email,107483,2758,10197.78,223,27516.74,1.698
2023-08-03,Back to School,Influencer,149109,2621,1883.7,301,43129.44,21.896
2023-09-13,Black Friday,Social Media,67538,1500,3533.33,108,14322.45,3.054
2023-12-10,Black Friday,Display,133756,8292,7927.01,784,139441.51,16.591
2023-06-08,Spring Launch,Email,65758,2069,4364.26,212,34999.82,7.02
2023-12-15,Black Friday,Influencer,68262,1156,1993.38,84,7020.03,2.522
2023-04-12,Spring Launch,Search Ads,122969,7864,10078.18,817,46736.24,3.637
2023-11-08,Spring Launch,Display,72523,1192,3750.51,136,6849.07,0.826
2023-08-22,Spring Launch,Email,47624,3520,9605.98,207,24883.87,1.59
2023-01-17,Spring Launch,Email,38245,1920,5232.87,63,7258.68,0.387
2023-04-15,Back to School,Email,14227,440,1218.2,39,1694.37,0.391
2023-02-14,Summer Promo,Social Media,145029,9567,12348.23,570,42203.65,2.418
2023-08-12,Black Friday,Display,19421,1200,3482.88,127,6609.26,0.898
2023-07-29,Back to School,Influencer,84341,2095,7020.06,156,7262.75,0.035
2023-10-11,Back to School,Email,41816,1118,1032.31,98,13375.04,11.956
2023-08-26,Summer Promo,Social Media,22499,802,2869.95,85,11876.2,3.138
2023-07-24,Back to School,Influencer,37601,1058,2518.31,35,3804.08,0.511
2023-08-19,Spring Launch,Email,109207,5285,15254.45,429,26050.45,0.708
2023-07-11,Back to School,Display,126157,7606,5038.45,755,91750.07,17.21
2023-03-03,Back to School,Display,45305,2959,1413.72,273,23012.33,15.278
2023-06-21,Holiday Extravaganza,Email,49988,2028,1275.81,208,7499.44,4.878
2023-10-10,Back to School,Search Ads,18386,316,521.82,12,974.04,0.867
2023-09-28,Holiday Extravaganza,Search Ads,146176,3240,5909.65,374,36820.83,5.231
2023-04-22,Holiday Extravaganza,Influencer,87975,4580,9142.58,350,55725.19,5.095
2023-10-29,Black Friday,Email,65134,1413,4808.68,150,15213.42,2.164
2023-02-28,Black Friday,Email,18938,647,953.91,74,9042.32,8.479
2023-12-13,Holiday Extravaganza,Influencer,103056,3549,5774.42,227,34726.58,5.014
2023-11-02,Holiday Extravaganza,Influencer,28758,1214,2435.91,133,9832.04,3.036
2023-01-27,Holiday Extravaganza,Search Ads,108378,5889,13263.65,396,22279.47,0.68
2023-02-21,Summer Promo,Display,146092,9209,5433.12,887,42568.54,6.835
2023-08-28,Holiday Extravaganza,Social Media,63276,3460,6482.09,247,21052.83,2.248
2023-03-28,Black Friday,Search Ads,22530,1383,4704.16,160,12063.16,1.564
2023-08-27,Back to School,Social Media,144763,6921,23650.46,706,113266.02,3.789
2023-05-15,Spring Launch,Email,41331,700,845.86,19,1301.61,0.539
2023-04-12,Spring Launch,Influencer,25122,1530,4503.81,116,5204.53,0.156
2023-01-06,Summer Promo,Social Media,98255,2903,3634.56,248,39241.43,9.797
2023-08-13,Summer Promo,Influencer,24141,1046,3751.7,65,8530.58,1.274
2023-01-07,Black Friday,Search Ads,143168,5132,10172.84,325,44385.69,3.363
2023-09-17,Spring Launch,Search Ads,26445,395,865.25,9,870.95,0.007
2023-07-01,Holiday Extravaganza,Display,54557,3774,13370.96,112,6451.64,-0.517
2023-05-18,Black Friday,Search Ads,74019,4621,14489.65,363,16905.83,0.167
2023-08-01,Summer Promo,Email,30709,2106,5975.75,207,23196.32,2.882
2023-06-11,Holiday Extravaganza,Display,139402,4019,3920.2,382,22956.92,4.856
2023-09-10,Spring Launch,Email,15952,948,746.16,61,6834.1,8.159
2023-03-18,Spring Launch,Email,18065,1042,1625.71,73,12043.56,6.408
2023-01-20,Black Friday,Display,133449,3873,9909.91,316,41651.59,3.203
2023-08-26,Spring Launch,Influencer,9222,652,330.75,58,7703.99,22.292
2023-03-11,Summer Promo,Social Media,79846,2678,3396.45,150,8381.5,1.468
2023-08-31,Black Friday,Social Media,15361,455,1516.38,31,5056.01,2.334
2023-10-05,Spring Launch,Search Ads,111101,4699,5434.33,322,31751.53,4.843
2023-07-06,Spring Launch,Influencer,142275,7363,9839.92,785,38107.9,2.873
2023-10-25,Back to School,Influencer,31481,1172,3420.17,66,2390.42,-0.301
2023-03-20,Black Friday,Social Media,38305,2722,3425.05,262,41462.94,11.106
2023-06-13,Summer Promo,Email,48047,1866,2658.6,66,10335.11,2.887
2023-09-22,Holiday Extravaganza,Email,115743,6112,12119.2,169,21946.66,0.811
2023-08-03,Holiday Extravaganza,Email,3899,106,142.19,6,612.1,3.305
2023-05-12,Spring Launch,Email,27913,1866,5313.7,96,7595.84,0.429
2023-03-03,Back to School,Social Media,98824,4773,17707.01,565,55235.51,2.119
2023-01-27,Back to School,Social Media,18052,535,601.66,21,2319.81,2.856
2023-06-14,Summer Promo,Social Media,70139,1570,3135.87,34,2534.24,-0.192
2023-11-30,Back to School,Social Media,122726,8634,17086.95,509,34314.85,1.008
2023-05-12,Spring Launch,Influencer,105979,7621,24440.2,848,109485.5,3.48
2023-10-16,Spring Launch,Email,112325,4409,12054.05,341,23201.94,0.925
2023-11-29,Holiday Extravaganza,Social Media,110797,2259,5674.8,59,3852.54,-0.321
2023-10-29,Summer Promo,Search Ads,56533,2699,1212.74,312,42963.93,34.427
2023-12-22,Summer Promo,Search Ads,70575,4455,2085.67,294,41444.97,18.871
2023-11-27,Black Friday,Influencer,100804,6012,2650.76,152,19711.57,6.436
2023-10-03,Back to School,Social Media,124197,7764,8036.03,792,73027.43,8.088
2023-03-18,Summer Promo,Display,136551,3109,10855.3,265,9660.49,-0.11
2023-10-27,Black Friday,Search Ads,104410,2746,3358.77,125,15153.65,3.512
2023-08-25,Summer Promo,Influencer,25436,846,589.54,84,14292.07,23.243
2023-11-19,Back to School,Search Ads,134847,4922,10197.36,462,38315.67,2.757
2023-07-02,Spring Launch,Display,106916,6203,16215.67,472,40505.38,1.498
2023-04-23,Back to School,Email,27814,974,3413.4,81,9408.17,1.756
2023-01-18,Black Friday,Display,89185,3839,14494.99,290,35386.24,1.441
2023-11-19,Black Friday,Display,130196,8945,25480.3,952,50426.32,0.979
2023-02-03,Back to School,Influencer,7290,417,1466.48,39,4599.84,2.137
2023-01-20,Spring Launch,Influencer,143779,1757,2607.52,80,7993.55,2.066
2023-08-24,Spring Launch,Social Media,132760,8150,8499.74,515,71597.02,7.423
2023-07-03,Black Friday,Social Media,70192,4981,18838.73,345,49813.02,1.644
2023-03-06,Black Friday,Influencer,24931,1430,4257.84,94,15779.88,2.706
2023-06-16,Holiday Extravaganza,Social Media,117977,1495,1239.45,114,16148.33,12.029
2023-08-17,Back to School,Influencer,49093,644,803.48,33,1706.48,1.124
2023-07-29,Spring Launch,Influencer,67447,1311,478.21,107,16757.85,34.043
2023-09-19,Back to School,Email,64601,4270,11056.35,308,36579.16,2.308
2023-12-18,Back to School,Email,100018,3404,7464.6,143,10831.17,0.451
2023-05-01,Back to School,Search Ads,106122,3013,6428.19,230,16782.19,1.611
2023-06-27,Black Friday,Display,100098,2400,5469.86,114,6537.9,0.195
2023-01-26,Black Friday,Influencer,45353,3230,4196.06,194,11210.7,1.672
2023-06-30,Holiday Extravaganza,Search Ads,141550,5055,17779.79,158,19999.2,0.125
2023-02-22,Holiday Extravaganza,Influencer,70310,3653,5040.17,322,40220.58,6.98
2023-09-28,Back to School,Search Ads,118664,5459,18689.05,548,46366.12,1.481
2023-02-27,Holiday Extravaganza,Influencer,140309,7279,26557.2,713,104414.33,2.932
2023-12-06,Black Friday,Social Media,124492,6725,12079.33,531,39408.82,2.263
2023-06-16,Black Friday,Search Ads,81170,3811,4989.91,235,18211.33,2.65
2023-02-09,Holiday Extravaganza,Email,90310,2062,4143.37,129,9013.92,1.176
2023-05-10,Black Friday,Social Media,60385,815,538.52,39,3318.7,5.163
2023-06-05,Black Friday,Display,143203,3835,3063.07,300,34089.01,10.129
2023-02-27,Summer Promo,Display,140119,3520,13271.38,288,30310.49,1.284
2023-05-23,Back to School,Display,11647,318,772.4,12,1317.04,0.705
2023-11-04,Summer Promo,Email,9120,435,1386.3,17,1784.55,0.287
2023-12-11,Summer Promo,Search Ads,113636,3207,3154.56,149,26763.98,7.484
2023-04-27,Holiday Extravaganza,Display,88488,1243,1171.45,146,20744.67,16.709
2023-04-30,Black Friday,Social Media,49225,915,1968.14,79,5775.74,1.935
2023-10-31,Back to School,Influencer,68582,2158,7354.49,144,16568.4,1.253
2023-10-05,Back to School,Display,103377,7130,10830.56,230,38829.74,2.585
2023-04-12,Spring Launch,Search Ads,37435,2223,3913.11,118,12567.02,2.212
2023-04-22,Summer Promo,Influencer,123935,4665,4746.25,111,14832.31,2.125
2023-12-11,Back to School,Social Media,45302,850,3097.88,32,5598.4,0.807
2023-04-15,Back to School,Influencer,121017,1466,5541.21,113,6730.91,0.215
2023-09-20,Holiday Extravaganza,Display,133478,3257,1869.09,377,45091.33,23.125
2023-11-14,Holiday Extravaganza,Search Ads,47045,1133,3701.13,47,1709.32,-0.538
2023-03-24,Summer Promo,Email,142682,8008,10009.89,177,24024.72,1.4
2023-03-18,Spring Launch,Search Ads,107144,5775,13159.75,182,12503.68,-0.05
2023-09-14,Back to School,Influencer,56510,1452,2316.51,65,6873.83,1.967
2023-07-01,Back to School,Email,33764,1225,1044.28,113,18357.03,16.579
2023-05-24,Spring Launch,Influencer,49365,3247,6084.91,178,25335.04,3.164
2023-12-03,Holiday Extravaganza,Influencer,134344,2472,1233.56,81,10001.35,7.108
2023-07-16,Spring Launch,Influencer,88902,3049,4220.42,234,15674.11,2.714
2023-04-02,Spring Launch,Search Ads,136132,3242,7584.92,65,7205.13,-0.05
2023-09-09,Holiday Extravaganza,Search Ads,26917,1799,3397.34,199,13184.76,2.881
2023-07-18,Summer Promo,Influencer,17805,323,397.72,29,2235.62,4.621
2023-05-05,Back to School,Display,147398,8678,28939.32,542,40650.14,0.405
2023-12-27,Black Friday,Search Ads,70630,3050,2723.29,80,10782.89,2.96
2023-12-23,Summer Promo,Social Media,29232,819,1244.31,49,4081.81,2.28
2023-11-19,Black Friday,Social Media,69982,4297,9066.16,276,27891.84,2.076
2023-01-26,Black Friday,Display,148963,2157,841.43,49,8538.79,9.148
2023-02-10,Back to School,Influencer,76306,3791,3386.92,82,4389.44,0.296
2023-07-19,Black Friday,Display,141369,5594,11848.81,608,37936.2,2.202
2023-04-10,Summer Promo,Email,46813,2098,7851.36,233,30579.82,2.895
2023-11-07,Spring Launch,Social Media,25684,1428,4797.22,97,5921.7,0.234
2023-04-02,Summer Promo,Search Ads,59278,3785,8474.06,157,8258.2,-0.025
2023-10-22,Summer Promo,Display,26577,1281,1499.82,123,5179.82,2.454
2023-04-26,Summer Promo,Email,51343,3644,7258.62,223,36853.88,4.077
2023-10-29,Summer Promo,Search Ads,26743,1819,1581.95,145,15275.58,8.656
2023-12-17,Spring Launch,Email,72208,3560,5236.64,374,45518.14,7.692
2023-11-18,Summer Promo,Influencer,100489,3180,8052.44,183,14119.26,0.753
2023-08-25,Back to School,Display,97594,6012,19753.33,405,46201.83,1.339
2023-10-01,Black Friday,Search Ads,8766,252,584.38,20,1771.19,2.031
2023-01-19,Back to School,Social Media,121674,3272,3192.77,88,15306.62,3.794
2023-04-01,Holiday Extravaganza,Social Media,106027,6213,5828.92,696,122379.6,19.995
2023-11-25,Spring Launch,Social Media,140095,2698,3087.62,177,9445.39,2.059
2023-04-04,Back to School,Search Ads,39636,2072,3733.01,123,18214.2,3.879
2023-05-07,Holiday Extravaganza,Display,102903,7463,4672.04,435,78089.72,15.714
2023-01-20,Summer Promo,Search Ads,1373,59,87.43,4,237.86,1.721
2023-06-23,Black Friday,Email,25512,1785,4261.92,192,20314.74,3.767
2023-03-21,Back to School,Email,40265,1992,3342.56,204,19404.52,4.805
